<?xml version="1.0" encoding="UTF-8"?>

<CodeSystem xmlns="http://hl7.org/fhir">
  <id value="DDCC-ICD11-CodeSystem"/>
  <text>
    <status value="generated"/><div xmlns="http://www.w3.org/1999/xhtml"><p>This code system <code>http://id.who.int/icd11/mms</code> defines the following codes:</p><table class="codes"><tr><td style="white-space:nowrap"><b>Code</b></td><td><b>Display</b></td></tr><tr><td style="white-space:nowrap">RA01<a name="DDCC-ICD11-CodeSystem-RA01"> </a></td><td>COVID-19 Disease</td></tr><tr><td style="white-space:nowrap">XM68M6<a name="DDCC-ICD11-CodeSystem-XM68M6"> </a></td><td>COVID-19 vaccine</td></tr><tr><td style="white-space:nowrap">XM1NL1<a name="DDCC-ICD11-CodeSystem-XM1NL1"> </a></td><td>COVID-19 vaccine, inactivated virus</td></tr><tr><td style="white-space:nowrap">XM7HT3<a name="DDCC-ICD11-CodeSystem-XM7HT3"> </a></td><td>CoronaVac®</td></tr><tr><td style="white-space:nowrap">XM8866<a name="DDCC-ICD11-CodeSystem-XM8866"> </a></td><td>BBIBP-CorV</td></tr><tr><td style="white-space:nowrap">XM9TQ1<a name="DDCC-ICD11-CodeSystem-XM9TQ1"> </a></td><td>KCONVAC</td></tr><tr><td style="white-space:nowrap">XM1G90<a name="DDCC-ICD11-CodeSystem-XM1G90"> </a></td><td>Covaxin</td></tr><tr><td style="white-space:nowrap">XM85P5<a name="DDCC-ICD11-CodeSystem-XM85P5"> </a></td><td>Covi-Vac</td></tr><tr><td style="white-space:nowrap">XM9FQ7<a name="DDCC-ICD11-CodeSystem-XM9FQ7"> </a></td><td>Hayat-Vax</td></tr><tr><td style="white-space:nowrap">XM97N6<a name="DDCC-ICD11-CodeSystem-XM97N6"> </a></td><td>QazVac</td></tr><tr><td style="white-space:nowrap">XM2YG8<a name="DDCC-ICD11-CodeSystem-XM2YG8"> </a></td><td>COVIran Barakat</td></tr><tr><td style="white-space:nowrap">XM3U61<a name="DDCC-ICD11-CodeSystem-XM3U61"> </a></td><td>Inactivated SARS-CoV-2 vaccine</td></tr><tr><td style="white-space:nowrap">XM5DF6<a name="DDCC-ICD11-CodeSystem-XM5DF6"> </a></td><td>COVID-19 vaccine, live attenuated virus</td></tr><tr><td style="white-space:nowrap">XM9QW8<a name="DDCC-ICD11-CodeSystem-XM9QW8"> </a></td><td>COVID-19 vaccine, non-replicating viral vector</td></tr><tr><td style="white-space:nowrap">XM4YL8<a name="DDCC-ICD11-CodeSystem-XM4YL8"> </a></td><td>COVID-19 Vaccine AstraZeneca</td></tr><tr><td style="white-space:nowrap">XM97T2<a name="DDCC-ICD11-CodeSystem-XM97T2"> </a></td><td>Covishield®</td></tr><tr><td style="white-space:nowrap">XM6QV1<a name="DDCC-ICD11-CodeSystem-XM6QV1"> </a></td><td>COVID-19 Vaccine Janssen</td></tr><tr><td style="white-space:nowrap">XM1AG7<a name="DDCC-ICD11-CodeSystem-XM1AG7"> </a></td><td>Convidecia</td></tr><tr><td style="white-space:nowrap">XM5ZJ4<a name="DDCC-ICD11-CodeSystem-XM5ZJ4"> </a></td><td>Gam-Covid-Vac</td></tr><tr><td style="white-space:nowrap">XM5QM6<a name="DDCC-ICD11-CodeSystem-XM5QM6"> </a></td><td>Sputnik-Light</td></tr><tr><td style="white-space:nowrap">XM0CX4<a name="DDCC-ICD11-CodeSystem-XM0CX4"> </a></td><td>COVID-19 vaccine, replicating viral vector</td></tr><tr><td style="white-space:nowrap">XM5JC5<a name="DDCC-ICD11-CodeSystem-XM5JC5"> </a></td><td>COVID-19 vaccine, virus protein subunit</td></tr><tr><td style="white-space:nowrap">XM3CT4<a name="DDCC-ICD11-CodeSystem-XM3CT4"> </a></td><td>Recombinant SARS-CoV-2 vaccine</td></tr><tr><td style="white-space:nowrap">XM3PG0<a name="DDCC-ICD11-CodeSystem-XM3PG0"> </a></td><td>Soberana-02</td></tr><tr><td style="white-space:nowrap">XM4EC8<a name="DDCC-ICD11-CodeSystem-XM4EC8"> </a></td><td>MVC-COV1901</td></tr><tr><td style="white-space:nowrap">XM6SZ8<a name="DDCC-ICD11-CodeSystem-XM6SZ8"> </a></td><td>EpiVacCorona</td></tr><tr><td style="white-space:nowrap">XM1J92<a name="DDCC-ICD11-CodeSystem-XM1J92"> </a></td><td>COVID-19 vaccine, virus like particle (VLP)</td></tr><tr><td style="white-space:nowrap">XM6AT1<a name="DDCC-ICD11-CodeSystem-XM6AT1"> </a></td><td>COVID-19 vaccine, DNA based</td></tr><tr><td style="white-space:nowrap">XM52P3<a name="DDCC-ICD11-CodeSystem-XM52P3"> </a></td><td>ZyCov-D</td></tr><tr><td style="white-space:nowrap">XM0GQ8<a name="DDCC-ICD11-CodeSystem-XM0GQ8"> </a></td><td>COVID-19 vaccine, RNA based</td></tr><tr><td style="white-space:nowrap">XM8NQ0<a name="DDCC-ICD11-CodeSystem-XM8NQ0"> </a></td><td>Comirnaty®</td></tr><tr><td style="white-space:nowrap">XM3DT5<a name="DDCC-ICD11-CodeSystem-XM3DT5"> </a></td><td>COVID-19 Vaccine Moderna</td></tr><tr><td style="white-space:nowrap">XN109<a name="DDCC-ICD11-CodeSystem-XN109"> </a></td><td>SARS-CoV-2</td></tr><tr><td style="white-space:nowrap">XN0HL<a name="DDCC-ICD11-CodeSystem-XN0HL"> </a></td><td>SARS-CoV-2 Alpha</td></tr><tr><td style="white-space:nowrap">XN4Q7<a name="DDCC-ICD11-CodeSystem-XN4Q7"> </a></td><td>SARS-CoV-2 Beta</td></tr><tr><td style="white-space:nowrap">XN5BQ<a name="DDCC-ICD11-CodeSystem-XN5BQ"> </a></td><td>SARS-CoV-2 Gamma</td></tr><tr><td style="white-space:nowrap">XN8V6<a name="DDCC-ICD11-CodeSystem-XN8V6"> </a></td><td>SARS-CoV-2 Delta</td></tr><tr><td style="white-space:nowrap">XN1GK<a name="DDCC-ICD11-CodeSystem-XN1GK"> </a></td><td>SARS-CoV-2 Epsilon</td></tr><tr><td style="white-space:nowrap">XN3ZE<a name="DDCC-ICD11-CodeSystem-XN3ZE"> </a></td><td>SARS-CoV-2 Zeta</td></tr><tr><td style="white-space:nowrap">XN2V4<a name="DDCC-ICD11-CodeSystem-XN2V4"> </a></td><td>SARS-CoV-2 Eta</td></tr><tr><td style="white-space:nowrap">XN4Q1<a name="DDCC-ICD11-CodeSystem-XN4Q1"> </a></td><td>SARS-CoV-2 Theta</td></tr><tr><td style="white-space:nowrap">XN3UD<a name="DDCC-ICD11-CodeSystem-XN3UD"> </a></td><td>SARS-CoV-2 Iota</td></tr><tr><td style="white-space:nowrap">XN9L8<a name="DDCC-ICD11-CodeSystem-XN9L8"> </a></td><td>SARS-CoV-2 Kappa</td></tr><tr><td style="white-space:nowrap">XN6AM<a name="DDCC-ICD11-CodeSystem-XN6AM"> </a></td><td>SARS-CoV-2 Lambda</td></tr><tr><td style="white-space:nowrap">XN39J<a name="DDCC-ICD11-CodeSystem-XN39J"> </a></td><td>SARS-CoV-2 Mu</td></tr><tr><td style="white-space:nowrap">XN161<a name="DDCC-ICD11-CodeSystem-XN161"> </a></td><td>SARS-CoV-2 Omicron</td></tr><tr><td style="white-space:nowrap">RA01.0<a name="DDCC-ICD11-CodeSystem-RA01.460"> </a></td><td>Detected</td></tr><tr><td style="white-space:nowrap">QA02<a name="DDCC-ICD11-CodeSystem-QA02"> </a></td><td>Not Detected</td></tr></table></div>
  </text>
  <url value="http://id.who.int/icd11/mms"/>
  <version value="1.0.0"/>
  <name value="DDCC_ICD11_CodeSystem"/>
  <title value="DDCC Codes for ICD11"/>
  <status value="active"/>
  <experimental value="false"/>
  <date value="2023-01-11T14:19:24+00:00"/>
  <publisher value="WHO"/>
  <contact>
    <name value="WHO"/>
    <telecom>
      <system value="url"/>
      <value value="http://who.int"/>
    </telecom>
  </contact>
  <description value="ICD11 codes for DDCC so the FHIR server can perform expansions."/>
  <jurisdiction>
    <coding>
      <system value="http://unstats.un.org/unsd/methods/m49/m49.htm"/>
      <code value="001"/>
    </coding>
  </jurisdiction>
  <caseSensitive value="true"/>
  <content value="complete"/>
  <count value="48"/>
  <concept>
    <code value="RA01"/>
    <display value="COVID-19 Disease"/>
  </concept>
  <concept>
    <code value="XM68M6"/>
    <display value="COVID-19 vaccine"/>
  </concept>
  <concept>
    <code value="XM1NL1"/>
    <display value="COVID-19 vaccine, inactivated virus"/>
  </concept>
  <concept>
    <code value="XM7HT3"/>
    <display value="CoronaVac®"/>
  </concept>
  <concept>
    <code value="XM8866"/>
    <display value="BBIBP-CorV"/>
  </concept>
  <concept>
    <code value="XM9TQ1"/>
    <display value="KCONVAC"/>
  </concept>
  <concept>
    <code value="XM1G90"/>
    <display value="Covaxin"/>
  </concept>
  <concept>
    <code value="XM85P5"/>
    <display value="Covi-Vac"/>
  </concept>
  <concept>
    <code value="XM9FQ7"/>
    <display value="Hayat-Vax"/>
  </concept>
  <concept>
    <code value="XM97N6"/>
    <display value="QazVac"/>
  </concept>
  <concept>
    <code value="XM2YG8"/>
    <display value="COVIran Barakat"/>
  </concept>
  <concept>
    <code value="XM3U61"/>
    <display value="Inactivated SARS-CoV-2 vaccine"/>
  </concept>
  <concept>
    <code value="XM5DF6"/>
    <display value="COVID-19 vaccine, live attenuated virus"/>
  </concept>
  <concept>
    <code value="XM9QW8"/>
    <display value="COVID-19 vaccine, non-replicating viral vector"/>
  </concept>
  <concept>
    <code value="XM4YL8"/>
    <display value="COVID-19 Vaccine AstraZeneca"/>
  </concept>
  <concept>
    <code value="XM97T2"/>
    <display value="Covishield®"/>
  </concept>
  <concept>
    <code value="XM6QV1"/>
    <display value="COVID-19 Vaccine Janssen"/>
  </concept>
  <concept>
    <code value="XM1AG7"/>
    <display value="Convidecia"/>
  </concept>
  <concept>
    <code value="XM5ZJ4"/>
    <display value="Gam-Covid-Vac"/>
  </concept>
  <concept>
    <code value="XM5QM6"/>
    <display value="Sputnik-Light"/>
  </concept>
  <concept>
    <code value="XM0CX4"/>
    <display value="COVID-19 vaccine, replicating viral vector"/>
  </concept>
  <concept>
    <code value="XM5JC5"/>
    <display value="COVID-19 vaccine, virus protein subunit"/>
  </concept>
  <concept>
    <code value="XM3CT4"/>
    <display value="Recombinant SARS-CoV-2 vaccine"/>
  </concept>
  <concept>
    <code value="XM3PG0"/>
    <display value="Soberana-02"/>
  </concept>
  <concept>
    <code value="XM4EC8"/>
    <display value="MVC-COV1901"/>
  </concept>
  <concept>
    <code value="XM6SZ8"/>
    <display value="EpiVacCorona"/>
  </concept>
  <concept>
    <code value="XM1J92"/>
    <display value="COVID-19 vaccine, virus like particle (VLP)"/>
  </concept>
  <concept>
    <code value="XM6AT1"/>
    <display value="COVID-19 vaccine, DNA based"/>
  </concept>
  <concept>
    <code value="XM52P3"/>
    <display value="ZyCov-D"/>
  </concept>
  <concept>
    <code value="XM0GQ8"/>
    <display value="COVID-19 vaccine, RNA based"/>
  </concept>
  <concept>
    <code value="XM8NQ0"/>
    <display value="Comirnaty®"/>
  </concept>
  <concept>
    <code value="XM3DT5"/>
    <display value="COVID-19 Vaccine Moderna"/>
  </concept>
  <concept>
    <code value="XN109"/>
    <display value="SARS-CoV-2"/>
  </concept>
  <concept>
    <code value="XN0HL"/>
    <display value="SARS-CoV-2 Alpha"/>
  </concept>
  <concept>
    <code value="XN4Q7"/>
    <display value="SARS-CoV-2 Beta"/>
  </concept>
  <concept>
    <code value="XN5BQ"/>
    <display value="SARS-CoV-2 Gamma"/>
  </concept>
  <concept>
    <code value="XN8V6"/>
    <display value="SARS-CoV-2 Delta"/>
  </concept>
  <concept>
    <code value="XN1GK"/>
    <display value="SARS-CoV-2 Epsilon"/>
  </concept>
  <concept>
    <code value="XN3ZE"/>
    <display value="SARS-CoV-2 Zeta"/>
  </concept>
  <concept>
    <code value="XN2V4"/>
    <display value="SARS-CoV-2 Eta"/>
  </concept>
  <concept>
    <code value="XN4Q1"/>
    <display value="SARS-CoV-2 Theta"/>
  </concept>
  <concept>
    <code value="XN3UD"/>
    <display value="SARS-CoV-2 Iota"/>
  </concept>
  <concept>
    <code value="XN9L8"/>
    <display value="SARS-CoV-2 Kappa"/>
  </concept>
  <concept>
    <code value="XN6AM"/>
    <display value="SARS-CoV-2 Lambda"/>
  </concept>
  <concept>
    <code value="XN39J"/>
    <display value="SARS-CoV-2 Mu"/>
  </concept>
  <concept>
    <code value="XN161"/>
    <display value="SARS-CoV-2 Omicron"/>
  </concept>
  <concept>
    <code value="RA01.0"/>
    <display value="Detected"/>
  </concept>
  <concept>
    <code value="QA02"/>
    <display value="Not Detected"/>
  </concept>
</CodeSystem>