<?xml version="1.0" encoding="UTF-8"?>

<CodeSystem xmlns="http://hl7.org/fhir">
  <id value="DDCC-QR-Type-CodeSystem"/>
  <text>
    <status value="generated"/><div xmlns="http://www.w3.org/1999/xhtml"><p>This code system http://worldhealthorganization.github.io/ddcc/CodeSystem/DDCC-QR-Type-CodeSystem defines the following codes:</p><table class="codes"><tr><td style="white-space:nowrap"><b>Code</b></td><td><b>Display</b></td></tr><tr><td style="white-space:nowrap">who<a name="DDCC-QR-Type-CodeSystem-who"> </a></td><td>WHO DDCC</td></tr><tr><td style="white-space:nowrap">dcc<a name="DDCC-QR-Type-CodeSystem-dcc"> </a></td><td>EU DCC</td></tr><tr><td style="white-space:nowrap">icao<a name="DDCC-QR-Type-CodeSystem-icao"> </a></td><td>ICAO</td></tr><tr><td style="white-space:nowrap">au<a name="DDCC-QR-Type-CodeSystem-au"> </a></td><td>AU</td></tr><tr><td style="white-space:nowrap">shc<a name="DDCC-QR-Type-CodeSystem-shc"> </a></td><td>SMART Health Card</td></tr><tr><td style="white-space:nowrap">divoc<a name="DDCC-QR-Type-CodeSystem-divoc"> </a></td><td>DIVOC</td></tr></table></div>
  </text>
  <url value="http://worldhealthorganization.github.io/ddcc/CodeSystem/DDCC-QR-Type-CodeSystem"/>
  <version value="0.3.1"/>
  <name value="DDCC_QR_Type_CodeSystem"/>
  <title value="DDCC QR Category Usage Codes"/>
  <status value="active"/>
  <date value="2022-03-19T18:10:29+00:00"/>
  <publisher value="WHO"/>
  <contact>
    <name value="WHO"/>
    <telecom>
      <system value="url"/>
      <value value="http://who.int"/>
    </telecom>
  </contact>
  <description value="Possible formats available for QR usage."/>
  <jurisdiction>
    <coding>
      <system value="http://unstats.un.org/unsd/methods/m49/m49.htm"/>
      <code value="001"/>
    </coding>
  </jurisdiction>
  <content value="complete"/>
  <count value="6"/>
  <concept>
    <code value="who"/>
    <display value="WHO DDCC"/>
  </concept>
  <concept>
    <code value="dcc"/>
    <display value="EU DCC"/>
  </concept>
  <concept>
    <code value="icao"/>
    <display value="ICAO"/>
  </concept>
  <concept>
    <code value="au"/>
    <display value="AU"/>
  </concept>
  <concept>
    <code value="shc"/>
    <display value="SMART Health Card"/>
  </concept>
  <concept>
    <code value="divoc"/>
    <display value="DIVOC"/>
  </concept>
</CodeSystem>