<?xml version="1.0" encoding="UTF-8"?>

<ConceptMap xmlns="http://hl7.org/fhir">
  <id value="who-ddcc-map-sct-ichi-specimen-origin"/>
  <text>
    <status value="extensions"/><div xmlns="http://www.w3.org/1999/xhtml"><h2>SNOMED_CT_ICHI_COVID19_Specimen_Origin (http://worldhealthorganization.github.io/ddcc/ConceptMap/WHO_DDCC_Map_ICD11_to_SCT_Test_Result)</h2><p>Mapping from <a href="http://terminology.hl7.org/3.1.0/CodeSystem-v3-snomed-CT.html">http://snomed.info/sct</a> to http://id.who.int/icd/entity</p><p>DRAFT (not intended for production usage). Published on 2022-03-22 by WHO (WHO: <a href="http://who.int">http://who.int</a>). </p><div><p>Rule-based mappings between SNOMED CT and ICHI for COVID-19 Specimen Origin</p>
</div><br/><table class="grid"><tr><td><b>Source Code</b></td><td><b>Relationship</b></td><td><b>Destination Code</b></td></tr><tr><td colspan="3">Mapping from <code>http://id.who.int/icd11/mms</code> to <a href="http://terminology.hl7.org/3.1.0/CodeSystem-v3-snomed-CT.html">SNOMED CT International Edition</a></td></tr><tr><td>RA01.0</td><td><a href="http://hl7.org/fhir/R4/codesystem-concept-map-equivalence.html#equivalent">is equivalent to</a></td><td>1240581000000104 (Severe acute respiratory syndrome coronavirus 2 detected (finding))</td></tr><tr><td>QA02</td><td><a href="http://hl7.org/fhir/R4/codesystem-concept-map-equivalence.html#equivalent">is equivalent to</a></td><td>1240591000000102 (Severe acute respiratory syndrome coronavirus 2 not detected)</td></tr></table><table class="grid"><tr><td><b>Source Code</b></td><td><b>Relationship</b></td><td><b>Destination Code</b></td></tr><tr><td colspan="3">Mapping from <code>http://id.who.int/icd/entity</code> to <a href="http://terminology.hl7.org/3.1.0/CodeSystem-v3-snomed-CT.html">SNOMED CT International Edition</a></td></tr><tr><td>50872817</td><td><a href="http://hl7.org/fhir/R4/codesystem-concept-map-equivalence.html#equivalent">is equivalent to</a></td><td>258500001 (Nasopharyngeal swab)</td></tr><tr><td>555916027</td><td><a href="http://hl7.org/fhir/R4/codesystem-concept-map-equivalence.html#wider">maps to wider concept</a></td><td>461911000124106 (Swab specimen from oropharynx (specimen))</td></tr><tr><td>555916027</td><td><a href="http://hl7.org/fhir/R4/codesystem-concept-map-equivalence.html#wider">maps to wider concept</a></td><td>472881004 (Swab from pharynx)</td></tr><tr><td>608172011</td><td><a href="http://hl7.org/fhir/R4/codesystem-concept-map-equivalence.html#equivalent">is equivalent to</a></td><td>472901003 (Swab from nasal sinus)</td></tr><tr><td>1162766848</td><td><a href="http://hl7.org/fhir/R4/codesystem-concept-map-equivalence.html#equivalent">is equivalent to</a></td><td>119342007 (Saliva specimen)</td></tr><tr><td>1695591348</td><td><a href="http://hl7.org/fhir/R4/codesystem-concept-map-equivalence.html#wider">maps to wider concept</a></td><td>119297000 (Blood specimen)</td></tr><tr><td>1695591348</td><td><a href="http://hl7.org/fhir/R4/codesystem-concept-map-equivalence.html#wider">maps to wider concept</a></td><td>119361006 (Plasma specimen)</td></tr><tr><td>1695591348</td><td><a href="http://hl7.org/fhir/R4/codesystem-concept-map-equivalence.html#wider">maps to wider concept</a></td><td>119364003 (Serum specimen)</td></tr><tr><td>1695591348</td><td><a href="http://hl7.org/fhir/R4/codesystem-concept-map-equivalence.html#wider">maps to wider concept</a></td><td>122592007 (Acellular blood (serum or plasma) specimen)</td></tr></table><table class="grid"><tr><td><b>Source Code</b></td><td><b>Relationship</b></td><td><b>Destination Code</b></td></tr><tr><td colspan="3">Mapping from <a href="http://terminology.hl7.org/3.1.0/CodeSystem-v3-snomed-CT.html">SNOMED CT International Edition</a> to <code>http://id.who.int/icd/entity</code></td></tr><tr><td>258500001 (Nasopharyngeal swab)</td><td><a href="http://hl7.org/fhir/R4/codesystem-concept-map-equivalence.html#equivalent">is equivalent to</a></td><td>50872817</td></tr><tr><td>461911000124106 (Swab specimen from oropharynx (specimen))</td><td><a href="http://hl7.org/fhir/R4/codesystem-concept-map-equivalence.html#equivalent">is equivalent to</a></td><td>555916027</td></tr><tr><td>472881004 (Swab from pharynx)</td><td><a href="http://hl7.org/fhir/R4/codesystem-concept-map-equivalence.html#equivalent">is equivalent to</a></td><td>555916027</td></tr><tr><td>472901003 (Swab from nasal sinus)</td><td><a href="http://hl7.org/fhir/R4/codesystem-concept-map-equivalence.html#equivalent">is equivalent to</a></td><td>608172011</td></tr><tr><td>119342007 (Saliva specimen)</td><td><a href="http://hl7.org/fhir/R4/codesystem-concept-map-equivalence.html#equivalent">is equivalent to</a></td><td>1162766848</td></tr><tr><td>119297000 (Blood specimen)</td><td><a href="http://hl7.org/fhir/R4/codesystem-concept-map-equivalence.html#equivalent">is equivalent to</a></td><td>1695591348</td></tr><tr><td>119361006 (Plasma specimen)</td><td><a href="http://hl7.org/fhir/R4/codesystem-concept-map-equivalence.html#equivalent">is equivalent to</a></td><td>1695591348</td></tr><tr><td>119364003 (Serum specimen)</td><td><a href="http://hl7.org/fhir/R4/codesystem-concept-map-equivalence.html#equivalent">is equivalent to</a></td><td>1695591348</td></tr><tr><td>122592007 (Acellular blood (serum or plasma) specimen)</td><td><a href="http://hl7.org/fhir/R4/codesystem-concept-map-equivalence.html#equivalent">is equivalent to</a></td><td>1695591348</td></tr></table></div>
  </text>
  <url value="http://worldhealthorganization.github.io/ddcc/ConceptMap/WHO_DDCC_Map_ICD11_to_SCT_Test_Result"/>
  <version value="1.0.0"/>
  <name value="SNOMED_CT_ICHI_COVID19_Specimen_Origin"/>
  <title value="ConceptMap from SNOMED CT to ICHI for Specimen Origin"/>
  <status value="draft"/>
  <experimental value="true"/>
  <date value="2022-03-22"/>
  <publisher value="WHO"/>
  <contact>
    <name value="WHO"/>
    <telecom>
      <system value="url"/>
      <value value="http://who.int"/>
    </telecom>
  </contact>
  <description value="Rule-based mappings between SNOMED CT and ICHI for COVID-19 Specimen Origin"/>
  <jurisdiction>
    <coding>
      <system value="http://unstats.un.org/unsd/methods/m49/m49.htm"/>
      <code value="001"/>
    </coding>
  </jurisdiction>
  <sourceCanonical value="http://snomed.info/sct"/>
  <targetCanonical value="http://id.who.int/icd/entity"/>
  <group>
    <source value="http://id.who.int/icd11/mms"/>
    <target value="http://snomed.info/sct"/>
    <element>
      <code value="RA01.0"/>
      <target>
        <code value="1240581000000104"/>
        <equivalence value="equivalent"/>
      </target>
    </element>
    <element>
      <code value="QA02"/>
      <target>
        <code value="1240591000000102"/>
        <equivalence value="equivalent"/>
      </target>
    </element>
  </group>
  <group>
    <source value="http://id.who.int/icd/entity"/>
    <target value="http://snomed.info/sct"/>
    <element>
      <code value="50872817"/>
      <target>
        <code value="258500001"/>
        <equivalence value="equivalent"/>
      </target>
    </element>
    <element>
      <code value="555916027"/>
      <target>
        <code value="461911000124106"/>
        <equivalence value="wider"/>
      </target>
    </element>
    <element>
      <code value="555916027"/>
      <target>
        <code value="472881004"/>
        <equivalence value="wider"/>
      </target>
    </element>
    <element>
      <code value="608172011"/>
      <target>
        <code value="472901003"/>
        <equivalence value="equivalent"/>
      </target>
    </element>
    <element>
      <code value="1162766848"/>
      <target>
        <code value="119342007"/>
        <equivalence value="equivalent"/>
      </target>
    </element>
    <element>
      <code value="1695591348"/>
      <target>
        <code value="119297000"/>
        <equivalence value="wider"/>
      </target>
    </element>
    <element>
      <code value="1695591348"/>
      <target>
        <code value="119361006"/>
        <equivalence value="wider"/>
      </target>
    </element>
    <element>
      <code value="1695591348"/>
      <target>
        <code value="119364003"/>
        <equivalence value="wider"/>
      </target>
    </element>
    <element>
      <code value="1695591348"/>
      <target>
        <code value="122592007"/>
        <equivalence value="wider"/>
      </target>
    </element>
  </group>
  <group>
    <source value="http://snomed.info/sct"/>
    <target value="http://id.who.int/icd/entity"/>
    <element>
      <code value="258500001"/>
      <target>
        <code value="50872817"/>
        <equivalence value="equivalent"/>
      </target>
    </element>
    <element>
      <code value="461911000124106"/>
      <target>
        <code value="555916027"/>
        <equivalence value="equivalent"/>
      </target>
    </element>
    <element>
      <code value="472881004"/>
      <target>
        <code value="555916027"/>
        <equivalence value="equivalent"/>
      </target>
    </element>
    <element>
      <code value="472901003"/>
      <target>
        <code value="608172011"/>
        <equivalence value="equivalent"/>
      </target>
    </element>
    <element>
      <code value="119342007"/>
      <target>
        <code value="1162766848"/>
        <equivalence value="equivalent"/>
      </target>
    </element>
    <element>
      <code value="119297000"/>
      <target>
        <code value="1695591348"/>
        <equivalence value="equivalent"/>
      </target>
    </element>
    <element>
      <code value="119361006"/>
      <target>
        <code value="1695591348"/>
        <equivalence value="equivalent"/>
      </target>
    </element>
    <element>
      <code value="119364003"/>
      <target>
        <code value="1695591348"/>
        <equivalence value="equivalent"/>
      </target>
    </element>
    <element>
      <code value="122592007"/>
      <target>
        <code value="1695591348"/>
        <equivalence value="equivalent"/>
      </target>
    </element>
  </group>
</ConceptMap>