<?xml version="1.0" encoding="UTF-8"?>

<Organization xmlns="http://hl7.org/fhir">
  <id value="DDCC-Organization-French"/>
  <meta>
    <profile value="http://worldhealthorganization.github.io/ddcc/StructureDefinition/DDCCOrganization"/>
  </meta>
  <text>
    <status value="generated"/><div xmlns="http://www.w3.org/1999/xhtml"><p><b>Generated Narrative: Organization</b><a name="DDCC-Organization-French"> </a></p><div style="display: inline-block; background-color: #d9e0e7; padding: 6px; margin: 4px; border: 1px solid #8da1b4; border-radius: 5px; line-height: 60%"><p style="margin-bottom: 0px">Resource Organization &quot;DDCC-Organization-French&quot; </p><p style="margin-bottom: 0px">Profile: <a href="StructureDefinition-DDCCOrganization.html">DDCC Organization</a></p></div><p><b>name</b>: Hôpital du gouvernement</p></div>
  </text>
  <name value="Hôpital du gouvernement"/>
</Organization>