<?xml version="1.0" encoding="UTF-8"?>

<Patient xmlns="http://hl7.org/fhir">
  <id value="DDCC-Patient-English"/>
  <meta>
    <profile value="http://worldhealthorganization.github.io/ddcc/StructureDefinition/DDCCPatient"/>
  </meta>
  <text>
    <status value="generated"/><div xmlns="http://www.w3.org/1999/xhtml"><p style="border: 1px #661aff solid; background-color: #e6e6ff; padding: 10px;"><b>Aulus Agerius(OFFICIAL)</b> (no stated gender), DoB: 2003-03-03</p><hr/></div>
  </text>
  <name>
    <use value="official"/>
    <text value="Aulus Agerius"/>
  </name>
  <birthDate value="2003-03-03"/>
</Patient>