<?xml version="1.0" encoding="UTF-8"?><CodeSystem xmlns="http://hl7.org/fhir"><id value="DDCC-QR-Format-CodeSystem"/><text><status value="generated"/><div xmlns="http://www.w3.org/1999/xhtml"><p>This code system http://worldhealthorganization.github.io/ddcc/CodeSystem/DDCC-QR-Format-CodeSystem defines the following codes:</p><table class="codes"><tr><td style="white-space:nowrap"><b>Code</b></td><td><b>Display</b></td></tr><tr><td style="white-space:nowrap">image<a name="DDCC-QR-Format-CodeSystem-image"> </a></td><td>Image</td></tr><tr><td style="white-space:nowrap">serialized<a name="DDCC-QR-Format-CodeSystem-serialized"> </a></td><td>Serialized QR Content</td></tr><tr><td style="white-space:nowrap">pdf<a name="DDCC-QR-Format-CodeSystem-pdf"> </a></td><td>PDF version of the QR image</td></tr></table></div></text><url value="http://worldhealthorganization.github.io/ddcc/CodeSystem/DDCC-QR-Format-CodeSystem"/><version value="0.3.1"/><name value="DDCC_QR_Format_CodeSystem"/><title value="DDCC QR Format Codes"/><status value="active"/><date value="2022-03-05T01:09:46+00:00"/><publisher value="WHO"/><contact><name value="WHO"/><telecom><system value="url"/><value value="http://who.int"/></telecom></contact><description value="Possible formats available for QR data."/><jurisdiction><coding><system value="http://unstats.un.org/unsd/methods/m49/m49.htm"/><code value="001"/></coding></jurisdiction><content value="complete"/><count value="3"/><concept><code value="image"/><display value="Image"/></concept><concept><code value="serialized"/><display value="Serialized QR Content"/></concept><concept><code value="pdf"/><display value="PDF version of the QR image"/></concept></CodeSystem>