<?xml version="1.0" encoding="UTF-8"?><ConceptMap xmlns="http://hl7.org/fhir"><id value="who-ddcc-map-eudcc-icd11-vaccines"/><text><status value="extensions"/><div xmlns="http://www.w3.org/1999/xhtml"><h2>EU_DCC_ICD11_COVID19_vaccines (http://worldhealthorganization.github.io/ddcc/ConceptMap/WHO_DDCC_Map_EUDCC_to_ICD11_Vaccines)</h2><p>Mapping from <a href="CodeSystem-vaccines-covid-19-names.html">https://ec.europa.eu/health/documents/community-register/html/</a> to <a href="CodeSystem-DDCC-ICD11-CodeSystem.html">http://id.who.int/icd11/mms</a></p><p>DRAFT (not intended for production usage). Published on 2022-11-22 by WHO (WHO: <a href="http://who.int">http://who.int</a>). </p><div><p>Rule-based mappings between EU DCC and ICD11 for COVID-19 Vaccines</p>
</div><br/><p><b>Group 1</b>Mapping from <a href="CodeSystem-vaccines-covid-19-names.html">Covid-19 Vaccine Codes for EU DCC</a> to <a href="CodeSystem-DDCC-ICD11-CodeSystem.html">DDCC Codes for ICD11</a></p><table class="grid"><tr><td><b>Source Code</b></td><td><b>Relationship</b></td><td><b>Target Code</b></td></tr><tr><td>Covaxin</td><td><a href="http://hl7.org/fhir/R4/codesystem-concept-map-equivalence.html#wider" title="wider">maps to wider concept</a></td><td>XM1NL1 (COVID-19 vaccine, inactivated virus)</td></tr><tr><td>Covishield</td><td><a href="http://hl7.org/fhir/R4/codesystem-concept-map-equivalence.html#wider" title="wider">maps to wider concept</a></td><td>XM9QW8 (COVID-19 vaccine, non-replicating viral vector)</td></tr><tr><td>Sputnik-V</td><td><a href="http://hl7.org/fhir/R4/codesystem-concept-map-equivalence.html#wider" title="wider">maps to wider concept</a></td><td>XM9QW8 (COVID-19 vaccine, non-replicating viral vector)</td></tr><tr><td>EU/1/20/1528 (Comirnaty)</td><td><a href="http://hl7.org/fhir/R4/codesystem-concept-map-equivalence.html#wider" title="wider">maps to wider concept</a></td><td>XM0GQ8 (COVID-19 vaccine, RNA based)</td></tr><tr><td>EU/1/20/1525 (Jcovden)</td><td><a href="http://hl7.org/fhir/R4/codesystem-concept-map-equivalence.html#equivalent" title="equivalent">is equivalent to</a></td><td>XM0CX4 (COVID-19 vaccine, replicating viral vector)</td></tr><tr><td>EU/1/20/1507 (Spikevax)</td><td><a href="http://hl7.org/fhir/R4/codesystem-concept-map-equivalence.html#wider" title="wider">maps to wider concept</a></td><td>XM0GQ8 (COVID-19 vaccine, RNA based)</td></tr><tr><td>EU/1/21/1529 (Vaxzevria)</td><td><a href="http://hl7.org/fhir/R4/codesystem-concept-map-equivalence.html#wider" title="wider">maps to wider concept</a></td><td>XM9QW8 (COVID-19 vaccine, non-replicating viral vector)</td></tr><tr><td>CoronaVac</td><td><a href="http://hl7.org/fhir/R4/codesystem-concept-map-equivalence.html#wider" title="wider">maps to wider concept</a></td><td>XM1NL1 (COVID-19 vaccine, inactivated virus)</td></tr><tr><td>BBIBP-CorV</td><td><a href="http://hl7.org/fhir/R4/codesystem-concept-map-equivalence.html#wider" title="wider">maps to wider concept</a></td><td>XM1NL1 (COVID-19 vaccine, inactivated virus)</td></tr><tr><td>Convidecia</td><td><a href="http://hl7.org/fhir/R4/codesystem-concept-map-equivalence.html#wider" title="wider">maps to wider concept</a></td><td>XM9QW8 (COVID-19 vaccine, non-replicating viral vector)</td></tr><tr><td>NVX-CoV2373 (NVX-CoV2373 (deprecated))</td><td><a href="http://hl7.org/fhir/R4/codesystem-concept-map-equivalence.html#equivalent" title="equivalent">is equivalent to</a></td><td>XM5JC5 (COVID-19 vaccine, virus protein subunit)</td></tr></table></div></text><url value="http://worldhealthorganization.github.io/ddcc/ConceptMap/WHO_DDCC_Map_EUDCC_to_ICD11_Vaccines"/><version value="1.0.0"/><name value="EU_DCC_ICD11_COVID19_vaccines"/><title value="ConceptMap from EU DCC to ICD-11 for Vaccines"/><status value="draft"/><experimental value="true"/><date value="2022-11-22"/><publisher value="WHO"/><contact><name value="WHO"/><telecom><system value="url"/><value value="http://who.int"/></telecom></contact><description value="Rule-based mappings between EU DCC and ICD11 for COVID-19 Vaccines"/><jurisdiction><coding><system value="http://unstats.un.org/unsd/methods/m49/m49.htm"/><code value="001"/></coding></jurisdiction><sourceCanonical value="https://ec.europa.eu/health/documents/community-register/html/"/><targetCanonical value="http://id.who.int/icd11/mms"/><group><source value="https://ec.europa.eu/health/documents/community-register/html/"/><target value="http://id.who.int/icd11/mms"/><element><code value="Covaxin"/><target><code value="XM1NL1"/><equivalence value="wider"/></target></element><element><code value="Covishield"/><target><code value="XM9QW8"/><equivalence value="wider"/></target></element><element><code value="Sputnik-V"/><target><code value="XM9QW8"/><equivalence value="wider"/></target></element><element><code value="EU/1/20/1528"/><target><code value="XM0GQ8"/><equivalence value="wider"/></target></element><element><code value="EU/1/20/1525"/><target><code value="XM0CX4"/><equivalence value="equivalent"/></target></element><element><code value="EU/1/20/1507"/><target><code value="XM0GQ8"/><equivalence value="wider"/></target></element><element><code value="EU/1/21/1529"/><target><code value="XM9QW8"/><equivalence value="wider"/></target></element><element><code value="CoronaVac"/><target><code value="XM1NL1"/><equivalence value="wider"/></target></element><element><code value="BBIBP-CorV"/><target><code value="XM1NL1"/><equivalence value="wider"/></target></element><element><code value="Convidecia"/><target><code value="XM9QW8"/><equivalence value="wider"/></target></element><element><code value="NVX-CoV2373"/><target><code value="XM5JC5"/><equivalence value="equivalent"/></target></element></group></ConceptMap>