<?xml version="1.0" encoding="UTF-8"?><StructureDefinition xmlns="http://hl7.org/fhir"><id value="DDCCCoreDataSet.VS"/><text><status value="extensions"/><div xmlns="http://www.w3.org/1999/xhtml"><table border="0" cellpadding="0" cellspacing="0" style="border: 0px #F0F0F0 solid; font-size: 11px; font-family: verdana; vertical-align: top;"><tr style="border: 1px #F0F0F0 solid; font-size: 11px; font-family: verdana; vertical-align: top"><th style="vertical-align: top; text-align : left; background-color: white; border: 0px #F0F0F0 solid; padding:0px 4px 0px 4px" class="hierarchy"><a href="http://build.fhir.org/ig/FHIR/ig-guidance/readingIgs.html#table-views" title="The logical name of the element">Name</a></th><th style="vertical-align: top; text-align : left; background-color: white; border: 0px #F0F0F0 solid; padding:0px 4px 0px 4px" class="hierarchy"><a href="http://build.fhir.org/ig/FHIR/ig-guidance/readingIgs.html#table-views" title="Information about the use of the element">Flags</a></th><th style="vertical-align: top; text-align : left; background-color: white; border: 0px #F0F0F0 solid; padding:0px 4px 0px 4px" class="hierarchy"><a href="http://build.fhir.org/ig/FHIR/ig-guidance/readingIgs.html#table-views" title="Minimum and Maximum # of times the the element can appear in the instance">Card.</a></th><th style="width: 100px" class="hierarchy"><a href="http://build.fhir.org/ig/FHIR/ig-guidance/readingIgs.html#table-views" title="Reference to the type of the element">Type</a></th><th style="vertical-align: top; text-align : left; background-color: white; border: 0px #F0F0F0 solid; padding:0px 4px 0px 4px" class="hierarchy"><a href="http://build.fhir.org/ig/FHIR/ig-guidance/readingIgs.html#table-views" title="Additional information about the element">Description &amp; Constraints</a><span style="float: right"><a href="http://build.fhir.org/ig/FHIR/ig-guidance/readingIgs.html#table-views" title="Legend for this format"><img src="http://hl7.org/fhir/R4/help16.png" alt="doco" style="background-color: inherit"/></a></span></th></tr><tr style="border: 0px #F0F0F0 solid; padding:0px; vertical-align: top; background-color: white"><td style="vertical-align: top; text-align : left; background-color: white; border: 0px #F0F0F0 solid; padding:0px 4px 0px 4px; white-space: nowrap; background-image: url(tbl_bck1.png)" class="hierarchy"><img src="tbl_spacer.png" alt="." style="background-color: inherit" class="hierarchy"/><img src="icon_element.gif" alt="." style="background-color: white; background-color: inherit" title="Element" class="hierarchy"/> <a href="StructureDefinition-DDCCCoreDataSet.VS-definitions.html#DDCCCoreDataSet" title="Data elements for the DDCC Core Data Set for Vaccination Status.">DDCCCoreDataSet</a><a name="DDCCCoreDataSet"> </a></td><td style="vertical-align: top; text-align : left; background-color: white; border: 0px #F0F0F0 solid; padding:0px 4px 0px 4px" class="hierarchy"/><td style="vertical-align: top; text-align : left; background-color: white; border: 0px #F0F0F0 solid; padding:0px 4px 0px 4px" class="hierarchy"><span style="opacity: 0.5">0</span><span style="opacity: 0.5">..</span><span style="opacity: 0.5">*</span></td><td style="vertical-align: top; text-align : left; background-color: white; border: 0px #F0F0F0 solid; padding:0px 4px 0px 4px" class="hierarchy"><a href="StructureDefinition-DDCCCoreDataSet.html">DDCCCoreDataSet</a></td><td style="vertical-align: top; text-align : left; background-color: white; border: 0px #F0F0F0 solid; padding:0px 4px 0px 4px" class="hierarchy">This is an abstract type. Child types: <a href="StructureDefinition-DDCCCoreDataSet.VS.CoC.html">DDCCCoreDataSet</a>, <a href="StructureDefinition-DDCCCoreDataSet.VS.PoV.html">DDCCCoreDataSet</a><br/>DDCC Core Data Set Logical Model for Vaccination Status</td></tr>
<tr style="border: 0px #F0F0F0 solid; padding:0px; vertical-align: top; background-color: #F7F7F7"><td style="vertical-align: top; text-align : left; background-color: #F7F7F7; border: 0px #F0F0F0 solid; padding:0px 4px 0px 4px; white-space: nowrap; background-image: url(tbl_bck11.png)" class="hierarchy"><img src="tbl_spacer.png" alt="." style="background-color: inherit" class="hierarchy"/><img src="tbl_vjoin.png" alt="." style="background-color: inherit" class="hierarchy"/><img src="icon_element.gif" alt="." style="background-color: #F7F7F7; background-color: inherit" title="Element" class="hierarchy"/> <a href="StructureDefinition-DDCCCoreDataSet.VS-definitions.html#DDCCCoreDataSet.certificate">certificate</a><a name="DDCCCoreDataSet.certificate"> </a></td><td style="vertical-align: top; text-align : left; background-color: #F7F7F7; border: 0px #F0F0F0 solid; padding:0px 4px 0px 4px" class="hierarchy"/><td style="vertical-align: top; text-align : left; background-color: #F7F7F7; border: 0px #F0F0F0 solid; padding:0px 4px 0px 4px" class="hierarchy"/><td style="vertical-align: top; text-align : left; background-color: #F7F7F7; border: 0px #F0F0F0 solid; padding:0px 4px 0px 4px" class="hierarchy"/><td style="vertical-align: top; text-align : left; background-color: #F7F7F7; border: 0px #F0F0F0 solid; padding:0px 4px 0px 4px" class="hierarchy"/></tr>
<tr style="border: 0px #F0F0F0 solid; padding:0px; vertical-align: top; background-color: white"><td style="vertical-align: top; text-align : left; background-color: white; border: 0px #F0F0F0 solid; padding:0px 4px 0px 4px; white-space: nowrap; background-image: url(tbl_bck100.png)" class="hierarchy"><img src="tbl_spacer.png" alt="." style="background-color: inherit" class="hierarchy"/><img src="tbl_vline.png" alt="." style="background-color: inherit" class="hierarchy"/><img src="tbl_vjoin_end.png" alt="." style="background-color: inherit" class="hierarchy"/><img src="icon_element.gif" alt="." style="background-color: white; background-color: inherit" title="Element" class="hierarchy"/> <a href="StructureDefinition-DDCCCoreDataSet.VS-definitions.html#DDCCCoreDataSet.certificate.issuer">issuer</a><a name="DDCCCoreDataSet.certificate.issuer"> </a></td><td style="vertical-align: top; text-align : left; background-color: white; border: 0px #F0F0F0 solid; padding:0px 4px 0px 4px" class="hierarchy"/><td style="vertical-align: top; text-align : left; background-color: white; border: 0px #F0F0F0 solid; padding:0px 4px 0px 4px" class="hierarchy"><span style="opacity: 0.5">1</span><span style="opacity: 0.5">..</span><span style="opacity: 0.5">1</span></td><td style="vertical-align: top; text-align : left; background-color: white; border: 0px #F0F0F0 solid; padding:0px 4px 0px 4px" class="hierarchy"><a href="http://hl7.org/fhir/R4/references.html">Reference</a>(<a style="opacity: 0.5" href="StructureDefinition-DDCCOrganization.html">DDCC Organization</a>)</td><td style="vertical-align: top; text-align : left; background-color: white; border: 0px #F0F0F0 solid; padding:0px 4px 0px 4px" class="hierarchy"><span style="opacity: 0.5">Certificate issuer</span></td></tr>
<tr style="border: 0px #F0F0F0 solid; padding:0px; vertical-align: top; background-color: #F7F7F7"><td style="vertical-align: top; text-align : left; background-color: #F7F7F7; border: 0px #F0F0F0 solid; padding:0px 4px 0px 4px; white-space: nowrap; background-image: url(tbl_bck01.png)" class="hierarchy"><img src="tbl_spacer.png" alt="." style="background-color: inherit" class="hierarchy"/><img src="tbl_vjoin_end.png" alt="." style="background-color: inherit" class="hierarchy"/><img src="icon_datatype.gif" alt="." style="background-color: #F7F7F7; background-color: inherit" title="Data Type" class="hierarchy"/> <a href="StructureDefinition-DDCCCoreDataSet.VS-definitions.html#DDCCCoreDataSet.vaccination" title="A vaccination event.">vaccination</a><a name="DDCCCoreDataSet.vaccination"> </a></td><td style="vertical-align: top; text-align : left; background-color: #F7F7F7; border: 0px #F0F0F0 solid; padding:0px 4px 0px 4px" class="hierarchy"><span style="padding-left: 3px; padding-right: 3px; color: black; null" title="This element is included in summaries">Σ</span><a style="padding-left: 3px; padding-right: 3px; border: 1px maroon solid; font-weight: bold; color: #301212; background-color: #fdf4f4;" href="http://hl7.org/fhir/R4conformance-rules.html#constraints" title="This element has or is affected by constraints (who-ddcc-data-1)">C</a></td><td style="vertical-align: top; text-align : left; background-color: #F7F7F7; border: 0px #F0F0F0 solid; padding:0px 4px 0px 4px" class="hierarchy">1..1</td><td style="vertical-align: top; text-align : left; background-color: #F7F7F7; border: 0px #F0F0F0 solid; padding:0px 4px 0px 4px" class="hierarchy"><a href="http://hl7.org/fhir/R4/datatypes.html#BackboneElement">BackboneElement</a></td><td style="vertical-align: top; text-align : left; background-color: #F7F7F7; border: 0px #F0F0F0 solid; padding:0px 4px 0px 4px" class="hierarchy">Vaccination Event<br/><span style="font-weight:bold">who-ddcc-data-1: </span>Manufacturer or Market Authorization Holder SHALL be present</td></tr>
<tr style="border: 0px #F0F0F0 solid; padding:0px; vertical-align: top; background-color: white"><td style="vertical-align: top; text-align : left; background-color: white; border: 0px #F0F0F0 solid; padding:0px 4px 0px 4px; white-space: nowrap; background-image: url(tbl_bck010.png)" class="hierarchy"><img src="tbl_spacer.png" alt="." style="background-color: inherit" class="hierarchy"/><img src="tbl_blank.png" alt="." style="background-color: inherit" class="hierarchy"/><img src="tbl_vjoin.png" alt="." style="background-color: inherit" class="hierarchy"/><img src="icon_datatype.gif" alt="." style="background-color: white; background-color: inherit" title="Data Type" class="hierarchy"/> <a href="StructureDefinition-DDCCCoreDataSet.VS-definitions.html#DDCCCoreDataSet.vaccination.vaccine" title="Generic description of the vaccine or vaccine sub-type. e.g. COVID-19 mRNA vaccine, HPV vaccine.">vaccine</a><a name="DDCCCoreDataSet.vaccination.vaccine"> </a></td><td style="vertical-align: top; text-align : left; background-color: white; border: 0px #F0F0F0 solid; padding:0px 4px 0px 4px" class="hierarchy"><span style="padding-left: 3px; padding-right: 3px; color: black; null" title="This element is included in summaries">Σ</span></td><td style="vertical-align: top; text-align : left; background-color: white; border: 0px #F0F0F0 solid; padding:0px 4px 0px 4px" class="hierarchy">1..1</td><td style="vertical-align: top; text-align : left; background-color: white; border: 0px #F0F0F0 solid; padding:0px 4px 0px 4px" class="hierarchy"><a href="http://hl7.org/fhir/R4/datatypes.html#Coding">Coding</a></td><td style="vertical-align: top; text-align : left; background-color: white; border: 0px #F0F0F0 solid; padding:0px 4px 0px 4px" class="hierarchy">Vaccine or prophylaxis<br/><span style="font-weight:bold">Binding: </span><a href="ValueSet-who-ddcc-vaccines-covid-19.html">WHO Vaccine List (COVID-19)</a> (<a href="http://hl7.org/fhir/R4/terminologies.html#preferred" title="Instances are encouraged to draw from the specified codes for interoperability purposes but are not required to do so to be considered conformant.">preferred</a>)</td></tr>
<tr style="border: 0px #F0F0F0 solid; padding:0px; vertical-align: top; background-color: #F7F7F7"><td style="vertical-align: top; text-align : left; background-color: #F7F7F7; border: 0px #F0F0F0 solid; padding:0px 4px 0px 4px; white-space: nowrap; background-image: url(tbl_bck010.png)" class="hierarchy"><img src="tbl_spacer.png" alt="." style="background-color: inherit" class="hierarchy"/><img src="tbl_blank.png" alt="." style="background-color: inherit" class="hierarchy"/><img src="tbl_vjoin.png" alt="." style="background-color: inherit" class="hierarchy"/><img src="icon_datatype.gif" alt="." style="background-color: #F7F7F7; background-color: inherit" title="Data Type" class="hierarchy"/> <a href="StructureDefinition-DDCCCoreDataSet.VS-definitions.html#DDCCCoreDataSet.vaccination.brand" title="The brand or trade name used to refer to the vaccine received.">brand</a><a name="DDCCCoreDataSet.vaccination.brand"> </a></td><td style="vertical-align: top; text-align : left; background-color: #F7F7F7; border: 0px #F0F0F0 solid; padding:0px 4px 0px 4px" class="hierarchy"><span style="padding-left: 3px; padding-right: 3px; color: black; null" title="This element is included in summaries">Σ</span></td><td style="vertical-align: top; text-align : left; background-color: #F7F7F7; border: 0px #F0F0F0 solid; padding:0px 4px 0px 4px" class="hierarchy">1..1</td><td style="vertical-align: top; text-align : left; background-color: #F7F7F7; border: 0px #F0F0F0 solid; padding:0px 4px 0px 4px" class="hierarchy"><a href="http://hl7.org/fhir/R4/datatypes.html#Coding">Coding</a></td><td style="vertical-align: top; text-align : left; background-color: #F7F7F7; border: 0px #F0F0F0 solid; padding:0px 4px 0px 4px" class="hierarchy">Vaccine brand</td></tr>
<tr style="border: 0px #F0F0F0 solid; padding:0px; vertical-align: top; background-color: white"><td style="vertical-align: top; text-align : left; background-color: white; border: 0px #F0F0F0 solid; padding:0px 4px 0px 4px; white-space: nowrap; background-image: url(tbl_bck010.png)" class="hierarchy"><img src="tbl_spacer.png" alt="." style="background-color: inherit" class="hierarchy"/><img src="tbl_blank.png" alt="." style="background-color: inherit" class="hierarchy"/><img src="tbl_vjoin.png" alt="." style="background-color: inherit" class="hierarchy"/><img src="icon_datatype.gif" alt="." style="background-color: white; background-color: inherit" title="Data Type" class="hierarchy"/> <a href="StructureDefinition-DDCCCoreDataSet.VS-definitions.html#DDCCCoreDataSet.vaccination.manufacturer" title="Name of the manufacturer of the vaccine received. e.g. Serum institute of India, AstraZeneca. If vaccine manufacturer is unknown, market authorization holder is REQUIRED.">manufacturer</a><a name="DDCCCoreDataSet.vaccination.manufacturer"> </a></td><td style="vertical-align: top; text-align : left; background-color: white; border: 0px #F0F0F0 solid; padding:0px 4px 0px 4px" class="hierarchy"><span style="padding-left: 3px; padding-right: 3px; color: black; null" title="This element is included in summaries">Σ</span></td><td style="vertical-align: top; text-align : left; background-color: white; border: 0px #F0F0F0 solid; padding:0px 4px 0px 4px" class="hierarchy">0..1</td><td style="vertical-align: top; text-align : left; background-color: white; border: 0px #F0F0F0 solid; padding:0px 4px 0px 4px" class="hierarchy"><a href="http://hl7.org/fhir/R4/datatypes.html#Coding">Coding</a></td><td style="vertical-align: top; text-align : left; background-color: white; border: 0px #F0F0F0 solid; padding:0px 4px 0px 4px" class="hierarchy">Vaccine manufacturer</td></tr>
<tr style="border: 0px #F0F0F0 solid; padding:0px; vertical-align: top; background-color: #F7F7F7"><td style="vertical-align: top; text-align : left; background-color: #F7F7F7; border: 0px #F0F0F0 solid; padding:0px 4px 0px 4px; white-space: nowrap; background-image: url(tbl_bck010.png)" class="hierarchy"><img src="tbl_spacer.png" alt="." style="background-color: inherit" class="hierarchy"/><img src="tbl_blank.png" alt="." style="background-color: inherit" class="hierarchy"/><img src="tbl_vjoin.png" alt="." style="background-color: inherit" class="hierarchy"/><img src="icon_datatype.gif" alt="." style="background-color: #F7F7F7; background-color: inherit" title="Data Type" class="hierarchy"/> <a href="StructureDefinition-DDCCCoreDataSet.VS-definitions.html#DDCCCoreDataSet.vaccination.maholder" title="Name of the market authorization holder of the vaccine received. If market authorization holder is unknown, vaccine manufacturer is REQUIRED.">maholder</a><a name="DDCCCoreDataSet.vaccination.maholder"> </a></td><td style="vertical-align: top; text-align : left; background-color: #F7F7F7; border: 0px #F0F0F0 solid; padding:0px 4px 0px 4px" class="hierarchy"><span style="padding-left: 3px; padding-right: 3px; color: black; null" title="This element is included in summaries">Σ</span></td><td style="vertical-align: top; text-align : left; background-color: #F7F7F7; border: 0px #F0F0F0 solid; padding:0px 4px 0px 4px" class="hierarchy">0..1</td><td style="vertical-align: top; text-align : left; background-color: #F7F7F7; border: 0px #F0F0F0 solid; padding:0px 4px 0px 4px" class="hierarchy"><a href="http://hl7.org/fhir/R4/datatypes.html#Coding">Coding</a></td><td style="vertical-align: top; text-align : left; background-color: #F7F7F7; border: 0px #F0F0F0 solid; padding:0px 4px 0px 4px" class="hierarchy">Vaccine market authorization holder</td></tr>
<tr style="border: 0px #F0F0F0 solid; padding:0px; vertical-align: top; background-color: white"><td style="vertical-align: top; text-align : left; background-color: white; border: 0px #F0F0F0 solid; padding:0px 4px 0px 4px; white-space: nowrap; background-image: url(tbl_bck010.png)" class="hierarchy"><img src="tbl_spacer.png" alt="." style="background-color: inherit" class="hierarchy"/><img src="tbl_blank.png" alt="." style="background-color: inherit" class="hierarchy"/><img src="tbl_vjoin.png" alt="." style="background-color: inherit" class="hierarchy"/><img src="icon_primitive.png" alt="." style="background-color: white; background-color: inherit" title="Primitive Data Type" class="hierarchy"/> <a href="StructureDefinition-DDCCCoreDataSet.VS-definitions.html#DDCCCoreDataSet.vaccination.lot" title="Lot number or batch number of vaccination.">lot</a><a name="DDCCCoreDataSet.vaccination.lot"> </a></td><td style="vertical-align: top; text-align : left; background-color: white; border: 0px #F0F0F0 solid; padding:0px 4px 0px 4px" class="hierarchy"><span style="padding-left: 3px; padding-right: 3px; color: black; null" title="This element is included in summaries">Σ</span></td><td style="vertical-align: top; text-align : left; background-color: white; border: 0px #F0F0F0 solid; padding:0px 4px 0px 4px" class="hierarchy">1..1</td><td style="vertical-align: top; text-align : left; background-color: white; border: 0px #F0F0F0 solid; padding:0px 4px 0px 4px" class="hierarchy"><a href="http://hl7.org/fhir/R4/datatypes.html#string">string</a></td><td style="vertical-align: top; text-align : left; background-color: white; border: 0px #F0F0F0 solid; padding:0px 4px 0px 4px" class="hierarchy">Vaccine lot number</td></tr>
<tr style="border: 0px #F0F0F0 solid; padding:0px; vertical-align: top; background-color: #F7F7F7"><td style="vertical-align: top; text-align : left; background-color: #F7F7F7; border: 0px #F0F0F0 solid; padding:0px 4px 0px 4px; white-space: nowrap; background-image: url(tbl_bck010.png)" class="hierarchy"><img src="tbl_spacer.png" alt="." style="background-color: inherit" class="hierarchy"/><img src="tbl_blank.png" alt="." style="background-color: inherit" class="hierarchy"/><img src="tbl_vjoin.png" alt="." style="background-color: inherit" class="hierarchy"/><img src="icon_primitive.png" alt="." style="background-color: #F7F7F7; background-color: inherit" title="Primitive Data Type" class="hierarchy"/> <a href="StructureDefinition-DDCCCoreDataSet.VS-definitions.html#DDCCCoreDataSet.vaccination.date" title="Date in which the vaccine was provided.">date</a><a name="DDCCCoreDataSet.vaccination.date"> </a></td><td style="vertical-align: top; text-align : left; background-color: #F7F7F7; border: 0px #F0F0F0 solid; padding:0px 4px 0px 4px" class="hierarchy"><span style="padding-left: 3px; padding-right: 3px; color: black; null" title="This element is included in summaries">Σ</span></td><td style="vertical-align: top; text-align : left; background-color: #F7F7F7; border: 0px #F0F0F0 solid; padding:0px 4px 0px 4px" class="hierarchy">1..1</td><td style="vertical-align: top; text-align : left; background-color: #F7F7F7; border: 0px #F0F0F0 solid; padding:0px 4px 0px 4px" class="hierarchy"><a href="http://hl7.org/fhir/R4/datatypes.html#dateTime">dateTime</a></td><td style="vertical-align: top; text-align : left; background-color: #F7F7F7; border: 0px #F0F0F0 solid; padding:0px 4px 0px 4px" class="hierarchy">Date of vaccination</td></tr>
<tr style="border: 0px #F0F0F0 solid; padding:0px; vertical-align: top; background-color: white"><td style="vertical-align: top; text-align : left; background-color: white; border: 0px #F0F0F0 solid; padding:0px 4px 0px 4px; white-space: nowrap; background-image: url(tbl_bck010.png)" class="hierarchy"><img src="tbl_spacer.png" alt="." style="background-color: inherit" class="hierarchy"/><img src="tbl_blank.png" alt="." style="background-color: inherit" class="hierarchy"/><img src="tbl_vjoin.png" alt="." style="background-color: inherit" class="hierarchy"/><img src="icon_primitive.png" alt="." style="background-color: white; background-color: inherit" title="Primitive Data Type" class="hierarchy"/> <a href="StructureDefinition-DDCCCoreDataSet.VS-definitions.html#DDCCCoreDataSet.vaccination.validFrom" title="Date upon which provided vaccination is considered valid.">validFrom</a><a name="DDCCCoreDataSet.vaccination.validFrom"> </a></td><td style="vertical-align: top; text-align : left; background-color: white; border: 0px #F0F0F0 solid; padding:0px 4px 0px 4px" class="hierarchy"/><td style="vertical-align: top; text-align : left; background-color: white; border: 0px #F0F0F0 solid; padding:0px 4px 0px 4px" class="hierarchy">0..1</td><td style="vertical-align: top; text-align : left; background-color: white; border: 0px #F0F0F0 solid; padding:0px 4px 0px 4px" class="hierarchy"><a href="http://hl7.org/fhir/R4/datatypes.html#date">date</a></td><td style="vertical-align: top; text-align : left; background-color: white; border: 0px #F0F0F0 solid; padding:0px 4px 0px 4px" class="hierarchy">Vaccination valid from</td></tr>
<tr style="border: 0px #F0F0F0 solid; padding:0px; vertical-align: top; background-color: #F7F7F7"><td style="vertical-align: top; text-align : left; background-color: #F7F7F7; border: 0px #F0F0F0 solid; padding:0px 4px 0px 4px; white-space: nowrap; background-image: url(tbl_bck010.png)" class="hierarchy"><img src="tbl_spacer.png" alt="." style="background-color: inherit" class="hierarchy"/><img src="tbl_blank.png" alt="." style="background-color: inherit" class="hierarchy"/><img src="tbl_vjoin.png" alt="." style="background-color: inherit" class="hierarchy"/><img src="icon_primitive.png" alt="." style="background-color: #F7F7F7; background-color: inherit" title="Primitive Data Type" class="hierarchy"/> <a href="StructureDefinition-DDCCCoreDataSet.VS-definitions.html#DDCCCoreDataSet.vaccination.dose" title="Vaccine dose number.">dose</a><a name="DDCCCoreDataSet.vaccination.dose"> </a></td><td style="vertical-align: top; text-align : left; background-color: #F7F7F7; border: 0px #F0F0F0 solid; padding:0px 4px 0px 4px" class="hierarchy"><span style="padding-left: 3px; padding-right: 3px; color: black; null" title="This element is included in summaries">Σ</span></td><td style="vertical-align: top; text-align : left; background-color: #F7F7F7; border: 0px #F0F0F0 solid; padding:0px 4px 0px 4px" class="hierarchy">1..1</td><td style="vertical-align: top; text-align : left; background-color: #F7F7F7; border: 0px #F0F0F0 solid; padding:0px 4px 0px 4px" class="hierarchy"><a href="http://hl7.org/fhir/R4/datatypes.html#positiveInt">positiveInt</a></td><td style="vertical-align: top; text-align : left; background-color: #F7F7F7; border: 0px #F0F0F0 solid; padding:0px 4px 0px 4px" class="hierarchy">Dose number</td></tr>
<tr style="border: 0px #F0F0F0 solid; padding:0px; vertical-align: top; background-color: white"><td style="vertical-align: top; text-align : left; background-color: white; border: 0px #F0F0F0 solid; padding:0px 4px 0px 4px; white-space: nowrap; background-image: url(tbl_bck010.png)" class="hierarchy"><img src="tbl_spacer.png" alt="." style="background-color: inherit" class="hierarchy"/><img src="tbl_blank.png" alt="." style="background-color: inherit" class="hierarchy"/><img src="tbl_vjoin.png" alt="." style="background-color: inherit" class="hierarchy"/><img src="icon_primitive.png" alt="." style="background-color: white; background-color: inherit" title="Primitive Data Type" class="hierarchy"/> <a href="StructureDefinition-DDCCCoreDataSet.VS-definitions.html#DDCCCoreDataSet.vaccination.totalDoses" title="Total expected doses as defined by Member State care plan and immunization programme policies.">totalDoses</a><a name="DDCCCoreDataSet.vaccination.totalDoses"> </a></td><td style="vertical-align: top; text-align : left; background-color: white; border: 0px #F0F0F0 solid; padding:0px 4px 0px 4px" class="hierarchy"/><td style="vertical-align: top; text-align : left; background-color: white; border: 0px #F0F0F0 solid; padding:0px 4px 0px 4px" class="hierarchy">0..1</td><td style="vertical-align: top; text-align : left; background-color: white; border: 0px #F0F0F0 solid; padding:0px 4px 0px 4px" class="hierarchy"><a href="http://hl7.org/fhir/R4/datatypes.html#positiveInt">positiveInt</a></td><td style="vertical-align: top; text-align : left; background-color: white; border: 0px #F0F0F0 solid; padding:0px 4px 0px 4px" class="hierarchy">Total doses</td></tr>
<tr style="border: 0px #F0F0F0 solid; padding:0px; vertical-align: top; background-color: #F7F7F7"><td style="vertical-align: top; text-align : left; background-color: #F7F7F7; border: 0px #F0F0F0 solid; padding:0px 4px 0px 4px; white-space: nowrap; background-image: url(tbl_bck010.png)" class="hierarchy"><img src="tbl_spacer.png" alt="." style="background-color: inherit" class="hierarchy"/><img src="tbl_blank.png" alt="." style="background-color: inherit" class="hierarchy"/><img src="tbl_vjoin.png" alt="." style="background-color: inherit" class="hierarchy"/><img src="icon_datatype.gif" alt="." style="background-color: #F7F7F7; background-color: inherit" title="Data Type" class="hierarchy"/> <a href="StructureDefinition-DDCCCoreDataSet.VS-definitions.html#DDCCCoreDataSet.vaccination.country" title="The country in which the individual has been vaccinated.">country</a><a name="DDCCCoreDataSet.vaccination.country"> </a></td><td style="vertical-align: top; text-align : left; background-color: #F7F7F7; border: 0px #F0F0F0 solid; padding:0px 4px 0px 4px" class="hierarchy"><span style="padding-left: 3px; padding-right: 3px; color: black; null" title="This element is included in summaries">Σ</span></td><td style="vertical-align: top; text-align : left; background-color: #F7F7F7; border: 0px #F0F0F0 solid; padding:0px 4px 0px 4px" class="hierarchy">1..1</td><td style="vertical-align: top; text-align : left; background-color: #F7F7F7; border: 0px #F0F0F0 solid; padding:0px 4px 0px 4px" class="hierarchy"><a href="http://hl7.org/fhir/R4/datatypes.html#Coding">Coding</a></td><td style="vertical-align: top; text-align : left; background-color: #F7F7F7; border: 0px #F0F0F0 solid; padding:0px 4px 0px 4px" class="hierarchy">Country of vaccination<br/><span style="font-weight:bold">Binding: </span><a href="http://hl7.org/fhir/R4/valueset-iso3166-1-3.html">Iso3166-1-3</a> (<a href="http://hl7.org/fhir/R4/terminologies.html#preferred" title="Instances are encouraged to draw from the specified codes for interoperability purposes but are not required to do so to be considered conformant.">preferred</a>)</td></tr>
<tr style="border: 0px #F0F0F0 solid; padding:0px; vertical-align: top; background-color: white"><td style="vertical-align: top; text-align : left; background-color: white; border: 0px #F0F0F0 solid; padding:0px 4px 0px 4px; white-space: nowrap; background-image: url(tbl_bck010.png)" class="hierarchy"><img src="tbl_spacer.png" alt="." style="background-color: inherit" class="hierarchy"/><img src="tbl_blank.png" alt="." style="background-color: inherit" class="hierarchy"/><img src="tbl_vjoin.png" alt="." style="background-color: inherit" class="hierarchy"/><img src="icon_primitive.png" alt="." style="background-color: white; background-color: inherit" title="Primitive Data Type" class="hierarchy"/> <a href="StructureDefinition-DDCCCoreDataSet.VS-definitions.html#DDCCCoreDataSet.vaccination.centre" title="The name or identifier of the vaccination facility responsible for providing the vaccination.">centre</a><a name="DDCCCoreDataSet.vaccination.centre"> </a></td><td style="vertical-align: top; text-align : left; background-color: white; border: 0px #F0F0F0 solid; padding:0px 4px 0px 4px" class="hierarchy"/><td style="vertical-align: top; text-align : left; background-color: white; border: 0px #F0F0F0 solid; padding:0px 4px 0px 4px" class="hierarchy">0..1</td><td style="vertical-align: top; text-align : left; background-color: white; border: 0px #F0F0F0 solid; padding:0px 4px 0px 4px" class="hierarchy"><a href="http://hl7.org/fhir/R4/datatypes.html#string">string</a></td><td style="vertical-align: top; text-align : left; background-color: white; border: 0px #F0F0F0 solid; padding:0px 4px 0px 4px" class="hierarchy">Administering centre</td></tr>
<tr style="border: 0px #F0F0F0 solid; padding:0px; vertical-align: top; background-color: #F7F7F7"><td style="vertical-align: top; text-align : left; background-color: #F7F7F7; border: 0px #F0F0F0 solid; padding:0px 4px 0px 4px; white-space: nowrap; background-image: url(tbl_bck010.png)" class="hierarchy"><img src="tbl_spacer.png" alt="." style="background-color: inherit" class="hierarchy"/><img src="tbl_blank.png" alt="." style="background-color: inherit" class="hierarchy"/><img src="tbl_vjoin.png" alt="." style="background-color: inherit" class="hierarchy"/><img src="icon_datatype.gif" alt="." style="background-color: #F7F7F7; background-color: inherit" title="Data Type" class="hierarchy"/> <a href="StructureDefinition-DDCCCoreDataSet.VS-definitions.html#DDCCCoreDataSet.vaccination.signature" title="REQUIRED for PAPER vaccination certificates ONLY. The health worker who provided the vaccination or the supervising clinician's hand-written signature.">signature</a><a name="DDCCCoreDataSet.vaccination.signature"> </a></td><td style="vertical-align: top; text-align : left; background-color: #F7F7F7; border: 0px #F0F0F0 solid; padding:0px 4px 0px 4px" class="hierarchy"/><td style="vertical-align: top; text-align : left; background-color: #F7F7F7; border: 0px #F0F0F0 solid; padding:0px 4px 0px 4px" class="hierarchy">0..1</td><td style="vertical-align: top; text-align : left; background-color: #F7F7F7; border: 0px #F0F0F0 solid; padding:0px 4px 0px 4px" class="hierarchy"><a href="http://hl7.org/fhir/R4/datatypes.html#Signature">Signature</a></td><td style="vertical-align: top; text-align : left; background-color: #F7F7F7; border: 0px #F0F0F0 solid; padding:0px 4px 0px 4px" class="hierarchy">Signature of health worker</td></tr>
<tr style="border: 0px #F0F0F0 solid; padding:0px; vertical-align: top; background-color: white"><td style="vertical-align: top; text-align : left; background-color: white; border: 0px #F0F0F0 solid; padding:0px 4px 0px 4px; white-space: nowrap; background-image: url(tbl_bck010.png)" class="hierarchy"><img src="tbl_spacer.png" alt="." style="background-color: inherit" class="hierarchy"/><img src="tbl_blank.png" alt="." style="background-color: inherit" class="hierarchy"/><img src="tbl_vjoin.png" alt="." style="background-color: inherit" class="hierarchy"/><img src="icon_datatype.gif" alt="." style="background-color: white; background-color: inherit" title="Data Type" class="hierarchy"/> <a href="StructureDefinition-DDCCCoreDataSet.VS-definitions.html#DDCCCoreDataSet.vaccination.practitioner" title="OPTIONAL for DIGITAL and PAPER vaccination certificates. The unique identifier for the health worker as determined by the member state. There can be more than one unique identifier used. (e.g. system generated ID, health profession number, cryptographic signature, or any other form of health worker unique identifier). This can be used in lieu of a paper-based signature.">practitioner</a><a name="DDCCCoreDataSet.vaccination.practitioner"> </a></td><td style="vertical-align: top; text-align : left; background-color: white; border: 0px #F0F0F0 solid; padding:0px 4px 0px 4px" class="hierarchy"/><td style="vertical-align: top; text-align : left; background-color: white; border: 0px #F0F0F0 solid; padding:0px 4px 0px 4px" class="hierarchy">0..1</td><td style="vertical-align: top; text-align : left; background-color: white; border: 0px #F0F0F0 solid; padding:0px 4px 0px 4px" class="hierarchy"><a href="http://hl7.org/fhir/R4/datatypes.html#Identifier">Identifier</a></td><td style="vertical-align: top; text-align : left; background-color: white; border: 0px #F0F0F0 solid; padding:0px 4px 0px 4px" class="hierarchy">Health worker identifier</td></tr>
<tr style="border: 0px #F0F0F0 solid; padding:0px; vertical-align: top; background-color: #F7F7F7"><td style="vertical-align: top; text-align : left; background-color: #F7F7F7; border: 0px #F0F0F0 solid; padding:0px 4px 0px 4px; white-space: nowrap; background-image: url(tbl_bck010.png)" class="hierarchy"><img src="tbl_spacer.png" alt="." style="background-color: inherit" class="hierarchy"/><img src="tbl_blank.png" alt="." style="background-color: inherit" class="hierarchy"/><img src="tbl_vjoin.png" alt="." style="background-color: inherit" class="hierarchy"/><img src="icon_datatype.gif" alt="." style="background-color: #F7F7F7; background-color: inherit" title="Data Type" class="hierarchy"/> <a href="StructureDefinition-DDCCCoreDataSet.VS-definitions.html#DDCCCoreDataSet.vaccination.disease" title="Name of disease vaccinated against (such as COVID-19).">disease</a><a name="DDCCCoreDataSet.vaccination.disease"> </a></td><td style="vertical-align: top; text-align : left; background-color: #F7F7F7; border: 0px #F0F0F0 solid; padding:0px 4px 0px 4px" class="hierarchy"/><td style="vertical-align: top; text-align : left; background-color: #F7F7F7; border: 0px #F0F0F0 solid; padding:0px 4px 0px 4px" class="hierarchy">0..1</td><td style="vertical-align: top; text-align : left; background-color: #F7F7F7; border: 0px #F0F0F0 solid; padding:0px 4px 0px 4px" class="hierarchy"><a href="http://hl7.org/fhir/R4/datatypes.html#Coding">Coding</a></td><td style="vertical-align: top; text-align : left; background-color: #F7F7F7; border: 0px #F0F0F0 solid; padding:0px 4px 0px 4px" class="hierarchy">Disease or agent targeted<br/><span style="font-weight:bold">Binding: </span><a href="ValueSet-who-ddcc-disease-targeted-covid-19.html">WHO Disease or Agent Targeted (COVID-19)</a> (<a href="http://hl7.org/fhir/R4/terminologies.html#preferred" title="Instances are encouraged to draw from the specified codes for interoperability purposes but are not required to do so to be considered conformant.">preferred</a>)</td></tr>
<tr style="border: 0px #F0F0F0 solid; padding:0px; vertical-align: top; background-color: white"><td style="vertical-align: top; text-align : left; background-color: white; border: 0px #F0F0F0 solid; padding:0px 4px 0px 4px; white-space: nowrap; background-image: url(tbl_bck000.png)" class="hierarchy"><img src="tbl_spacer.png" alt="." style="background-color: inherit" class="hierarchy"/><img src="tbl_blank.png" alt="." style="background-color: inherit" class="hierarchy"/><img src="tbl_vjoin_end.png" alt="." style="background-color: inherit" class="hierarchy"/><img src="icon_primitive.png" alt="." style="background-color: white; background-color: inherit" title="Primitive Data Type" class="hierarchy"/> <a href="StructureDefinition-DDCCCoreDataSet.VS-definitions.html#DDCCCoreDataSet.vaccination.nextDose" title="Date on which the next vaccination should be administered, if a next dose is REQUIRED.">nextDose</a><a name="DDCCCoreDataSet.vaccination.nextDose"> </a></td><td style="vertical-align: top; text-align : left; background-color: white; border: 0px #F0F0F0 solid; padding:0px 4px 0px 4px" class="hierarchy"/><td style="vertical-align: top; text-align : left; background-color: white; border: 0px #F0F0F0 solid; padding:0px 4px 0px 4px" class="hierarchy">0..1</td><td style="vertical-align: top; text-align : left; background-color: white; border: 0px #F0F0F0 solid; padding:0px 4px 0px 4px" class="hierarchy"><a href="http://hl7.org/fhir/R4/datatypes.html#date">date</a></td><td style="vertical-align: top; text-align : left; background-color: white; border: 0px #F0F0F0 solid; padding:0px 4px 0px 4px" class="hierarchy">Due date of next dose</td></tr>
<tr><td colspan="5" class="hierarchy"><br/><a href="http://build.fhir.org/ig/FHIR/ig-guidance/readingIgs.html#table-views" title="Legend for this format"><img src="http://hl7.org/fhir/R4/help16.png" alt="doco" style="background-color: inherit"/> Documentation for this format</a></td></tr></table></div></text><url value="http://worldhealthorganization.github.io/ddcc/StructureDefinition/DDCCCoreDataSet.VS"/><version value="1.0.0"/><name value="DDCCCoreDataSet_VS"/><title value="DDCC Core Data Set Logical Model for Vaccination Status"/><status value="draft"/><date value="2022-11-23T11:18:03+00:00"/><publisher value="WHO"/><contact><name value="WHO"/><telecom><system value="url"/><value value="http://who.int"/></telecom></contact><description value="Data elements for the DDCC Core Data Set for Vaccination Status."/><jurisdiction><coding><system value="http://unstats.un.org/unsd/methods/m49/m49.htm"/><code value="001"/></coding></jurisdiction><fhirVersion value="4.0.1"/><mapping><identity value="rim"/><uri value="http://hl7.org/v3"/><name value="RIM Mapping"/></mapping><mapping><identity value="ddcc-immunization"/><uri value="http://worldhealthorganization.github.io/ddcc/StructureDefinition/DDCCImmunization"/><name value="WHO Digital Documentation of COVID Certificates"/></mapping><mapping><identity value="ddcc-immunization-recommendation"/><uri value="http://worldhealthorganization.github.io/ddcc/StructureDefinition/DDCCImmunizationRecommendation"/><name value="WHO Digital Documentation of COVID Certificates"/></mapping><mapping><identity value="ddcc-composition"/><uri value="http://worldhealthorganization.github.io/ddcc/StructureDefinition/DDCCComposition"/><name value="WHO Digital Documentation of COVID Certificates"/></mapping><mapping><identity value="ddcc-patient"/><uri value="http://worldhealthorganization.github.io/ddcc/StructureDefinition/DDCCPatient"/><name value="WHO Digital Documentation of COVID Certificates"/></mapping><kind value="logical"/><abstract value="true"/><type value="DDCCCoreDataSet"/><baseDefinition value="http://worldhealthorganization.github.io/ddcc/StructureDefinition/DDCCCoreDataSet"/><derivation value="specialization"/><snapshot><element id="DDCCCoreDataSet"><path value="DDCCCoreDataSet"/><short value="DDCC Core Data Set Logical Model for Vaccination Status"/><definition value="Data elements for the DDCC Core Data Set for Vaccination Status."/><min value="0"/><max value="*"/><base><path value="Base"/><min value="0"/><max value="*"/></base><isModifier value="false"/></element><element id="DDCCCoreDataSet.name"><path value="DDCCCoreDataSet.name"/><short value="Name"/><definition value="The full name of the person."/><min value="1"/><max value="1"/><base><path value="DDCCCoreDataSet.name"/><min value="1"/><max value="1"/></base><type><code value="string"/></type><isSummary value="true"/><mapping><identity value="ddcc-patient"/><map value="Patient.name.text"/></mapping></element><element id="DDCCCoreDataSet.birthDate"><path value="DDCCCoreDataSet.birthDate"/><short value="Date of birth"/><definition value="The person's date of birth (DOB) if known. If unknown, use given DOB for administrative purposes"/><min value="0"/><max value="1"/><base><path value="DDCCCoreDataSet.birthDate"/><min value="0"/><max value="1"/></base><type><code value="date"/></type><isSummary value="true"/><mapping><identity value="ddcc-patient"/><map value="Patient.birthDate"/></mapping></element><element id="DDCCCoreDataSet.identifier"><path value="DDCCCoreDataSet.identifier"/><short value="Unique identifier"/><definition value="Unique identifier for the person, according to the policies applicable to each country. There can be more than one unique identifier used to link records. (e.g. national ID, health ID, immunization information system ID, medical record ID)."/><min value="0"/><max value="1"/><base><path value="DDCCCoreDataSet.identifier"/><min value="0"/><max value="1"/></base><type><code value="Identifier"/></type><isSummary value="true"/><mapping><identity value="ddcc-patient"/><map value="Patient.identifier"/></mapping></element><element id="DDCCCoreDataSet.certificate"><path value="DDCCCoreDataSet.certificate"/><short value="Certificate Metadata"/><definition value="Metadata associated with the certificate"/><min value="0"/><max value="1"/><base><path value="DDCCCoreDataSet.certificate"/><min value="0"/><max value="1"/></base><type><code value="BackboneElement"/></type><constraint><key value="ele-1"/><severity value="error"/><human value="All FHIR elements must have a @value or children"/><expression value="hasValue() or (children().count() &gt; id.count())"/><xpath value="@value|f:*|h:div"/><source value="http://hl7.org/fhir/StructureDefinition/Element"/></constraint><isSummary value="true"/></element><element id="DDCCCoreDataSet.certificate.id"><path value="DDCCCoreDataSet.certificate.id"/><representation value="xmlAttr"/><short value="Unique id for inter-element referencing"/><definition value="Unique id for the element within a resource (for internal references). This may be any string value that does not contain spaces."/><min value="0"/><max value="1"/><base><path value="Element.id"/><min value="0"/><max value="1"/></base><type><extension url="http://hl7.org/fhir/StructureDefinition/structuredefinition-fhir-type"><valueUrl value="string"/></extension><code value="http://hl7.org/fhirpath/System.String"/></type><isModifier value="false"/><isSummary value="false"/><mapping><identity value="rim"/><map value="n/a"/></mapping></element><element id="DDCCCoreDataSet.certificate.extension"><path value="DDCCCoreDataSet.certificate.extension"/><slicing><discriminator><type value="value"/><path value="url"/></discriminator><description value="Extensions are always sliced by (at least) url"/><rules value="open"/></slicing><short value="Additional content defined by implementations"/><definition value="May be used to represent additional information that is not part of the basic definition of the element. To make the use of extensions safe and manageable, there is a strict set of governance  applied to the definition and use of extensions. Though any implementer can define an extension, there is a set of requirements that SHALL be met as part of the definition of the extension."/><comment value="There can be no stigma associated with the use of extensions by any application, project, or standard - regardless of the institution or jurisdiction that uses or defines the extensions.  The use of extensions is what allows the FHIR specification to retain a core level of simplicity for everyone."/><alias value="extensions"/><alias value="user content"/><min value="0"/><max value="*"/><base><path value="Element.extension"/><min value="0"/><max value="*"/></base><type><code value="Extension"/></type><constraint><key value="ele-1"/><severity value="error"/><human value="All FHIR elements must have a @value or children"/><expression value="hasValue() or (children().count() &gt; id.count())"/><xpath value="@value|f:*|h:div"/><source value="http://hl7.org/fhir/StructureDefinition/Element"/></constraint><constraint><key value="ext-1"/><severity value="error"/><human value="Must have either extensions or value[x], not both"/><expression value="extension.exists() != value.exists()"/><xpath value="exists(f:extension)!=exists(f:*[starts-with(local-name(.), &quot;value&quot;)])"/><source value="http://hl7.org/fhir/StructureDefinition/Extension"/></constraint><isModifier value="false"/><isSummary value="false"/><mapping><identity value="rim"/><map value="n/a"/></mapping></element><element id="DDCCCoreDataSet.certificate.modifierExtension"><path value="DDCCCoreDataSet.certificate.modifierExtension"/><short value="Extensions that cannot be ignored even if unrecognized"/><definition value="May be used to represent additional information that is not part of the basic definition of the element and that modifies the understanding of the element in which it is contained and/or the understanding of the containing element's descendants. Usually modifier elements provide negation or qualification. To make the use of extensions safe and manageable, there is a strict set of governance applied to the definition and use of extensions. Though any implementer can define an extension, there is a set of requirements that SHALL be met as part of the definition of the extension. Applications processing a resource are required to check for modifier extensions.&#xA;&#xA;Modifier extensions SHALL NOT change the meaning of any elements on Resource or DomainResource (including cannot change the meaning of modifierExtension itself)."/><comment value="There can be no stigma associated with the use of extensions by any application, project, or standard - regardless of the institution or jurisdiction that uses or defines the extensions.  The use of extensions is what allows the FHIR specification to retain a core level of simplicity for everyone."/><requirements value="Modifier extensions allow for extensions that *cannot* be safely ignored to be clearly distinguished from the vast majority of extensions which can be safely ignored.  This promotes interoperability by eliminating the need for implementers to prohibit the presence of extensions. For further information, see the [definition of modifier extensions](http://hl7.org/fhir/R4/extensibility.html#modifierExtension)."/><alias value="extensions"/><alias value="user content"/><alias value="modifiers"/><min value="0"/><max value="*"/><base><path value="BackboneElement.modifierExtension"/><min value="0"/><max value="*"/></base><type><code value="Extension"/></type><constraint><key value="ele-1"/><severity value="error"/><human value="All FHIR elements must have a @value or children"/><expression value="hasValue() or (children().count() &gt; id.count())"/><xpath value="@value|f:*|h:div"/><source value="http://hl7.org/fhir/StructureDefinition/Element"/></constraint><constraint><key value="ext-1"/><severity value="error"/><human value="Must have either extensions or value[x], not both"/><expression value="extension.exists() != value.exists()"/><xpath value="exists(f:extension)!=exists(f:*[starts-with(local-name(.), &quot;value&quot;)])"/><source value="http://hl7.org/fhir/StructureDefinition/Extension"/></constraint><isModifier value="true"/><isModifierReason value="Modifier extensions are expected to modify the meaning or interpretation of the element that contains them"/><isSummary value="true"/><mapping><identity value="rim"/><map value="N/A"/></mapping></element><element id="DDCCCoreDataSet.certificate.issuer"><path value="DDCCCoreDataSet.certificate.issuer"/><short value="Certificate issuer"/><definition value="Certificate issuer."/><min value="1"/><max value="1"/><base><path value="DDCCCoreDataSet.certificate.issuer"/><min value="1"/><max value="1"/></base><type><code value="Reference"/><targetProfile value="http://worldhealthorganization.github.io/ddcc/StructureDefinition/DDCCOrganization"/></type><isSummary value="true"/><mapping><identity value="ddcc-composition"/><map value="Composition.author.identifier"/></mapping><mapping><identity value="ddcc-immunization"/><map value="Immunization.protocolApplied.authority.identifier"/></mapping></element><element id="DDCCCoreDataSet.certificate.hcid"><path value="DDCCCoreDataSet.certificate.hcid"/><short value="Health certificate identifier (HCID)"/><definition value="Health certificate identifier (HCID)."/><min value="1"/><max value="1"/><base><path value="DDCCCoreDataSet.certificate.hcid"/><min value="1"/><max value="1"/></base><type><code value="Identifier"/></type><isSummary value="true"/></element><element id="DDCCCoreDataSet.certificate.ddccid"><path value="DDCCCoreDataSet.certificate.ddccid"/><short value="DDCC Identifier"/><definition value="DDCC Identifier"/><min value="0"/><max value="1"/><base><path value="DDCCCoreDataSet.certificate.ddccid"/><min value="0"/><max value="1"/></base><type><code value="Identifier"/></type><isSummary value="true"/></element><element id="DDCCCoreDataSet.certificate.version"><path value="DDCCCoreDataSet.certificate.version"/><short value="Certificate schema version"/><definition value="Certificate schema version"/><min value="1"/><max value="1"/><base><path value="DDCCCoreDataSet.certificate.version"/><min value="1"/><max value="1"/></base><type><code value="string"/></type><isSummary value="true"/></element><element id="DDCCCoreDataSet.certificate.period"><path value="DDCCCoreDataSet.certificate.period"/><short value="Certificate Validity Period"/><definition value="Certificate validity period."/><min value="0"/><max value="1"/><base><path value="DDCCCoreDataSet.certificate.period"/><min value="0"/><max value="1"/></base><type><code value="Period"/></type><constraint><key value="ele-1"/><severity value="error"/><human value="All FHIR elements must have a @value or children"/><expression value="hasValue() or (children().count() &gt; id.count())"/><xpath value="@value|f:*|h:div"/><source value="http://hl7.org/fhir/StructureDefinition/Element"/></constraint><constraint><key value="per-1"/><severity value="error"/><human value="If present, start SHALL have a lower value than end"/><expression value="start.hasValue().not() or end.hasValue().not() or (start &lt;= end)"/><xpath value="not(exists(f:start/@value)) or not(exists(f:end/@value)) or (xs:dateTime(f:start/@value) &lt;= xs:dateTime(f:end/@value))"/><source value="http://worldhealthorganization.github.io/ddcc/StructureDefinition/DDCCCoreDataSet"/></constraint><mapping><identity value="ddcc-composition"/><map value="Composition.event.period"/></mapping></element><element id="DDCCCoreDataSet.certificate.period.id"><path value="DDCCCoreDataSet.certificate.period.id"/><representation value="xmlAttr"/><short value="Unique id for inter-element referencing"/><definition value="Unique id for the element within a resource (for internal references). This may be any string value that does not contain spaces."/><min value="0"/><max value="1"/><base><path value="Element.id"/><min value="0"/><max value="1"/></base><type><extension url="http://hl7.org/fhir/StructureDefinition/structuredefinition-fhir-type"><valueUrl value="string"/></extension><code value="http://hl7.org/fhirpath/System.String"/></type><isModifier value="false"/><isSummary value="false"/><mapping><identity value="rim"/><map value="n/a"/></mapping></element><element id="DDCCCoreDataSet.certificate.period.extension"><path value="DDCCCoreDataSet.certificate.period.extension"/><slicing><discriminator><type value="value"/><path value="url"/></discriminator><description value="Extensions are always sliced by (at least) url"/><rules value="open"/></slicing><short value="Additional content defined by implementations"/><definition value="May be used to represent additional information that is not part of the basic definition of the element. To make the use of extensions safe and manageable, there is a strict set of governance  applied to the definition and use of extensions. Though any implementer can define an extension, there is a set of requirements that SHALL be met as part of the definition of the extension."/><comment value="There can be no stigma associated with the use of extensions by any application, project, or standard - regardless of the institution or jurisdiction that uses or defines the extensions.  The use of extensions is what allows the FHIR specification to retain a core level of simplicity for everyone."/><alias value="extensions"/><alias value="user content"/><min value="0"/><max value="*"/><base><path value="Element.extension"/><min value="0"/><max value="*"/></base><type><code value="Extension"/></type><constraint><key value="ele-1"/><severity value="error"/><human value="All FHIR elements must have a @value or children"/><expression value="hasValue() or (children().count() &gt; id.count())"/><xpath value="@value|f:*|h:div"/><source value="http://hl7.org/fhir/StructureDefinition/Element"/></constraint><constraint><key value="ext-1"/><severity value="error"/><human value="Must have either extensions or value[x], not both"/><expression value="extension.exists() != value.exists()"/><xpath value="exists(f:extension)!=exists(f:*[starts-with(local-name(.), &quot;value&quot;)])"/><source value="http://hl7.org/fhir/StructureDefinition/Extension"/></constraint><isModifier value="false"/><isSummary value="false"/><mapping><identity value="rim"/><map value="n/a"/></mapping></element><element id="DDCCCoreDataSet.certificate.period.start"><path value="DDCCCoreDataSet.certificate.period.start"/><short value="Starting time with inclusive boundary"/><definition value="The start of the period. The boundary is inclusive."/><comment value="If the low element is missing, the meaning is that the low boundary is not known."/><min value="0"/><max value="1"/><base><path value="Period.start"/><min value="0"/><max value="1"/></base><type><code value="dateTime"/></type><condition value="per-1"/><constraint><key value="ele-1"/><severity value="error"/><human value="All FHIR elements must have a @value or children"/><expression value="hasValue() or (children().count() &gt; id.count())"/><xpath value="@value|f:*|h:div"/><source value="http://hl7.org/fhir/StructureDefinition/Element"/></constraint><isModifier value="false"/><isSummary value="true"/><mapping><identity value="v2"/><map value="DR.1"/></mapping><mapping><identity value="rim"/><map value="./low"/></mapping></element><element id="DDCCCoreDataSet.certificate.period.end"><path value="DDCCCoreDataSet.certificate.period.end"/><short value="End time with inclusive boundary, if not ongoing"/><definition value="The end of the period. If the end of the period is missing, it means no end was known or planned at the time the instance was created. The start may be in the past, and the end date in the future, which means that period is expected/planned to end at that time."/><comment value="The high value includes any matching date/time. i.e. 2012-02-03T10:00:00 is in a period that has an end value of 2012-02-03."/><min value="0"/><max value="1"/><base><path value="Period.end"/><min value="0"/><max value="1"/></base><type><code value="dateTime"/></type><meaningWhenMissing value="If the end of the period is missing, it means that the period is ongoing"/><condition value="per-1"/><constraint><key value="ele-1"/><severity value="error"/><human value="All FHIR elements must have a @value or children"/><expression value="hasValue() or (children().count() &gt; id.count())"/><xpath value="@value|f:*|h:div"/><source value="http://hl7.org/fhir/StructureDefinition/Element"/></constraint><isModifier value="false"/><isSummary value="true"/><mapping><identity value="v2"/><map value="DR.2"/></mapping><mapping><identity value="rim"/><map value="./high"/></mapping></element><element id="DDCCCoreDataSet.certificate.period.start"><path value="DDCCCoreDataSet.certificate.period.start"/><short value="Certificate valid from"/><definition value="Start date of certificate validity."/><min value="0"/><max value="1"/><base><path value="DDCCCoreDataSet.certificate.period.start"/><min value="0"/><max value="1"/></base><type><code value="date"/></type></element><element id="DDCCCoreDataSet.certificate.period.end"><path value="DDCCCoreDataSet.certificate.period.end"/><short value="Certificate valid until"/><definition value="End date of certificate validity."/><min value="0"/><max value="1"/><base><path value="DDCCCoreDataSet.certificate.period.end"/><min value="0"/><max value="1"/></base><type><code value="date"/></type></element><element id="DDCCCoreDataSet.vaccination"><path value="DDCCCoreDataSet.vaccination"/><short value="Vaccination Event"/><definition value="A vaccination event."/><min value="1"/><max value="1"/><base><path value="DDCCCoreDataSet.vaccination"/><min value="1"/><max value="1"/></base><type><code value="BackboneElement"/></type><constraint><key value="who-ddcc-data-1"/><severity value="error"/><human value="Manufacturer or Market Authorization Holder SHALL be present"/><expression value="manufacturer.exists() or maholder.exists()"/><source value="http://worldhealthorganization.github.io/ddcc/StructureDefinition/DDCCCoreDataSet.VS"/></constraint><constraint><key value="ele-1"/><severity value="error"/><human value="All FHIR elements must have a @value or children"/><expression value="hasValue() or (children().count() &gt; id.count())"/><xpath value="@value|f:*|h:div"/><source value="http://hl7.org/fhir/StructureDefinition/Element"/></constraint><isSummary value="true"/></element><element id="DDCCCoreDataSet.vaccination.id"><path value="DDCCCoreDataSet.vaccination.id"/><representation value="xmlAttr"/><short value="Unique id for inter-element referencing"/><definition value="Unique id for the element within a resource (for internal references). This may be any string value that does not contain spaces."/><min value="0"/><max value="1"/><base><path value="Element.id"/><min value="0"/><max value="1"/></base><type><extension url="http://hl7.org/fhir/StructureDefinition/structuredefinition-fhir-type"><valueUrl value="string"/></extension><code value="http://hl7.org/fhirpath/System.String"/></type><isModifier value="false"/><isSummary value="false"/><mapping><identity value="rim"/><map value="n/a"/></mapping></element><element id="DDCCCoreDataSet.vaccination.extension"><path value="DDCCCoreDataSet.vaccination.extension"/><slicing><discriminator><type value="value"/><path value="url"/></discriminator><description value="Extensions are always sliced by (at least) url"/><rules value="open"/></slicing><short value="Additional content defined by implementations"/><definition value="May be used to represent additional information that is not part of the basic definition of the element. To make the use of extensions safe and manageable, there is a strict set of governance  applied to the definition and use of extensions. Though any implementer can define an extension, there is a set of requirements that SHALL be met as part of the definition of the extension."/><comment value="There can be no stigma associated with the use of extensions by any application, project, or standard - regardless of the institution or jurisdiction that uses or defines the extensions.  The use of extensions is what allows the FHIR specification to retain a core level of simplicity for everyone."/><alias value="extensions"/><alias value="user content"/><min value="0"/><max value="*"/><base><path value="Element.extension"/><min value="0"/><max value="*"/></base><type><code value="Extension"/></type><constraint><key value="ele-1"/><severity value="error"/><human value="All FHIR elements must have a @value or children"/><expression value="hasValue() or (children().count() &gt; id.count())"/><xpath value="@value|f:*|h:div"/><source value="http://hl7.org/fhir/StructureDefinition/Element"/></constraint><constraint><key value="ext-1"/><severity value="error"/><human value="Must have either extensions or value[x], not both"/><expression value="extension.exists() != value.exists()"/><xpath value="exists(f:extension)!=exists(f:*[starts-with(local-name(.), &quot;value&quot;)])"/><source value="http://hl7.org/fhir/StructureDefinition/Extension"/></constraint><isModifier value="false"/><isSummary value="false"/><mapping><identity value="rim"/><map value="n/a"/></mapping></element><element id="DDCCCoreDataSet.vaccination.modifierExtension"><path value="DDCCCoreDataSet.vaccination.modifierExtension"/><short value="Extensions that cannot be ignored even if unrecognized"/><definition value="May be used to represent additional information that is not part of the basic definition of the element and that modifies the understanding of the element in which it is contained and/or the understanding of the containing element's descendants. Usually modifier elements provide negation or qualification. To make the use of extensions safe and manageable, there is a strict set of governance applied to the definition and use of extensions. Though any implementer can define an extension, there is a set of requirements that SHALL be met as part of the definition of the extension. Applications processing a resource are required to check for modifier extensions.&#xA;&#xA;Modifier extensions SHALL NOT change the meaning of any elements on Resource or DomainResource (including cannot change the meaning of modifierExtension itself)."/><comment value="There can be no stigma associated with the use of extensions by any application, project, or standard - regardless of the institution or jurisdiction that uses or defines the extensions.  The use of extensions is what allows the FHIR specification to retain a core level of simplicity for everyone."/><requirements value="Modifier extensions allow for extensions that *cannot* be safely ignored to be clearly distinguished from the vast majority of extensions which can be safely ignored.  This promotes interoperability by eliminating the need for implementers to prohibit the presence of extensions. For further information, see the [definition of modifier extensions](http://hl7.org/fhir/R4/extensibility.html#modifierExtension)."/><alias value="extensions"/><alias value="user content"/><alias value="modifiers"/><min value="0"/><max value="*"/><base><path value="BackboneElement.modifierExtension"/><min value="0"/><max value="*"/></base><type><code value="Extension"/></type><constraint><key value="ele-1"/><severity value="error"/><human value="All FHIR elements must have a @value or children"/><expression value="hasValue() or (children().count() &gt; id.count())"/><xpath value="@value|f:*|h:div"/><source value="http://hl7.org/fhir/StructureDefinition/Element"/></constraint><constraint><key value="ext-1"/><severity value="error"/><human value="Must have either extensions or value[x], not both"/><expression value="extension.exists() != value.exists()"/><xpath value="exists(f:extension)!=exists(f:*[starts-with(local-name(.), &quot;value&quot;)])"/><source value="http://hl7.org/fhir/StructureDefinition/Extension"/></constraint><isModifier value="true"/><isModifierReason value="Modifier extensions are expected to modify the meaning or interpretation of the element that contains them"/><isSummary value="true"/><mapping><identity value="rim"/><map value="N/A"/></mapping></element><element id="DDCCCoreDataSet.vaccination.vaccine"><path value="DDCCCoreDataSet.vaccination.vaccine"/><short value="Vaccine or prophylaxis"/><definition value="Generic description of the vaccine or vaccine sub-type. e.g. COVID-19 mRNA vaccine, HPV vaccine."/><min value="1"/><max value="1"/><base><path value="DDCCCoreDataSet.vaccination.vaccine"/><min value="1"/><max value="1"/></base><type><code value="Coding"/></type><isSummary value="true"/><binding><strength value="preferred"/><valueSet value="http://worldhealthorganization.github.io/ddcc/ValueSet/who-ddcc-vaccines-covid-19"/></binding><mapping><identity value="ddcc-immunization"/><map value="Immunization.vaccineCode"/></mapping></element><element id="DDCCCoreDataSet.vaccination.brand"><path value="DDCCCoreDataSet.vaccination.brand"/><short value="Vaccine brand"/><definition value="The brand or trade name used to refer to the vaccine received."/><min value="1"/><max value="1"/><base><path value="DDCCCoreDataSet.vaccination.brand"/><min value="1"/><max value="1"/></base><type><code value="Coding"/></type><isSummary value="true"/><mapping><identity value="ddcc-immunization"/><map value="Immunization.extension[https://worldhealthorganization.github.io/ddcc/StructureDefinition/DDCCEventBrand]"/></mapping></element><element id="DDCCCoreDataSet.vaccination.manufacturer"><path value="DDCCCoreDataSet.vaccination.manufacturer"/><short value="Vaccine manufacturer"/><definition value="Name of the manufacturer of the vaccine received. e.g. Serum institute of India, AstraZeneca. If vaccine manufacturer is unknown, market authorization holder is REQUIRED."/><min value="0"/><max value="1"/><base><path value="DDCCCoreDataSet.vaccination.manufacturer"/><min value="0"/><max value="1"/></base><type><code value="Coding"/></type><isSummary value="true"/><mapping><identity value="ddcc-immunization"/><map value="Immunization.manufacturer"/></mapping></element><element id="DDCCCoreDataSet.vaccination.maholder"><path value="DDCCCoreDataSet.vaccination.maholder"/><short value="Vaccine market authorization holder"/><definition value="Name of the market authorization holder of the vaccine received. If market authorization holder is unknown, vaccine manufacturer is REQUIRED."/><min value="0"/><max value="1"/><base><path value="DDCCCoreDataSet.vaccination.maholder"/><min value="0"/><max value="1"/></base><type><code value="Coding"/></type><isSummary value="true"/><mapping><identity value="ddcc-immunization"/><map value="Immunization.extension[https://worldhealthorganization.github.io/ddcc/StructureDefinition/DDCCVaccineMarketAuthorization]"/></mapping></element><element id="DDCCCoreDataSet.vaccination.lot"><path value="DDCCCoreDataSet.vaccination.lot"/><short value="Vaccine lot number"/><definition value="Lot number or batch number of vaccination."/><min value="1"/><max value="1"/><base><path value="DDCCCoreDataSet.vaccination.lot"/><min value="1"/><max value="1"/></base><type><code value="string"/></type><isSummary value="true"/><mapping><identity value="ddcc-immunization"/><map value="Immunization.lotNumber"/></mapping></element><element id="DDCCCoreDataSet.vaccination.date"><path value="DDCCCoreDataSet.vaccination.date"/><short value="Date of vaccination"/><definition value="Date in which the vaccine was provided."/><min value="1"/><max value="1"/><base><path value="DDCCCoreDataSet.vaccination.date"/><min value="1"/><max value="1"/></base><type><code value="dateTime"/></type><isSummary value="true"/><mapping><identity value="ddcc-immunization"/><map value="Immunization.occurrence"/></mapping></element><element id="DDCCCoreDataSet.vaccination.validFrom"><path value="DDCCCoreDataSet.vaccination.validFrom"/><short value="Vaccination valid from"/><definition value="Date upon which provided vaccination is considered valid."/><min value="0"/><max value="1"/><base><path value="DDCCCoreDataSet.vaccination.validFrom"/><min value="0"/><max value="1"/></base><type><code value="date"/></type><mapping><identity value="ddcc-immunization"/><map value="Immunization.extension[https://worldhealthorganization.github.io/ddcc/StructureDefinition/DDCCVaccineValidFrom]"/></mapping></element><element id="DDCCCoreDataSet.vaccination.dose"><path value="DDCCCoreDataSet.vaccination.dose"/><short value="Dose number"/><definition value="Vaccine dose number."/><min value="1"/><max value="1"/><base><path value="DDCCCoreDataSet.vaccination.dose"/><min value="1"/><max value="1"/></base><type><code value="positiveInt"/></type><isSummary value="true"/><mapping><identity value="ddcc-immunization"/><map value="Immunization.protocolApplied.doseNumber"/></mapping></element><element id="DDCCCoreDataSet.vaccination.totalDoses"><path value="DDCCCoreDataSet.vaccination.totalDoses"/><short value="Total doses"/><definition value="Total expected doses as defined by Member State care plan and immunization programme policies."/><min value="0"/><max value="1"/><base><path value="DDCCCoreDataSet.vaccination.totalDoses"/><min value="0"/><max value="1"/></base><type><code value="positiveInt"/></type><mapping><identity value="ddcc-immunization"/><map value="Immunization.protocolApplied.seriesDoses"/></mapping></element><element id="DDCCCoreDataSet.vaccination.country"><path value="DDCCCoreDataSet.vaccination.country"/><short value="Country of vaccination"/><definition value="The country in which the individual has been vaccinated."/><min value="1"/><max value="1"/><base><path value="DDCCCoreDataSet.vaccination.country"/><min value="1"/><max value="1"/></base><type><code value="Coding"/></type><isSummary value="true"/><binding><strength value="preferred"/><valueSet value="http://hl7.org/fhir/ValueSet/iso3166-1-3"/></binding><mapping><identity value="ddcc"/><map value="Immunization.extension.where(url='https://worldhealthorganization.github.io/ddcc/StructureDefinition/DDCCCountryOfVaccination')"/></mapping><mapping><identity value="ddcc-immunization"/><map value="Immunization.extension[https://worldhealthorganization.github.io/ddcc/StructureDefinition/DDCCCountryOfEvent]"/></mapping></element><element id="DDCCCoreDataSet.vaccination.centre"><path value="DDCCCoreDataSet.vaccination.centre"/><short value="Administering centre"/><definition value="The name or identifier of the vaccination facility responsible for providing the vaccination."/><min value="0"/><max value="1"/><base><path value="DDCCCoreDataSet.vaccination.centre"/><min value="0"/><max value="1"/></base><type><code value="string"/></type><mapping><identity value="ddcc-immunization"/><map value="Immunization.location"/></mapping></element><element id="DDCCCoreDataSet.vaccination.signature"><path value="DDCCCoreDataSet.vaccination.signature"/><short value="Signature of health worker"/><definition value="REQUIRED for PAPER vaccination certificates ONLY. The health worker who provided the vaccination or the supervising clinician's hand-written signature."/><min value="0"/><max value="1"/><base><path value="DDCCCoreDataSet.vaccination.signature"/><min value="0"/><max value="1"/></base><type><code value="Signature"/></type></element><element id="DDCCCoreDataSet.vaccination.practitioner"><path value="DDCCCoreDataSet.vaccination.practitioner"/><short value="Health worker identifier"/><definition value="OPTIONAL for DIGITAL and PAPER vaccination certificates. The unique identifier for the health worker as determined by the member state. There can be more than one unique identifier used. (e.g. system generated ID, health profession number, cryptographic signature, or any other form of health worker unique identifier). This can be used in lieu of a paper-based signature."/><min value="0"/><max value="1"/><base><path value="DDCCCoreDataSet.vaccination.practitioner"/><min value="0"/><max value="1"/></base><type><code value="Identifier"/></type><mapping><identity value="ddcc-immunization"/><map value="Immunization.performer.actor"/></mapping></element><element id="DDCCCoreDataSet.vaccination.disease"><path value="DDCCCoreDataSet.vaccination.disease"/><short value="Disease or agent targeted"/><definition value="Name of disease vaccinated against (such as COVID-19)."/><min value="0"/><max value="1"/><base><path value="DDCCCoreDataSet.vaccination.disease"/><min value="0"/><max value="1"/></base><type><code value="Coding"/></type><binding><strength value="preferred"/><valueSet value="http://worldhealthorganization.github.io/ddcc/ValueSet/who-ddcc-disease-targeted-covid-19"/></binding><mapping><identity value="ddcc-immunization"/><map value="Immunization.protocolApplied.targetDisease"/></mapping></element><element id="DDCCCoreDataSet.vaccination.nextDose"><path value="DDCCCoreDataSet.vaccination.nextDose"/><short value="Due date of next dose"/><definition value="Date on which the next vaccination should be administered, if a next dose is REQUIRED."/><min value="0"/><max value="1"/><base><path value="DDCCCoreDataSet.vaccination.nextDose"/><min value="0"/><max value="1"/></base><type><code value="date"/></type><mapping><identity value="ddcc-immunization-recommendation"/><map value="ImmunizationRecommendation.dateCriterion.value"/></mapping></element></snapshot><differential><element id="DDCCCoreDataSet"><path value="DDCCCoreDataSet"/><short value="DDCC Core Data Set Logical Model for Vaccination Status"/><definition value="Data elements for the DDCC Core Data Set for Vaccination Status."/></element><element id="DDCCCoreDataSet.certificate.issuer"><path value="DDCCCoreDataSet.certificate.issuer"/><mapping><identity value="ddcc-immunization"/><map value="Immunization.protocolApplied.authority.identifier"/></mapping></element><element id="DDCCCoreDataSet.vaccination"><path value="DDCCCoreDataSet.vaccination"/><short value="Vaccination Event"/><definition value="A vaccination event."/><min value="1"/><max value="1"/><type><code value="BackboneElement"/></type><constraint><key value="who-ddcc-data-1"/><severity value="error"/><human value="Manufacturer or Market Authorization Holder SHALL be present"/><expression value="manufacturer.exists() or maholder.exists()"/><source value="http://worldhealthorganization.github.io/ddcc/StructureDefinition/DDCCCoreDataSet.VS"/></constraint><isSummary value="true"/></element><element id="DDCCCoreDataSet.vaccination.vaccine"><path value="DDCCCoreDataSet.vaccination.vaccine"/><short value="Vaccine or prophylaxis"/><definition value="Generic description of the vaccine or vaccine sub-type. e.g. COVID-19 mRNA vaccine, HPV vaccine."/><min value="1"/><max value="1"/><type><code value="Coding"/></type><isSummary value="true"/><binding><strength value="preferred"/><valueSet value="http://worldhealthorganization.github.io/ddcc/ValueSet/who-ddcc-vaccines-covid-19"/></binding><mapping><identity value="ddcc-immunization"/><map value="Immunization.vaccineCode"/></mapping></element><element id="DDCCCoreDataSet.vaccination.brand"><path value="DDCCCoreDataSet.vaccination.brand"/><short value="Vaccine brand"/><definition value="The brand or trade name used to refer to the vaccine received."/><min value="1"/><max value="1"/><type><code value="Coding"/></type><isSummary value="true"/><mapping><identity value="ddcc-immunization"/><map value="Immunization.extension[https://worldhealthorganization.github.io/ddcc/StructureDefinition/DDCCEventBrand]"/></mapping></element><element id="DDCCCoreDataSet.vaccination.manufacturer"><path value="DDCCCoreDataSet.vaccination.manufacturer"/><short value="Vaccine manufacturer"/><definition value="Name of the manufacturer of the vaccine received. e.g. Serum institute of India, AstraZeneca. If vaccine manufacturer is unknown, market authorization holder is REQUIRED."/><min value="0"/><max value="1"/><type><code value="Coding"/></type><isSummary value="true"/><mapping><identity value="ddcc-immunization"/><map value="Immunization.manufacturer"/></mapping></element><element id="DDCCCoreDataSet.vaccination.maholder"><path value="DDCCCoreDataSet.vaccination.maholder"/><short value="Vaccine market authorization holder"/><definition value="Name of the market authorization holder of the vaccine received. If market authorization holder is unknown, vaccine manufacturer is REQUIRED."/><min value="0"/><max value="1"/><type><code value="Coding"/></type><isSummary value="true"/><mapping><identity value="ddcc-immunization"/><map value="Immunization.extension[https://worldhealthorganization.github.io/ddcc/StructureDefinition/DDCCVaccineMarketAuthorization]"/></mapping></element><element id="DDCCCoreDataSet.vaccination.lot"><path value="DDCCCoreDataSet.vaccination.lot"/><short value="Vaccine lot number"/><definition value="Lot number or batch number of vaccination."/><min value="1"/><max value="1"/><type><code value="string"/></type><isSummary value="true"/><mapping><identity value="ddcc-immunization"/><map value="Immunization.lotNumber"/></mapping></element><element id="DDCCCoreDataSet.vaccination.date"><path value="DDCCCoreDataSet.vaccination.date"/><short value="Date of vaccination"/><definition value="Date in which the vaccine was provided."/><min value="1"/><max value="1"/><type><code value="dateTime"/></type><isSummary value="true"/><mapping><identity value="ddcc-immunization"/><map value="Immunization.occurrence"/></mapping></element><element id="DDCCCoreDataSet.vaccination.validFrom"><path value="DDCCCoreDataSet.vaccination.validFrom"/><short value="Vaccination valid from"/><definition value="Date upon which provided vaccination is considered valid."/><min value="0"/><max value="1"/><type><code value="date"/></type><mapping><identity value="ddcc-immunization"/><map value="Immunization.extension[https://worldhealthorganization.github.io/ddcc/StructureDefinition/DDCCVaccineValidFrom]"/></mapping></element><element id="DDCCCoreDataSet.vaccination.dose"><path value="DDCCCoreDataSet.vaccination.dose"/><short value="Dose number"/><definition value="Vaccine dose number."/><min value="1"/><max value="1"/><type><code value="positiveInt"/></type><isSummary value="true"/><mapping><identity value="ddcc-immunization"/><map value="Immunization.protocolApplied.doseNumber"/></mapping></element><element id="DDCCCoreDataSet.vaccination.totalDoses"><path value="DDCCCoreDataSet.vaccination.totalDoses"/><short value="Total doses"/><definition value="Total expected doses as defined by Member State care plan and immunization programme policies."/><min value="0"/><max value="1"/><type><code value="positiveInt"/></type><mapping><identity value="ddcc-immunization"/><map value="Immunization.protocolApplied.seriesDoses"/></mapping></element><element id="DDCCCoreDataSet.vaccination.country"><path value="DDCCCoreDataSet.vaccination.country"/><short value="Country of vaccination"/><definition value="The country in which the individual has been vaccinated."/><min value="1"/><max value="1"/><type><code value="Coding"/></type><isSummary value="true"/><binding><strength value="preferred"/><valueSet value="http://hl7.org/fhir/ValueSet/iso3166-1-3"/></binding><mapping><identity value="ddcc"/><map value="Immunization.extension.where(url='https://worldhealthorganization.github.io/ddcc/StructureDefinition/DDCCCountryOfVaccination')"/></mapping><mapping><identity value="ddcc-immunization"/><map value="Immunization.extension[https://worldhealthorganization.github.io/ddcc/StructureDefinition/DDCCCountryOfEvent]"/></mapping></element><element id="DDCCCoreDataSet.vaccination.centre"><path value="DDCCCoreDataSet.vaccination.centre"/><short value="Administering centre"/><definition value="The name or identifier of the vaccination facility responsible for providing the vaccination."/><min value="0"/><max value="1"/><type><code value="string"/></type><mapping><identity value="ddcc-immunization"/><map value="Immunization.location"/></mapping></element><element id="DDCCCoreDataSet.vaccination.signature"><path value="DDCCCoreDataSet.vaccination.signature"/><short value="Signature of health worker"/><definition value="REQUIRED for PAPER vaccination certificates ONLY. The health worker who provided the vaccination or the supervising clinician's hand-written signature."/><min value="0"/><max value="1"/><type><code value="Signature"/></type></element><element id="DDCCCoreDataSet.vaccination.practitioner"><path value="DDCCCoreDataSet.vaccination.practitioner"/><short value="Health worker identifier"/><definition value="OPTIONAL for DIGITAL and PAPER vaccination certificates. The unique identifier for the health worker as determined by the member state. There can be more than one unique identifier used. (e.g. system generated ID, health profession number, cryptographic signature, or any other form of health worker unique identifier). This can be used in lieu of a paper-based signature."/><min value="0"/><max value="1"/><type><code value="Identifier"/></type><mapping><identity value="ddcc-immunization"/><map value="Immunization.performer.actor"/></mapping></element><element id="DDCCCoreDataSet.vaccination.disease"><path value="DDCCCoreDataSet.vaccination.disease"/><short value="Disease or agent targeted"/><definition value="Name of disease vaccinated against (such as COVID-19)."/><min value="0"/><max value="1"/><type><code value="Coding"/></type><binding><strength value="preferred"/><valueSet value="http://worldhealthorganization.github.io/ddcc/ValueSet/who-ddcc-disease-targeted-covid-19"/></binding><mapping><identity value="ddcc-immunization"/><map value="Immunization.protocolApplied.targetDisease"/></mapping></element><element id="DDCCCoreDataSet.vaccination.nextDose"><path value="DDCCCoreDataSet.vaccination.nextDose"/><short value="Due date of next dose"/><definition value="Date on which the next vaccination should be administered, if a next dose is REQUIRED."/><min value="0"/><max value="1"/><type><code value="date"/></type><mapping><identity value="ddcc-immunization-recommendation"/><map value="ImmunizationRecommendation.dateCriterion.value"/></mapping></element></differential></StructureDefinition>