<?xml version="1.0" encoding="UTF-8"?><ValueSet xmlns="http://hl7.org/fhir"><id value="DDCC-Folder-DesignationType"/><text><status value="generated"/><div xmlns="http://www.w3.org/1999/xhtml"><ul><li>Include all codes defined in <a href="CodeSystem-DDCC-Folder-DesignationType.html"><code>http://worldhealthorganization.github.io/ddcc/CodeSystem/DDCC-Folder-DesignationType</code></a></li></ul></div></text><url value="http://worldhealthorganization.github.io/ddcc/ValueSet/DDCC-Folder-DesignationType"/><version value="1.0.0"/><name value="DDCC_Folder_DesignationType_ValueSet"/><title value="DDCC DesignationTypes for Folder"/><status value="active"/><date value="2022-03-26T21:07:52+00:00"/><publisher value="WHO"/><contact><name value="WHO"/><telecom><system value="url"/><value value="http://who.int"/></telecom></contact><description value="DDCC Designation Types ValueSet for DDCC Folders."/><jurisdiction><coding><system value="http://unstats.un.org/unsd/methods/m49/m49.htm"/><code value="001"/></coding></jurisdiction><compose><include><system value="http://worldhealthorganization.github.io/ddcc/CodeSystem/DDCC-Folder-DesignationType"/></include></compose></ValueSet>