<?xml version="1.0" encoding="UTF-8"?><ValueSet xmlns="http://hl7.org/fhir"><id value="DIVOC-ValueSet"/><text><status value="generated"/><div xmlns="http://www.w3.org/1999/xhtml"><ul><li>Include all codes defined in <a href="CodeSystem-DIVOC-CodeSystem.html"><code>http://worldhealthorganization.github.io/ddcc/DIVOC</code></a></li></ul></div></text><url value="http://worldhealthorganization.github.io/ddcc/ValueSet/DIVOC-ValueSet"/><version value="1.0.0"/><name value="DIVOC_ValueSet"/><title value="COVID-19 Vaccine Codes for DIVOC"/><status value="draft"/><date value="2023-01-08T23:46:44+00:00"/><publisher value="WHO"/><contact><name value="WHO"/><telecom><system value="url"/><value value="http://who.int"/></telecom></contact><description value="COVID-19 Vaccine codes for DIVOC so the FHIR server can perform expansions."/><jurisdiction><coding><system value="http://unstats.un.org/unsd/methods/m49/m49.htm"/><code value="001"/></coding></jurisdiction><compose><include><system value="http://worldhealthorganization.github.io/ddcc/DIVOC"/></include></compose></ValueSet>