{"resourceType":"CodeSystem","id":"DDCC-Device-Property-CodeSystem","text":{"status":"generated","div":"<div xmlns=\"http://www.w3.org/1999/xhtml\"><p>This code system http://worldhealthorganization.github.io/ddcc/CodeSystem/DDCC-Device-Property-CodeSystem defines the following codes:</p><table class=\"codes\"><tr><td style=\"white-space:nowrap\"><b>Code</b></td><td><b>Display</b></td></tr><tr><td style=\"white-space:nowrap\">pathogen<a name=\"DDCC-Device-Property-CodeSystem-pathogen\"> </a></td><td>Pathogen Targeted</td></tr><tr><td style=\"white-space:nowrap\">brand<a name=\"DDCC-Device-Property-CodeSystem-brand\"> </a></td><td>Test Brand</td></tr></table></div>"},"url":"http://worldhealthorganization.github.io/ddcc/CodeSystem/DDCC-Device-Property-CodeSystem","version":"0.3.1","name":"DDCC_Device_Property_CodeSystem","title":"DDCC Device Property Codes","status":"active","date":"2022-01-19T20:52:52+00:00","publisher":"WHO","contact":[{"name":"WHO","telecom":[{"system":"url","value":"http://who.int"}]}],"description":"Possible properties available for devices.","jurisdiction":[{"coding":[{"system":"http://unstats.un.org/unsd/methods/m49/m49.htm","code":"001"}]}],"content":"complete","count":2,"concept":[{"code":"pathogen","display":"Pathogen Targeted"},{"code":"brand","display":"Test Brand"}]}