{"resourceType":"ImplementationGuide","id":"fhir.who.ddcc-vs","text":{"status":"extensions","div":"<div xmlns=\"http://www.w3.org/1999/xhtml\"><h2>ddccvs</h2><p>The official URL for this implementation guide is: </p><pre>http://worldhealthorganization.github.io/ddcc/ImplementationGuide/fhir.who.ddcc-vs</pre><div><p>TODO</p>\n</div></div>"},"url":"http://worldhealthorganization.github.io/ddcc/ImplementationGuide/fhir.who.ddcc-vs","version":"0.3.1","name":"ddccvs","title":"WHO Digital Documentation of COVID-19 Certificates (DDCC)","status":"draft","date":"2021-11-12","publisher":"WHO","contact":[{"name":"WHO","telecom":[{"system":"url","value":"http://who.int"}]}],"description":"TODO","jurisdiction":[{"coding":[{"system":"http://unstats.un.org/unsd/methods/m49/m49.htm","code":"001"}]}],"packageId":"fhir.who.ddcc-vs","license":"CC0-1.0","fhirVersion":["4.0.1"],"dependsOn":[{"id":"hl7_fhir_uv_ips","uri":"http://hl7.org/fhir/uv/ips/ImplementationGuide/hl7.fhir.uv.ips","packageId":"hl7.fhir.uv.ips","version":"1.0.0"},{"id":"hl7_fhir_uv_sdc","uri":"http://hl7.org/fhir/uv/sdc/ImplementationGuide/hl7.fhir.uv.sdc","packageId":"hl7.fhir.uv.sdc","version":"current"},{"id":"ihe_mhd_fhir","uri":"http://profiles.ihe.net/ITI/MHD/ImplementationGuide/ihe.mhd.fhir","packageId":"ihe.mhd.fhir","version":"4.0.2"}],"definition":{"extension":[{"extension":[{"url":"code","valueString":"copyrightyear"},{"url":"value","valueString":"2021+"}],"url":"http://hl7.org/fhir/tools/StructureDefinition/ig-parameter"},{"extension":[{"url":"code","valueString":"releaselabel"},{"url":"value","valueString":"CI Build"}],"url":"http://hl7.org/fhir/tools/StructureDefinition/ig-parameter"},{"extension":[{"url":"code","valueString":"path-liquid"},{"url":"value","valueString":"template/liquid"}],"url":"http://hl7.org/fhir/tools/StructureDefinition/ig-parameter"},{"extension":[{"url":"code","valueString":"path-liquid"},{"url":"value","valueString":"input/liquid"}],"url":"http://hl7.org/fhir/tools/StructureDefinition/ig-parameter"},{"extension":[{"url":"code","valueString":"path-qa"},{"url":"value","valueString":"temp/qa"}],"url":"http://hl7.org/fhir/tools/StructureDefinition/ig-parameter"},{"extension":[{"url":"code","valueString":"path-temp"},{"url":"value","valueString":"temp/pages"}],"url":"http://hl7.org/fhir/tools/StructureDefinition/ig-parameter"},{"extension":[{"url":"code","valueString":"path-output"},{"url":"value","valueString":"output"}],"url":"http://hl7.org/fhir/tools/StructureDefinition/ig-parameter"},{"extension":[{"url":"code","valueString":"path-suppressed-warnings"},{"url":"value","valueString":"input/ignoreWarnings.txt"}],"url":"http://hl7.org/fhir/tools/StructureDefinition/ig-parameter"},{"extension":[{"url":"code","valueString":"path-history"},{"url":"value","valueString":"http://worldhealthorganization.github.io/ddcc/history.html"}],"url":"http://hl7.org/fhir/tools/StructureDefinition/ig-parameter"},{"extension":[{"url":"code","valueString":"template-html"},{"url":"value","valueString":"template-page.html"}],"url":"http://hl7.org/fhir/tools/StructureDefinition/ig-parameter"},{"extension":[{"url":"code","valueString":"template-md"},{"url":"value","valueString":"template-page-md.html"}],"url":"http://hl7.org/fhir/tools/StructureDefinition/ig-parameter"},{"extension":[{"url":"code","valueString":"apply-contact"},{"url":"value","valueString":"true"}],"url":"http://hl7.org/fhir/tools/StructureDefinition/ig-parameter"},{"extension":[{"url":"code","valueString":"apply-context"},{"url":"value","valueString":"true"}],"url":"http://hl7.org/fhir/tools/StructureDefinition/ig-parameter"},{"extension":[{"url":"code","valueString":"apply-copyright"},{"url":"value","valueString":"true"}],"url":"http://hl7.org/fhir/tools/StructureDefinition/ig-parameter"},{"extension":[{"url":"code","valueString":"apply-jurisdiction"},{"url":"value","valueString":"true"}],"url":"http://hl7.org/fhir/tools/StructureDefinition/ig-parameter"},{"extension":[{"url":"code","valueString":"apply-license"},{"url":"value","valueString":"true"}],"url":"http://hl7.org/fhir/tools/StructureDefinition/ig-parameter"},{"extension":[{"url":"code","valueString":"apply-publisher"},{"url":"value","valueString":"true"}],"url":"http://hl7.org/fhir/tools/StructureDefinition/ig-parameter"},{"extension":[{"url":"code","valueString":"apply-version"},{"url":"value","valueString":"true"}],"url":"http://hl7.org/fhir/tools/StructureDefinition/ig-parameter"},{"extension":[{"url":"code","valueString":"active-tables"},{"url":"value","valueString":"true"}],"url":"http://hl7.org/fhir/tools/StructureDefinition/ig-parameter"}],"grouping":[{"id":"-dyn-capabilitystatement","name":"Behavior: Capability Statements","description":"The following artifacts define the specific capabilities that different types of systems are expected to have in order to comply with this implementation guide.  Systems conforming to this implementation guide are expected to declare conformance to one or more of the following capability statements."},{"id":"-dyn-operationdefinition","name":"Behavior: Operation Definitions","description":"These are custom operations that can be supported by and/or invoked by systems conforming to this implementation guide"},{"id":"-str-logicalmodel","name":"Structures: Logical Models","description":"These define data models that represent the domain covered by this implementation guide in more business-friendly terms than the underlying FHIR resources."},{"id":"-str-questionnaire","name":"Structures: Questionnaires","description":"These define forms used by systems conforming to this implementation guide to capture or expose data to end users"},{"id":"-str-abstractprofile","name":"Structures: Abstract Profiles","description":"These are profiles on resources or data types that describe patterns used by other profiles, but cannot be instantiated directly.  I.e. instances can conform to profiles *based* on these abstract profiles, but do not declare conformance to the abstract profiles themselves."},{"id":"-str-profile","name":"Structures: Resource Profiles","description":"These define constraints on FHIR resources for systems conforming to this implementation guide"},{"id":"-str-extension","name":"Structures: Extension Definitions","description":"These define constraints on FHIR data types for systems conforming to this implementation guide"},{"id":"-term-valueset","name":"Terminology: Value Sets","description":"These define sets of codes used by systems conforming to this implementation guide"},{"id":"-term-codesystem","name":"Terminology: Code Systems","description":"These define new code systems used by systems conforming to this implementation guide"},{"id":"-map-structuremap","name":"Terminology: Structure Maps","description":"These define transformations to convert between data structures used by systems conforming to this implementation guide"},{"id":"-map-conceptmap","name":"Terminology: Concept Maps","description":"These define transformations to convert between codes by systems conforming with this implementation guide"},{"id":"-ex-example","name":"Example: Example Instances","description":"These are example instances that show what data produced and consumed by systems conforming with this implementation guide might look like"},{"id":"-other","name":"Other","description":"These are resources that are used within this implementation guide that do not fit into one of the other categories"}],"resource":[{"extension":[{"url":"http://hl7.org/fhir/StructureDefinition/implementationguide-page","valueUri":"StructureDefinition-DDCCAddBundle.html"}],"reference":{"reference":"StructureDefinition/DDCCAddBundle"},"name":"DDCC Add Bundle","description":"Bundle to be transformed to from the DDCC QuestionnaireResponse\nto add on the DDCC generator.","exampleBoolean":false,"groupingId":"-str-profile"},{"extension":[{"url":"http://hl7.org/fhir/StructureDefinition/implementationguide-page","valueUri":"StructureDefinition-DDCCComposition.html"}],"reference":{"reference":"StructureDefinition/DDCCComposition"},"name":"DDCC Composition","description":"Describes the logical structure for a Digital Documentation of COVID-19 Certificates \n(DDCC).  ","exampleBoolean":false,"groupingId":"-str-profile"},{"extension":[{"url":"http://hl7.org/fhir/StructureDefinition/implementationguide-page","valueUri":"StructureDefinition-DDCCDiagnosticReport.html"}],"reference":{"reference":"StructureDefinition/DDCCDiagnosticReport"},"name":"DDCC Diagnostic Report","description":"A DDCC Diagnostic Report contains the content corresponding to a row in the Test \nEvents section of a Paper DDCC. While this is not a further profile of the International\nPatient Summary (IPS) DiagnosticReport resouce, this is intended to map into an IPS \nDiagnosticReport resource.","exampleBoolean":false,"groupingId":"-str-profile"},{"extension":[{"url":"http://hl7.org/fhir/StructureDefinition/implementationguide-page","valueUri":"StructureDefinition-DDCCDocument.html"}],"reference":{"reference":"StructureDefinition/DDCCDocument"},"name":"DDCC Document","description":"A [DDCC Document](StructureDefinition-DDCCDocument.html) is a document bundle containing the DDCC.\n","exampleBoolean":false,"groupingId":"-str-profile"},{"extension":[{"url":"http://hl7.org/fhir/StructureDefinition/implementationguide-page","valueUri":"StructureDefinition-DDCCDocumentReference.html"}],"reference":{"reference":"StructureDefinition/DDCCDocumentReference"},"name":"DDCC Document Reference","description":"A [DDCC Document Reference](StructureDefinition-DDCCDocumentReference.html) is a \ndocument reference to a [DDCC Document](StructureDefinition-DDCCDocument.html) \ncontaining the DDCC.\nThe content attachment url will point to a DDCC Document.","exampleBoolean":false,"groupingId":"-str-profile"},{"extension":[{"url":"http://hl7.org/fhir/StructureDefinition/implementationguide-page","valueUri":"StructureDefinition-DDCCDocumentReferenceQR.html"}],"reference":{"reference":"StructureDefinition/DDCCDocumentReferenceQR"},"name":"DDCC DocumentReference return for QR","description":"DDCC DocumentReference for QR codes including the QR image and the serialized content.","exampleBoolean":false,"groupingId":"-str-profile"},{"extension":[{"url":"http://hl7.org/fhir/StructureDefinition/implementationguide-page","valueUri":"StructureDefinition-DDCCDocumentSigned.html"}],"reference":{"reference":"StructureDefinition/DDCCDocumentSigned"},"name":"DDCC DocumentSigned","description":"A [DDCC Document Signed](StructureDefinition-DDCCDocumentSigned.html) is a document bundle containing the DDCC\nthat has a digital signature.\n","exampleBoolean":false,"groupingId":"-str-profile"},{"extension":[{"url":"http://hl7.org/fhir/StructureDefinition/implementationguide-page","valueUri":"StructureDefinition-DDCCFolder.html"}],"reference":{"reference":"StructureDefinition/DDCCFolder"},"name":"DDCC Folder","description":"DDCC Folder of the Paper Certificate","exampleBoolean":false,"groupingId":"-str-profile"},{"extension":[{"url":"http://hl7.org/fhir/StructureDefinition/implementationguide-page","valueUri":"StructureDefinition-DDCCGenerateHealthCertificateParameters.html"}],"reference":{"reference":"StructureDefinition/DDCCGenerateHealthCertificateParameters"},"name":"DDCC Generate Health Certificate Parameters","description":"Parameters for the [DDCC Generate Health Certificate Operation](OperationDefinition-DDCC-QuestionnaireResponse-generateHealthCertificate.html).","exampleBoolean":false,"groupingId":"-str-profile"},{"extension":[{"url":"http://hl7.org/fhir/StructureDefinition/implementationguide-page","valueUri":"StructureDefinition-DDCCImmunization.html"}],"reference":{"reference":"StructureDefinition/DDCCImmunization"},"name":"DDCC Immunization","description":"A DDCC Immunization contains the content corresponding to a row in the Vaccination \nEvents section of a Paper DDCC. While this is not a further profile of the International\nPatient Summary (IPS) Immunization resouce, this is intended to map into an IPS \nImmunization resource.","exampleBoolean":false,"groupingId":"-str-profile"},{"extension":[{"url":"http://hl7.org/fhir/StructureDefinition/implementationguide-page","valueUri":"StructureDefinition-DDCCImmunizationRecommendation.html"}],"reference":{"reference":"StructureDefinition/DDCCImmunizationRecommendation"},"name":"DDCC Immunization Recommendation","description":"A DDCC Immunization Recommendation contains the content corresponding to when\na patient should return for a booster shot.","exampleBoolean":false,"groupingId":"-str-profile"},{"extension":[{"url":"http://hl7.org/fhir/StructureDefinition/implementationguide-page","valueUri":"StructureDefinition-DDCCObservation.html"}],"reference":{"reference":"StructureDefinition/DDCCObservation"},"name":"DDCC Observation","description":"A DDCC Observation contains the content corresponding to a row in the Test \nEvents section of a Paper DDCC. While this is not a further profile of the International\nPatient Summary (IPS) Observation resouce, this is intended to map into an IPS \nObservation resource.","exampleBoolean":false,"groupingId":"-str-profile"},{"extension":[{"url":"http://hl7.org/fhir/StructureDefinition/implementationguide-page","valueUri":"StructureDefinition-DDCCOrganization.html"}],"reference":{"reference":"StructureDefinition/DDCCOrganization"},"name":"DDCC Organization","description":"Abstraction for a DDCC Organization. There should be a DDCC Organization associated \nto each public health authortiy (PHA)","exampleBoolean":false,"groupingId":"-str-profile"},{"extension":[{"url":"http://hl7.org/fhir/StructureDefinition/implementationguide-page","valueUri":"StructureDefinition-DDCCPatient.html"}],"reference":{"reference":"StructureDefinition/DDCCPatient"},"name":"DDCC Patient","description":"A DDCCPatient should:\n* if the [identifier.assigner](StructureDefinition-DDCCPatient-definitions.html#Patient.identifier] is set then the value of [identifier.assigner](StructureDefinition-DDCCPatient-definitions.html#Patient.identifier.assigner) should be set to reference the [DDCC Organization](StructureDefinition-DDCCOrganization.html) resource associated to the PHA.\n* obeys who-ddcc-patient-1\n","exampleBoolean":false,"groupingId":"-str-profile"},{"extension":[{"url":"http://hl7.org/fhir/StructureDefinition/implementationguide-page","valueUri":"StructureDefinition-DDCCPractitioner.html"}],"reference":{"reference":"StructureDefinition/DDCCPractitioner"},"name":"DDCC Practitioner","description":"Container for an DDCC Practitioner, which is a Practitioner authorized by the PHA to \nvaccinate an [DDCC Patient](StructureDefinition-DDCCPatient.html).\n","exampleBoolean":false,"groupingId":"-str-profile"},{"extension":[{"url":"http://hl7.org/fhir/StructureDefinition/implementationguide-page","valueUri":"StructureDefinition-DDCCPractitionerRole.html"}],"reference":{"reference":"StructureDefinition/DDCCPractitionerRole"},"name":"DDCC Practitioner Role","description":"Association of an [DDCC Practitioner](StructureDefinition-DDCCPractitioner.html) to a \nmanaging [DDCC Organization](StructureDefinition-DDCCOrganization.html), indicating \nthat an DDCC Practitioner is authorized by the public health authority (PHA) to \nvaccinate an [DDCC Patient](StructureDefinition-DDCCPatient.html).\n","exampleBoolean":false,"groupingId":"-str-profile"},{"extension":[{"url":"http://hl7.org/fhir/StructureDefinition/implementationguide-page","valueUri":"StructureDefinition-DDCCProcedure.html"}],"reference":{"reference":"StructureDefinition/DDCCProcedure"},"name":"DDCC Procedure","description":"A DDCC Procedure contains the content corresponding to a row in the Test \nEvents section of a Paper DDCC. While this is not a further profile of the International\nPatient Summary (IPS) Procedure resouce, this is intended to map into an IPS \nProcedure resource.","exampleBoolean":false,"groupingId":"-str-profile"},{"extension":[{"url":"http://hl7.org/fhir/StructureDefinition/implementationguide-page","valueUri":"StructureDefinition-DDCCProvideDocumentBundle.html"}],"reference":{"reference":"StructureDefinition/DDCCProvideDocumentBundle"},"name":"DDCC Provide Document Bundle","description":"DDCC Provide Document Bundle for ITI-65","exampleBoolean":false,"groupingId":"-str-profile"},{"extension":[{"url":"http://hl7.org/fhir/StructureDefinition/implementationguide-page","valueUri":"StructureDefinition-DDCCQuestionnaire.html"}],"reference":{"reference":"StructureDefinition/DDCCQuestionnaire"},"name":"DDCC Questionniare","description":"Describes the logical structure for a questionnaire associacted to a DDCC which includes a Structure Map to generate the relevant DDCC from a given [DDCC QuestionnaireResponse](StructureDefinition-DDCCQuestionnaireResponse.html) which responds to the DDCC Questionnaire.","exampleBoolean":false,"groupingId":"-str-abstractprofile"},{"extension":[{"url":"http://hl7.org/fhir/StructureDefinition/implementationguide-page","valueUri":"StructureDefinition-DDCCQuestionnaireResponse.html"}],"reference":{"reference":"StructureDefinition/DDCCQuestionnaireResponse"},"name":"DDCC Questionnaire Response","description":"Describes the logical structure for a questionnaire response associacted to a [DDCC Questionaire](StructureDefinition-DDCCQuestionnaire.html). ","exampleBoolean":false,"groupingId":"-str-abstractprofile"},{"extension":[{"url":"http://hl7.org/fhir/StructureDefinition/implementationguide-page","valueUri":"StructureDefinition-DDCCQuestionnaireSDC.html"}],"reference":{"reference":"StructureDefinition/DDCCQuestionnaireSDC"},"name":"DDCC Questionnaire based on SDC","description":"DDCC Questionniare based on SDC Populatable Questionnaire with additional extension","exampleBoolean":false,"groupingId":"-str-profile"},{"extension":[{"url":"http://hl7.org/fhir/StructureDefinition/implementationguide-page","valueUri":"StructureDefinition-DDCCRevokeHealthCertificateParameters.html"}],"reference":{"reference":"StructureDefinition/DDCCRevokeHealthCertificateParameters"},"name":"DDCC Revoke Health Certificate Parameters","description":"Parameters for the [DDCC Revoke Health Certificate Operation](OperationDefinition-DDCC-QuestionnaireResponse-revokeHealthCertificate.html).","exampleBoolean":false,"groupingId":"-str-profile"},{"extension":[{"url":"http://hl7.org/fhir/StructureDefinition/implementationguide-page","valueUri":"StructureDefinition-DDCCSpecimen.html"}],"reference":{"reference":"StructureDefinition/DDCCSpecimen"},"name":"DDCC Specimen","description":"A DDCC Specimen contains the content corresponding to a row in the Test \nEvents section of a Paper DDCC. While this is not a further profile of the International\nPatient Summary (IPS) Specimen resouce, this is intended to map into an IPS \nSpecimen resource.","exampleBoolean":false,"groupingId":"-str-profile"},{"extension":[{"url":"http://hl7.org/fhir/StructureDefinition/implementationguide-page","valueUri":"StructureDefinition-DDCCSubmissionSet.html"}],"reference":{"reference":"StructureDefinition/DDCCSubmissionSet"},"name":"DDCC Submission Set","description":"DDCC Submission Set for ITI-65","exampleBoolean":false,"groupingId":"-str-profile"},{"extension":[{"url":"http://hl7.org/fhir/StructureDefinition/implementationguide-page","valueUri":"StructureDefinition-DDCCSubmitHealthEventRequest.html"}],"reference":{"reference":"StructureDefinition/DDCCSubmitHealthEventRequest"},"name":"DDCC Submit Health Event Request","description":"An [DDCC Submit Health Event Request](StructureDefinition-DDCCSubmitHealthEventRequest.html) is a transaction bundle containing the content of health events which are being submitted under the [Submit Health Event](transactions.html#submit-health-event) transaction.","exampleBoolean":false,"groupingId":"-str-profile"},{"extension":[{"url":"http://hl7.org/fhir/StructureDefinition/implementationguide-page","valueUri":"StructureDefinition-DDCCSubmitHealthEventResponse.html"}],"reference":{"reference":"StructureDefinition/DDCCSubmitHealthEventResponse"},"name":"DDCC Submit Health Event Response","description":"A DDCC Submit Health Event Response](StructureDefinition-DDCCSubmitHealthEventRespose.html) is a transaction reponse bundle containing the operation outcomes for the submission of one or more health certificates under the [Submit Health Event](transactions.html#submit-health-event) transaction.\n","exampleBoolean":false,"groupingId":"-str-profile"},{"extension":[{"url":"http://hl7.org/fhir/StructureDefinition/implementationguide-page","valueUri":"StructureDefinition-DDCCTRComposition.html"}],"reference":{"reference":"StructureDefinition/DDCCTRComposition"},"name":"DDCC:TR Composition","description":"Describes the logical structure for a Digital Documentation of COVID-19 Certificates - Test Results\n(DDCC:TR).  ","exampleBoolean":false,"groupingId":"-str-profile"},{"extension":[{"url":"http://hl7.org/fhir/StructureDefinition/implementationguide-page","valueUri":"StructureDefinition-DDCCTRDocument.html"}],"reference":{"reference":"StructureDefinition/DDCCTRDocument"},"name":"DDCC:VS Document","description":"A [DDCC:VS Document](StructureDefinition-DDCCVSDocument.html) is a document bundle containing the DDCC:VS.\n","exampleBoolean":false,"groupingId":"-str-profile"},{"extension":[{"url":"http://hl7.org/fhir/StructureDefinition/implementationguide-page","valueUri":"StructureDefinition-DDCCTRDocumentSigned.html"}],"reference":{"reference":"StructureDefinition/DDCCTRDocumentSigned"},"name":"DDCC:TR DocumentSigned","description":"A [DDCC:TR Document Signed](StructureDefinition-DDCCTRDocumentSigned.html) is a document bundle containing the DDCC:TR\nthat has a digital signature.\n","exampleBoolean":false,"groupingId":"-str-profile"},{"extension":[{"url":"http://hl7.org/fhir/StructureDefinition/implementationguide-page","valueUri":"StructureDefinition-DDCCTest.html"}],"reference":{"reference":"StructureDefinition/DDCCTest"},"name":"DDCC Test","description":"A DDCC Test contains the content corresponding to a row in the Test \nEvents section of a Paper DDCC. While this is not a further profile of the International\nPatient Summary (IPS) Device resouce, this is intended to map into an IPS \nDevice resource.","exampleBoolean":false,"groupingId":"-str-profile"},{"extension":[{"url":"http://hl7.org/fhir/StructureDefinition/implementationguide-page","valueUri":"StructureDefinition-DDCCVSComposition.html"}],"reference":{"reference":"StructureDefinition/DDCCVSComposition"},"name":"DDCC:VS Composition","description":"Describes the logical structure for a Digital Documentation of COVID-19 Certificates - Vaccination Status\n(DDCC:VS).  ","exampleBoolean":false,"groupingId":"-str-profile"},{"extension":[{"url":"http://hl7.org/fhir/StructureDefinition/implementationguide-page","valueUri":"StructureDefinition-DDCCVSDocument.html"}],"reference":{"reference":"StructureDefinition/DDCCVSDocument"},"name":"DDCC:VS Document","description":"A [DDCC:VS Document](StructureDefinition-DDCCVSDocument.html) is a document bundle containing the DDCC:VS.\n","exampleBoolean":false,"groupingId":"-str-profile"},{"extension":[{"url":"http://hl7.org/fhir/StructureDefinition/implementationguide-page","valueUri":"StructureDefinition-DDCCVSDocumentSigned.html"}],"reference":{"reference":"StructureDefinition/DDCCVSDocumentSigned"},"name":"DDCC:VS DocumentSigned","description":"A [DDCC:VS Document Signed](StructureDefinition-DDCCVSDocumentSigned.html) is a document bundle containing the DDCC:VS\nthat has a digital signature.\n","exampleBoolean":false,"groupingId":"-str-profile"},{"extension":[{"url":"http://hl7.org/fhir/StructureDefinition/implementationguide-page","valueUri":"StructureDefinition-DDCCCountryOfEvent.html"}],"reference":{"reference":"StructureDefinition/DDCCCountryOfEvent"},"name":"DDCC Country Of Event for Immunization","description":"DDCC Country Of Event for Immunization","exampleBoolean":false,"groupingId":"-str-extension"},{"extension":[{"url":"http://hl7.org/fhir/StructureDefinition/implementationguide-page","valueUri":"StructureDefinition-DDCCEventBrand.html"}],"reference":{"reference":"StructureDefinition/DDCCEventBrand"},"name":"DDCC Event Brand for Immunization","description":"DDCC Event Brand for Immunization","exampleBoolean":false,"groupingId":"-str-extension"},{"extension":[{"url":"http://hl7.org/fhir/StructureDefinition/implementationguide-page","valueUri":"StructureDefinition-DDCCVaccineMarketAuthorization.html"}],"reference":{"reference":"StructureDefinition/DDCCVaccineMarketAuthorization"},"name":"DDCC Vaccine Market Authorization for Immunization","description":"DDCC Vaccine Market Authorization for Immunization","exampleBoolean":false,"groupingId":"-str-extension"},{"extension":[{"url":"http://hl7.org/fhir/StructureDefinition/implementationguide-page","valueUri":"StructureDefinition-DDCCVaccineValidFrom.html"}],"reference":{"reference":"StructureDefinition/DDCCVaccineValidFrom"},"name":"DDCC Vaccine Valid From","description":"Date upon which provided vaccination is considered valid","exampleBoolean":false,"groupingId":"-str-extension"},{"extension":[{"url":"http://hl7.org/fhir/StructureDefinition/implementationguide-page","valueUri":"StructureDefinition-DDCCCoreDataSet.html"}],"reference":{"reference":"StructureDefinition/DDCCCoreDataSet"},"name":"DDCC Core Data Set Logical Model","description":"Data elements for the DDCC Core Data Set.","exampleBoolean":false,"groupingId":"-str-logicalmodel"},{"extension":[{"url":"http://hl7.org/fhir/StructureDefinition/implementationguide-page","valueUri":"StructureDefinition-DDCCCoreDataSet.TR.html"}],"reference":{"reference":"StructureDefinition/DDCCCoreDataSet.TR"},"name":"DDCC Core Data Set Logical Model for Test Results","description":"Data elements for the DDCC Core Data Set for Test Results.","exampleBoolean":false,"groupingId":"-str-logicalmodel"},{"extension":[{"url":"http://hl7.org/fhir/StructureDefinition/implementationguide-page","valueUri":"StructureDefinition-DDCCCoreDataSet.VS.html"}],"reference":{"reference":"StructureDefinition/DDCCCoreDataSet.VS"},"name":"DDCC Core Data Set Logical Model for Vaccine Status","description":"Data elements for the DDCC Core Data Set for Vaccine Status.","exampleBoolean":false,"groupingId":"-str-logicalmodel"},{"extension":[{"url":"http://hl7.org/fhir/StructureDefinition/implementationguide-page","valueUri":"StructureDefinition-DDCCCoreDataSet.VS.CoC.html"}],"reference":{"reference":"StructureDefinition/DDCCCoreDataSet.VS.CoC"},"name":"DDCC Core Data Set Logical Model - Vaccine Status - Continuity of Care","description":"Data elements for the DDCC Core Data Set - Vaccine Status - Continuity of Care.","exampleBoolean":false,"groupingId":"-str-logicalmodel"},{"extension":[{"url":"http://hl7.org/fhir/StructureDefinition/implementationguide-page","valueUri":"StructureDefinition-DDCCCoreDataSet.VS.PoV.html"}],"reference":{"reference":"StructureDefinition/DDCCCoreDataSet.VS.PoV"},"name":"DDCC Core Data Set Logical Model - Vaccine Status - Proof of Vaccination","description":"Data elements for the DDCC Core Data Set - Vaccine Status - Proof of Vaccination.","exampleBoolean":false,"groupingId":"-str-logicalmodel"},{"extension":[{"url":"http://hl7.org/fhir/StructureDefinition/implementationguide-page","valueUri":"ValueSet-DDCC-Composition-Category-ValueSet.html"}],"reference":{"reference":"ValueSet/DDCC-Composition-Category-ValueSet"},"name":"DDCC Composition Category Codes","description":"Categorization of DDCC Composition","exampleBoolean":false,"groupingId":"-term-valueset"},{"extension":[{"url":"http://hl7.org/fhir/StructureDefinition/implementationguide-page","valueUri":"ValueSet-DDCC-Device-Property-ValueSet.html"}],"reference":{"reference":"ValueSet/DDCC-Device-Property-ValueSet"},"name":"DDCC Device Property Codes","description":"Properties of DDCC devices","exampleBoolean":false,"groupingId":"-term-valueset"},{"extension":[{"url":"http://hl7.org/fhir/StructureDefinition/implementationguide-page","valueUri":"ValueSet-DDCC-Folder-DesignationType.html"}],"reference":{"reference":"ValueSet/DDCC-Folder-DesignationType"},"name":"DDCC DesignationTypes for Folder","description":"DDCC Designation Types ValueSet for DDCC Folders.","exampleBoolean":false,"groupingId":"-term-valueset"},{"extension":[{"url":"http://hl7.org/fhir/StructureDefinition/implementationguide-page","valueUri":"ValueSet-DDCC-QR-Format-ValueSet.html"}],"reference":{"reference":"ValueSet/DDCC-QR-Format-ValueSet"},"name":"DDCC QR Format Codes","description":"Format of the representation of QR code","exampleBoolean":false,"groupingId":"-term-valueset"},{"extension":[{"url":"http://hl7.org/fhir/StructureDefinition/implementationguide-page","valueUri":"ValueSet-DDCC-QR-Type-ValueSet.html"}],"reference":{"reference":"ValueSet/DDCC-QR-Type-ValueSet"},"name":"DDCC QR Type Codes","description":"Type of QR codes by their business usage","exampleBoolean":false,"groupingId":"-term-valueset"},{"extension":[{"url":"http://hl7.org/fhir/StructureDefinition/implementationguide-page","valueUri":"ValueSet-who-ddcc-agent-targeted-covid-19.html"}],"reference":{"reference":"ValueSet/who-ddcc-agent-targeted-covid-19"},"name":"WHO Agent Targeted (COVID-19)","description":"WHO Agent Targeted List (COVID-19) from [ICD 11](https://icd.who.int/browse11)","exampleBoolean":false,"groupingId":"-term-valueset"},{"extension":[{"url":"http://hl7.org/fhir/StructureDefinition/implementationguide-page","valueUri":"ValueSet-who-ddcc-disease-targeted-covid-19.html"}],"reference":{"reference":"ValueSet/who-ddcc-disease-targeted-covid-19"},"name":"WHO Disease or Agent Targeted (COVID-19)","description":"WHO Disease or Agent Targeted List (COVID-19) from [ICD 11](https://icd.who.int/browse11)","exampleBoolean":false,"groupingId":"-term-valueset"},{"extension":[{"url":"http://hl7.org/fhir/StructureDefinition/implementationguide-page","valueUri":"ValueSet-who-ddcc-sample-origin-covid-19.html"}],"reference":{"reference":"ValueSet/who-ddcc-sample-origin-covid-19"},"name":"WHO Speciman Sample Origin (COVID-19)","description":"WHO Speciman Sample Origin List (COVID-19)","exampleBoolean":false,"groupingId":"-term-valueset"},{"extension":[{"url":"http://hl7.org/fhir/StructureDefinition/implementationguide-page","valueUri":"ValueSet-who-ddcc-test-result-covid-19.html"}],"reference":{"reference":"ValueSet/who-ddcc-test-result-covid-19"},"name":"WHO Test Result (COVID-19)","description":"WHO COVID-19 Test Result from [ICD 11](https://icd.who.int/browse11)","exampleBoolean":false,"groupingId":"-term-valueset"},{"extension":[{"url":"http://hl7.org/fhir/StructureDefinition/implementationguide-page","valueUri":"ValueSet-who-ddcc-type-of-test-covid-19.html"}],"reference":{"reference":"ValueSet/who-ddcc-type-of-test-covid-19"},"name":"WHO Type of Covid-19 Test","description":"WHO Type of COVID-19 Test","exampleBoolean":false,"groupingId":"-term-valueset"},{"extension":[{"url":"http://hl7.org/fhir/StructureDefinition/implementationguide-page","valueUri":"ValueSet-who-ddcc-vaccines-covid-19.html"}],"reference":{"reference":"ValueSet/who-ddcc-vaccines-covid-19"},"name":"WHO Vaccine List (COVID-19)","description":"WHO Vaccine List (COVID-19) from [ICD 11](https://icd.who.int/browse11)","exampleBoolean":false,"groupingId":"-term-valueset"},{"extension":[{"url":"http://hl7.org/fhir/StructureDefinition/implementationguide-page","valueUri":"CodeSystem-DDCC-Composition-Category-CodeSystem.html"}],"reference":{"reference":"CodeSystem/DDCC-Composition-Category-CodeSystem"},"name":"DDCC Composition Category Codes","description":"Possible categories available for composition.","exampleBoolean":false,"groupingId":"-term-codesystem"},{"extension":[{"url":"http://hl7.org/fhir/StructureDefinition/implementationguide-page","valueUri":"CodeSystem-DDCC-Device-Property-CodeSystem.html"}],"reference":{"reference":"CodeSystem/DDCC-Device-Property-CodeSystem"},"name":"DDCC Device Property Codes","description":"Possible properties available for devices.","exampleBoolean":false,"groupingId":"-term-codesystem"},{"extension":[{"url":"http://hl7.org/fhir/StructureDefinition/implementationguide-page","valueUri":"CodeSystem-DDCC-Example-Test-CodeSystem.html"}],"reference":{"reference":"CodeSystem/DDCC-Example-Test-CodeSystem"},"name":"DDCC Codes for examples","description":"Example codes for example resources.","exampleBoolean":false,"groupingId":"-term-codesystem"},{"extension":[{"url":"http://hl7.org/fhir/StructureDefinition/implementationguide-page","valueUri":"CodeSystem-DDCC-Folder-DesignationType.html"}],"reference":{"reference":"CodeSystem/DDCC-Folder-DesignationType"},"name":"DDCC Designation Types for Folder","description":"DDCC Designation Types to use for DDCC Folders.","exampleBoolean":false,"groupingId":"-term-codesystem"},{"extension":[{"url":"http://hl7.org/fhir/StructureDefinition/implementationguide-page","valueUri":"CodeSystem-DDCC-QR-Format-CodeSystem.html"}],"reference":{"reference":"CodeSystem/DDCC-QR-Format-CodeSystem"},"name":"DDCC QR Format Codes","description":"Possible formats available for QR data.","exampleBoolean":false,"groupingId":"-term-codesystem"},{"extension":[{"url":"http://hl7.org/fhir/StructureDefinition/implementationguide-page","valueUri":"CodeSystem-DDCC-QR-Type-CodeSystem.html"}],"reference":{"reference":"CodeSystem/DDCC-QR-Type-CodeSystem"},"name":"DDCC QR Category Usage Codes","description":"Possible formats available for QR usage.","exampleBoolean":false,"groupingId":"-term-codesystem"},{"extension":[{"url":"http://hl7.org/fhir/StructureDefinition/implementationguide-page","valueUri":"Composition-DDCC-Composition-Example-Arabic.html"}],"reference":{"reference":"Composition/DDCC-Composition-Example-Arabic"},"name":"DDCC-Composition-Example-Arabic","exampleCanonical":"http://worldhealthorganization.github.io/ddcc/StructureDefinition/DDCCVSComposition","groupingId":"-ex-example"},{"extension":[{"url":"http://hl7.org/fhir/StructureDefinition/implementationguide-page","valueUri":"Composition-DDCC-Composition-Example-Chinese.html"}],"reference":{"reference":"Composition/DDCC-Composition-Example-Chinese"},"name":"DDCC-Composition-Example-Chinese","exampleCanonical":"http://worldhealthorganization.github.io/ddcc/StructureDefinition/DDCCVSComposition","groupingId":"-ex-example"},{"extension":[{"url":"http://hl7.org/fhir/StructureDefinition/implementationguide-page","valueUri":"Composition-DDCC-Composition-Example-English.html"}],"reference":{"reference":"Composition/DDCC-Composition-Example-English"},"name":"DDCC-Composition-Example-English","exampleCanonical":"http://worldhealthorganization.github.io/ddcc/StructureDefinition/DDCCVSComposition","groupingId":"-ex-example"},{"extension":[{"url":"http://hl7.org/fhir/StructureDefinition/implementationguide-page","valueUri":"Composition-DDCC-Composition-Example-French.html"}],"reference":{"reference":"Composition/DDCC-Composition-Example-French"},"name":"DDCC-Composition-Example-French","exampleCanonical":"http://worldhealthorganization.github.io/ddcc/StructureDefinition/DDCCVSComposition","groupingId":"-ex-example"},{"extension":[{"url":"http://hl7.org/fhir/StructureDefinition/implementationguide-page","valueUri":"Composition-DDCC-Composition-Example-Russian.html"}],"reference":{"reference":"Composition/DDCC-Composition-Example-Russian"},"name":"DDCC-Composition-Example-Russian","exampleCanonical":"http://worldhealthorganization.github.io/ddcc/StructureDefinition/DDCCVSComposition","groupingId":"-ex-example"},{"extension":[{"url":"http://hl7.org/fhir/StructureDefinition/implementationguide-page","valueUri":"Composition-DDCC-Composition-Example-Spanish.html"}],"reference":{"reference":"Composition/DDCC-Composition-Example-Spanish"},"name":"DDCC-Composition-Example-Spanish","exampleCanonical":"http://worldhealthorganization.github.io/ddcc/StructureDefinition/DDCCVSComposition","groupingId":"-ex-example"},{"extension":[{"url":"http://hl7.org/fhir/StructureDefinition/implementationguide-page","valueUri":"Immunization-DDCC-Immunization-Arabic.html"}],"reference":{"reference":"Immunization/DDCC-Immunization-Arabic"},"name":"DDCC-Immunization-Arabic","exampleCanonical":"http://worldhealthorganization.github.io/ddcc/StructureDefinition/DDCCImmunization","groupingId":"-ex-example"},{"extension":[{"url":"http://hl7.org/fhir/StructureDefinition/implementationguide-page","valueUri":"Immunization-DDCC-Immunization-Chinese.html"}],"reference":{"reference":"Immunization/DDCC-Immunization-Chinese"},"name":"DDCC-Immunization-Chinese","exampleCanonical":"http://worldhealthorganization.github.io/ddcc/StructureDefinition/DDCCImmunization","groupingId":"-ex-example"},{"extension":[{"url":"http://hl7.org/fhir/StructureDefinition/implementationguide-page","valueUri":"Immunization-DDCC-Immunization-English.html"}],"reference":{"reference":"Immunization/DDCC-Immunization-English"},"name":"DDCC-Immunization-English","exampleCanonical":"http://worldhealthorganization.github.io/ddcc/StructureDefinition/DDCCImmunization","groupingId":"-ex-example"},{"extension":[{"url":"http://hl7.org/fhir/StructureDefinition/implementationguide-page","valueUri":"Immunization-DDCC-Immunization-French.html"}],"reference":{"reference":"Immunization/DDCC-Immunization-French"},"name":"DDCC-Immunization-French","exampleCanonical":"http://worldhealthorganization.github.io/ddcc/StructureDefinition/DDCCImmunization","groupingId":"-ex-example"},{"extension":[{"url":"http://hl7.org/fhir/StructureDefinition/implementationguide-page","valueUri":"Immunization-DDCC-Immunization-Russian.html"}],"reference":{"reference":"Immunization/DDCC-Immunization-Russian"},"name":"DDCC-Immunization-Russian","exampleCanonical":"http://worldhealthorganization.github.io/ddcc/StructureDefinition/DDCCImmunization","groupingId":"-ex-example"},{"extension":[{"url":"http://hl7.org/fhir/StructureDefinition/implementationguide-page","valueUri":"Immunization-DDCC-Immunization-Spanish.html"}],"reference":{"reference":"Immunization/DDCC-Immunization-Spanish"},"name":"DDCC-Immunization-Spanish","exampleCanonical":"http://worldhealthorganization.github.io/ddcc/StructureDefinition/DDCCImmunization","groupingId":"-ex-example"},{"extension":[{"url":"http://hl7.org/fhir/StructureDefinition/implementationguide-page","valueUri":"ImmunizationRecommendation-DDCC-ImmunizationRecommendation-Arabic.html"}],"reference":{"reference":"ImmunizationRecommendation/DDCC-ImmunizationRecommendation-Arabic"},"name":"DDCC-ImmunizationRecommendation-Arabic","exampleCanonical":"http://worldhealthorganization.github.io/ddcc/StructureDefinition/DDCCImmunizationRecommendation","groupingId":"-ex-example"},{"extension":[{"url":"http://hl7.org/fhir/StructureDefinition/implementationguide-page","valueUri":"ImmunizationRecommendation-DDCC-ImmunizationRecommendation-Chinese.html"}],"reference":{"reference":"ImmunizationRecommendation/DDCC-ImmunizationRecommendation-Chinese"},"name":"DDCC-ImmunizationRecommendation-Chinese","exampleCanonical":"http://worldhealthorganization.github.io/ddcc/StructureDefinition/DDCCImmunizationRecommendation","groupingId":"-ex-example"},{"extension":[{"url":"http://hl7.org/fhir/StructureDefinition/implementationguide-page","valueUri":"ImmunizationRecommendation-DDCC-ImmunizationRecommendation-English.html"}],"reference":{"reference":"ImmunizationRecommendation/DDCC-ImmunizationRecommendation-English"},"name":"DDCC-ImmunizationRecommendation-English","exampleCanonical":"http://worldhealthorganization.github.io/ddcc/StructureDefinition/DDCCImmunizationRecommendation","groupingId":"-ex-example"},{"extension":[{"url":"http://hl7.org/fhir/StructureDefinition/implementationguide-page","valueUri":"ImmunizationRecommendation-DDCC-ImmunizationRecommendation-French.html"}],"reference":{"reference":"ImmunizationRecommendation/DDCC-ImmunizationRecommendation-French"},"name":"DDCC-ImmunizationRecommendation-French","exampleCanonical":"http://worldhealthorganization.github.io/ddcc/StructureDefinition/DDCCImmunizationRecommendation","groupingId":"-ex-example"},{"extension":[{"url":"http://hl7.org/fhir/StructureDefinition/implementationguide-page","valueUri":"ImmunizationRecommendation-DDCC-ImmunizationRecommendation-Russian.html"}],"reference":{"reference":"ImmunizationRecommendation/DDCC-ImmunizationRecommendation-Russian"},"name":"DDCC-ImmunizationRecommendation-Russian","exampleCanonical":"http://worldhealthorganization.github.io/ddcc/StructureDefinition/DDCCImmunizationRecommendation","groupingId":"-ex-example"},{"extension":[{"url":"http://hl7.org/fhir/StructureDefinition/implementationguide-page","valueUri":"ImmunizationRecommendation-DDCC-ImmunizationRecommendation-Spanish.html"}],"reference":{"reference":"ImmunizationRecommendation/DDCC-ImmunizationRecommendation-Spanish"},"name":"DDCC-ImmunizationRecommendation-Spanish","exampleCanonical":"http://worldhealthorganization.github.io/ddcc/StructureDefinition/DDCCImmunizationRecommendation","groupingId":"-ex-example"},{"extension":[{"url":"http://hl7.org/fhir/StructureDefinition/implementationguide-page","valueUri":"Organization-DDCC-Organization-Arabic.html"}],"reference":{"reference":"Organization/DDCC-Organization-Arabic"},"name":"DDCC-Organization-Arabic","exampleCanonical":"http://worldhealthorganization.github.io/ddcc/StructureDefinition/DDCCOrganization","groupingId":"-ex-example"},{"extension":[{"url":"http://hl7.org/fhir/StructureDefinition/implementationguide-page","valueUri":"Organization-DDCC-Organization-Chinese.html"}],"reference":{"reference":"Organization/DDCC-Organization-Chinese"},"name":"DDCC-Organization-Chinese","exampleCanonical":"http://worldhealthorganization.github.io/ddcc/StructureDefinition/DDCCOrganization","groupingId":"-ex-example"},{"extension":[{"url":"http://hl7.org/fhir/StructureDefinition/implementationguide-page","valueUri":"Organization-DDCC-Organization-English.html"}],"reference":{"reference":"Organization/DDCC-Organization-English"},"name":"DDCC-Organization-English","exampleCanonical":"http://worldhealthorganization.github.io/ddcc/StructureDefinition/DDCCOrganization","groupingId":"-ex-example"},{"extension":[{"url":"http://hl7.org/fhir/StructureDefinition/implementationguide-page","valueUri":"Organization-DDCC-Organization-French.html"}],"reference":{"reference":"Organization/DDCC-Organization-French"},"name":"DDCC-Organization-French","exampleCanonical":"http://worldhealthorganization.github.io/ddcc/StructureDefinition/DDCCOrganization","groupingId":"-ex-example"},{"extension":[{"url":"http://hl7.org/fhir/StructureDefinition/implementationguide-page","valueUri":"Organization-DDCC-Organization-Russian.html"}],"reference":{"reference":"Organization/DDCC-Organization-Russian"},"name":"DDCC-Organization-Russian","exampleCanonical":"http://worldhealthorganization.github.io/ddcc/StructureDefinition/DDCCOrganization","groupingId":"-ex-example"},{"extension":[{"url":"http://hl7.org/fhir/StructureDefinition/implementationguide-page","valueUri":"Organization-DDCC-Organization-Spanish.html"}],"reference":{"reference":"Organization/DDCC-Organization-Spanish"},"name":"DDCC-Organization-Spanish","exampleCanonical":"http://worldhealthorganization.github.io/ddcc/StructureDefinition/DDCCOrganization","groupingId":"-ex-example"},{"extension":[{"url":"http://hl7.org/fhir/StructureDefinition/implementationguide-page","valueUri":"Patient-DDCC-Patient-Arabic.html"}],"reference":{"reference":"Patient/DDCC-Patient-Arabic"},"name":"DDCC-Patient-Arabic","exampleCanonical":"http://worldhealthorganization.github.io/ddcc/StructureDefinition/DDCCPatient","groupingId":"-ex-example"},{"extension":[{"url":"http://hl7.org/fhir/StructureDefinition/implementationguide-page","valueUri":"Patient-DDCC-Patient-Chinese.html"}],"reference":{"reference":"Patient/DDCC-Patient-Chinese"},"name":"DDCC-Patient-Chinese","exampleCanonical":"http://worldhealthorganization.github.io/ddcc/StructureDefinition/DDCCPatient","groupingId":"-ex-example"},{"extension":[{"url":"http://hl7.org/fhir/StructureDefinition/implementationguide-page","valueUri":"Patient-DDCC-Patient-English.html"}],"reference":{"reference":"Patient/DDCC-Patient-English"},"name":"DDCC-Patient-English","exampleCanonical":"http://worldhealthorganization.github.io/ddcc/StructureDefinition/DDCCPatient","groupingId":"-ex-example"},{"extension":[{"url":"http://hl7.org/fhir/StructureDefinition/implementationguide-page","valueUri":"Patient-DDCC-Patient-French.html"}],"reference":{"reference":"Patient/DDCC-Patient-French"},"name":"DDCC-Patient-French","exampleCanonical":"http://worldhealthorganization.github.io/ddcc/StructureDefinition/DDCCPatient","groupingId":"-ex-example"},{"extension":[{"url":"http://hl7.org/fhir/StructureDefinition/implementationguide-page","valueUri":"Patient-DDCC-Patient-Russian.html"}],"reference":{"reference":"Patient/DDCC-Patient-Russian"},"name":"DDCC-Patient-Russian","exampleCanonical":"http://worldhealthorganization.github.io/ddcc/StructureDefinition/DDCCPatient","groupingId":"-ex-example"},{"extension":[{"url":"http://hl7.org/fhir/StructureDefinition/implementationguide-page","valueUri":"Patient-DDCC-Patient-Spanish.html"}],"reference":{"reference":"Patient/DDCC-Patient-Spanish"},"name":"DDCC-Patient-Spanish","exampleCanonical":"http://worldhealthorganization.github.io/ddcc/StructureDefinition/DDCCPatient","groupingId":"-ex-example"},{"extension":[{"url":"http://hl7.org/fhir/StructureDefinition/implementationguide-page","valueUri":"OperationDefinition-DDCC-QuestionnaireResponse-generateHealthCertificate.html"}],"reference":{"reference":"OperationDefinition/DDCC-QuestionnaireResponse-generateHealthCertificate"},"name":"DDCCGenerateHealthCertificate","description":"Generate one or more signed DDCC Documents based on a [DDCC QuestionnaireResponse](StructureDefinition-DDCCQuestionnaireResponse.html)","exampleBoolean":false,"groupingId":"-dyn-operationdefinition"},{"extension":[{"url":"http://hl7.org/fhir/StructureDefinition/implementationguide-page","valueUri":"OperationDefinition-DDCC-QuestionnaireResponse-revokeHealthCertificate.html"}],"reference":{"reference":"OperationDefinition/DDCC-QuestionnaireResponse-revokeHealthCertificate"},"name":"DDCCRevokeHealthCertificate","description":"Revoke a DDCC Document.","exampleBoolean":false,"groupingId":"-dyn-operationdefinition"},{"extension":[{"url":"http://hl7.org/fhir/StructureDefinition/implementationguide-page","valueUri":"Bundle-DDCC-TX-SHE-bundle-example-1.html"}],"reference":{"reference":"Bundle/DDCC-TX-SHE-bundle-example-1"},"name":"DDCC-TX-SHE-bundle-example-1","exampleCanonical":"http://worldhealthorganization.github.io/ddcc/StructureDefinition/DDCCSubmitHealthEventRequest","groupingId":"-ex-example"},{"extension":[{"url":"http://hl7.org/fhir/StructureDefinition/implementationguide-page","valueUri":"Bundle-DDCC-TX-SHE-bundle-example-Arabic.html"}],"reference":{"reference":"Bundle/DDCC-TX-SHE-bundle-example-Arabic"},"name":"DDCC-TX-SHE-bundle-example-Arabic","exampleCanonical":"http://worldhealthorganization.github.io/ddcc/StructureDefinition/DDCCSubmitHealthEventRequest","groupingId":"-ex-example"},{"extension":[{"url":"http://hl7.org/fhir/StructureDefinition/implementationguide-page","valueUri":"Bundle-DDCC-TX-SHE-bundle-example-Chinese.html"}],"reference":{"reference":"Bundle/DDCC-TX-SHE-bundle-example-Chinese"},"name":"DDCC-TX-SHE-bundle-example-Chinese","exampleCanonical":"http://worldhealthorganization.github.io/ddcc/StructureDefinition/DDCCSubmitHealthEventRequest","groupingId":"-ex-example"},{"extension":[{"url":"http://hl7.org/fhir/StructureDefinition/implementationguide-page","valueUri":"Bundle-DDCC-TX-SHE-bundle-example-French.html"}],"reference":{"reference":"Bundle/DDCC-TX-SHE-bundle-example-French"},"name":"DDCC-TX-SHE-bundle-example-French","exampleCanonical":"http://worldhealthorganization.github.io/ddcc/StructureDefinition/DDCCSubmitHealthEventRequest","groupingId":"-ex-example"},{"extension":[{"url":"http://hl7.org/fhir/StructureDefinition/implementationguide-page","valueUri":"Bundle-DDCC-TX-SHE-bundle-example-Russian.html"}],"reference":{"reference":"Bundle/DDCC-TX-SHE-bundle-example-Russian"},"name":"DDCC-TX-SHE-bundle-example-Russian","exampleCanonical":"http://worldhealthorganization.github.io/ddcc/StructureDefinition/DDCCSubmitHealthEventRequest","groupingId":"-ex-example"},{"extension":[{"url":"http://hl7.org/fhir/StructureDefinition/implementationguide-page","valueUri":"Bundle-DDCC-TX-SHE-bundle-example-Spanish.html"}],"reference":{"reference":"Bundle/DDCC-TX-SHE-bundle-example-Spanish"},"name":"DDCC-TX-SHE-bundle-example-Spanish","exampleCanonical":"http://worldhealthorganization.github.io/ddcc/StructureDefinition/DDCCSubmitHealthEventRequest","groupingId":"-ex-example"},{"extension":[{"url":"http://hl7.org/fhir/StructureDefinition/implementationguide-page","valueUri":"QuestionnaireResponse-DDCC-VS-QuestionnaireResponse-Arabic.html"}],"reference":{"reference":"QuestionnaireResponse/DDCC-VS-QuestionnaireResponse-Arabic"},"name":"DDCC-VS-QuestionnaireResponse-Arabic","exampleCanonical":"http://worldhealthorganization.github.io/ddcc/StructureDefinition/DDCCQuestionnaireResponse","groupingId":"-ex-example"},{"extension":[{"url":"http://hl7.org/fhir/StructureDefinition/implementationguide-page","valueUri":"QuestionnaireResponse-DDCC-VS-QuestionnaireResponse-Chinese.html"}],"reference":{"reference":"QuestionnaireResponse/DDCC-VS-QuestionnaireResponse-Chinese"},"name":"DDCC-VS-QuestionnaireResponse-Chinese","exampleCanonical":"http://worldhealthorganization.github.io/ddcc/StructureDefinition/DDCCQuestionnaireResponse","groupingId":"-ex-example"},{"extension":[{"url":"http://hl7.org/fhir/StructureDefinition/implementationguide-page","valueUri":"QuestionnaireResponse-DDCC-VS-QuestionnaireResponse-Example.html"}],"reference":{"reference":"QuestionnaireResponse/DDCC-VS-QuestionnaireResponse-Example"},"name":"DDCC-VS-QuestionnaireResponse-Example","exampleCanonical":"http://worldhealthorganization.github.io/ddcc/StructureDefinition/DDCCQuestionnaireResponse","groupingId":"-ex-example"},{"extension":[{"url":"http://hl7.org/fhir/StructureDefinition/implementationguide-page","valueUri":"QuestionnaireResponse-DDCC-VS-QuestionnaireResponse-French.html"}],"reference":{"reference":"QuestionnaireResponse/DDCC-VS-QuestionnaireResponse-French"},"name":"DDCC-VS-QuestionnaireResponse-French","exampleCanonical":"http://worldhealthorganization.github.io/ddcc/StructureDefinition/DDCCQuestionnaireResponse","groupingId":"-ex-example"},{"extension":[{"url":"http://hl7.org/fhir/StructureDefinition/implementationguide-page","valueUri":"QuestionnaireResponse-DDCC-VS-QuestionnaireResponse-Russian.html"}],"reference":{"reference":"QuestionnaireResponse/DDCC-VS-QuestionnaireResponse-Russian"},"name":"DDCC-VS-QuestionnaireResponse-Russian","exampleCanonical":"http://worldhealthorganization.github.io/ddcc/StructureDefinition/DDCCQuestionnaireResponse","groupingId":"-ex-example"},{"extension":[{"url":"http://hl7.org/fhir/StructureDefinition/implementationguide-page","valueUri":"QuestionnaireResponse-DDCC-VS-QuestionnaireResponse-Spanish.html"}],"reference":{"reference":"QuestionnaireResponse/DDCC-VS-QuestionnaireResponse-Spanish"},"name":"DDCC-VS-QuestionnaireResponse-Spanish","exampleCanonical":"http://worldhealthorganization.github.io/ddcc/StructureDefinition/DDCCQuestionnaireResponse","groupingId":"-ex-example"},{"extension":[{"url":"http://hl7.org/fhir/StructureDefinition/implementationguide-page","valueUri":"Questionnaire-DDCCHCIDRegistrationQuestionnaire.html"}],"reference":{"reference":"Questionnaire/DDCCHCIDRegistrationQuestionnaire"},"name":"DDCCHCIDRegistrationQuestionnaire","description":"DDCC HCID Registration Questionnaire","exampleBoolean":false,"groupingId":"-str-questionnaire"},{"extension":[{"url":"http://hl7.org/fhir/StructureDefinition/implementationguide-page","valueUri":"Questionnaire-DDCCTRCoreDataSetQuestionnaire.html"}],"reference":{"reference":"Questionnaire/DDCCTRCoreDataSetQuestionnaire"},"name":"DDCCTRCoreDataSetQuestionnaire","description":"DDCC Questionnaire for a Test event.","exampleBoolean":false,"groupingId":"-str-questionnaire"},{"extension":[{"url":"http://hl7.org/fhir/StructureDefinition/implementationguide-page","valueUri":"Questionnaire-DDCCVSCoreDataSetQuestionnaire.html"}],"reference":{"reference":"Questionnaire/DDCCVSCoreDataSetQuestionnaire"},"name":"DDCCVSCoreDataSetQuestionnaire","description":"DDCC Questionnaire for an Immunization event.","exampleBoolean":false,"groupingId":"-str-questionnaire"},{"extension":[{"url":"http://hl7.org/fhir/StructureDefinition/implementationguide-page","valueUri":"Bundle-Example-Arabic.html"}],"reference":{"reference":"Bundle/Example-Arabic"},"name":"Example-Arabic","exampleCanonical":"http://worldhealthorganization.github.io/ddcc/StructureDefinition/DDCCVSDocument","groupingId":"-ex-example"},{"extension":[{"url":"http://hl7.org/fhir/StructureDefinition/implementationguide-page","valueUri":"Bundle-Example-Chinese.html"}],"reference":{"reference":"Bundle/Example-Chinese"},"name":"Example-Chinese","exampleCanonical":"http://worldhealthorganization.github.io/ddcc/StructureDefinition/DDCCVSDocument","groupingId":"-ex-example"},{"extension":[{"url":"http://hl7.org/fhir/StructureDefinition/implementationguide-page","valueUri":"Bundle-Example-English.html"}],"reference":{"reference":"Bundle/Example-English"},"name":"Example-English","exampleCanonical":"http://worldhealthorganization.github.io/ddcc/StructureDefinition/DDCCVSDocument","groupingId":"-ex-example"},{"extension":[{"url":"http://hl7.org/fhir/StructureDefinition/implementationguide-page","valueUri":"Bundle-Example-French.html"}],"reference":{"reference":"Bundle/Example-French"},"name":"Example-French","exampleCanonical":"http://worldhealthorganization.github.io/ddcc/StructureDefinition/DDCCVSDocument","groupingId":"-ex-example"},{"extension":[{"url":"http://hl7.org/fhir/StructureDefinition/implementationguide-page","valueUri":"Bundle-Example-Russian.html"}],"reference":{"reference":"Bundle/Example-Russian"},"name":"Example-Russian","exampleCanonical":"http://worldhealthorganization.github.io/ddcc/StructureDefinition/DDCCVSDocument","groupingId":"-ex-example"},{"extension":[{"url":"http://hl7.org/fhir/StructureDefinition/implementationguide-page","valueUri":"Bundle-Example-Spanish.html"}],"reference":{"reference":"Bundle/Example-Spanish"},"name":"Example-Spanish","exampleCanonical":"http://worldhealthorganization.github.io/ddcc/StructureDefinition/DDCCVSDocument","groupingId":"-ex-example"},{"extension":[{"url":"http://hl7.org/fhir/StructureDefinition/implementationguide-page","valueUri":"ConceptMap-who-ddcc-map-icd11-icd10-disease-targeted.html"}],"reference":{"reference":"ConceptMap/who-ddcc-map-icd11-icd10-disease-targeted"},"name":"WHO_DDCC_Map_ICD11_to_ICD10_Disease_Targeted","description":"Mapping from ICD-11 to ICD-10 for COVID-19 disease.","exampleBoolean":false,"groupingId":"-map-conceptmap"},{"extension":[{"url":"http://hl7.org/fhir/StructureDefinition/implementationguide-page","valueUri":"ConceptMap-who-ddcc-map-icd11-sct-agent-targeted.html"}],"reference":{"reference":"ConceptMap/who-ddcc-map-icd11-sct-agent-targeted"},"name":"WHO_DDCC_Map_ICD11_to_SCT_Agent_Targeted","description":"Mapping from ICD-11 to SNOMED CT for COVID-19 Agent Targeted","exampleBoolean":false,"groupingId":"-map-conceptmap"},{"extension":[{"url":"http://hl7.org/fhir/StructureDefinition/implementationguide-page","valueUri":"ConceptMap-who-ddcc-map-icd11-sct-disease-targeted.html"}],"reference":{"reference":"ConceptMap/who-ddcc-map-icd11-sct-disease-targeted"},"name":"WHO_DDCC_Map_ICD11_to_SCT_Disease_Targeted","description":"Mapping from ICD-11 to SNOMED CT for COVID-19 disease.","exampleBoolean":false,"groupingId":"-map-conceptmap"},{"extension":[{"url":"http://hl7.org/fhir/StructureDefinition/implementationguide-page","valueUri":"ConceptMap-who-ddcc-map-icd11-sct-test-result.html"}],"reference":{"reference":"ConceptMap/who-ddcc-map-icd11-sct-test-result"},"name":"WHO_DDCC_Map_ICD11_to_SCT_Test_Result","description":"Mapping from ICD-11 to SNOMED CT for COVID-19 Test Result","exampleBoolean":false,"groupingId":"-map-conceptmap"},{"extension":[{"url":"http://hl7.org/fhir/StructureDefinition/implementationguide-page","valueUri":"ConceptMap-who-ddcc-map-icd11-sct-vaccines.html"}],"reference":{"reference":"ConceptMap/who-ddcc-map-icd11-sct-vaccines"},"name":"WHO_DDCC_Map_ICD11_to_SCT_Vaccines","description":"Mapping from ICD-11 to SNOMED CT for COVID-19 Vaccines","exampleBoolean":false,"groupingId":"-map-conceptmap"},{"extension":[{"url":"http://hl7.org/fhir/StructureDefinition/implementationguide-page","valueUri":"ConceptMap-who-ddcc-map-loinc-sct-type-of-test.html"}],"reference":{"reference":"ConceptMap/who-ddcc-map-loinc-sct-type-of-test"},"name":"WHO_DDCC_Map_LOINC_to_SCT_Type_of_Test","description":"Mapping from LOINC to SNOMED CT for COVID-19 Type of Test","exampleBoolean":false,"groupingId":"-map-conceptmap"},{"extension":[{"url":"http://hl7.org/fhir/StructureDefinition/implementationguide-page","valueUri":"Bundle-IPS-Immunization-Example-Bundle-01.html"}],"reference":{"reference":"Bundle/IPS-Immunization-Example-Bundle-01"},"name":"IPS-Immunization-Example-Bundle-01","exampleBoolean":false,"groupingId":"-other"},{"extension":[{"url":"http://hl7.org/fhir/StructureDefinition/implementationguide-page","valueUri":"CapabilityStatement-WHO.DDCC.Generator.html"}],"reference":{"reference":"CapabilityStatement/WHO.DDCC.Generator"},"name":"WHO DDCC Generator","description":"CapabilityStatement for WHO DDCC Generator actor.","exampleBoolean":false,"groupingId":"-dyn-capabilitystatement"},{"extension":[{"url":"http://hl7.org/fhir/StructureDefinition/implementationguide-page","valueUri":"CapabilityStatement-WHO.DDCC.RegistryService.html"}],"reference":{"reference":"CapabilityStatement/WHO.DDCC.RegistryService"},"name":"WHO DDCC Registry Service","description":"CapabilityStatement for WHO DDCC Registry Service actor.","exampleBoolean":false,"groupingId":"-dyn-capabilitystatement"},{"extension":[{"url":"http://hl7.org/fhir/StructureDefinition/implementationguide-page","valueUri":"StructureDefinition-Immunization-pre-uv-ips.html"}],"reference":{"reference":"StructureDefinition/Immunization-pre-uv-ips"},"name":"Immunization (IPS)","description":"This profile represents the constraints applied to the Immunization resource by the International Patient Summary (IPS) FHIR Implementation Guide. A record of an immunization is represented in the patient summary as an instance of an Immunization resource constrained by this profile.\r\n\r\nIt describes the event of a patient being administered a vaccination or a record of a vaccination as reported by a patient, a clinician or another party.","exampleBoolean":false,"groupingId":"-str-profile"},{"extension":[{"url":"http://hl7.org/fhir/StructureDefinition/implementationguide-page","valueUri":"StructureDefinition-Patient-pre-uv-ips.html"}],"reference":{"reference":"StructureDefinition/Patient-pre-uv-ips"},"name":"Patient (IPS)","description":"This profile represents the constraints applied to the Patient resource by the International Patient Summary (IPS) FHIR Implementation Guide and describes the minimum expectations for the Patient resource when used in the IPS composition or in one of the referred resources.","exampleBoolean":false,"groupingId":"-str-profile"},{"extension":[{"url":"http://hl7.org/fhir/StructureDefinition/implementationguide-page","valueUri":"StructureDefinition-HC1.html"}],"reference":{"reference":"StructureDefinition/HC1"},"name":"EU DCC","description":"EU Digital Covid Certificate","exampleBoolean":false,"groupingId":"-str-logicalmodel"},{"extension":[{"url":"http://hl7.org/fhir/StructureDefinition/implementationguide-page","valueUri":"StructureDefinition-t.html"}],"reference":{"reference":"StructureDefinition/t"},"name":"Test Group","description":"Test Group","exampleBoolean":false,"groupingId":"-str-logicalmodel"},{"extension":[{"url":"http://hl7.org/fhir/StructureDefinition/implementationguide-page","valueUri":"StructureDefinition-v.html"}],"reference":{"reference":"StructureDefinition/v"},"name":"Vaccination Group","description":"Vaccination Group","exampleBoolean":false,"groupingId":"-str-logicalmodel"},{"extension":[{"url":"http://hl7.org/fhir/StructureDefinition/implementationguide-page","valueUri":"StructureMap-CoreDataSetLibrary.html"}],"reference":{"reference":"StructureMap/CoreDataSetLibrary"},"name":"CoreDataSetLibrary","exampleBoolean":false,"groupingId":"-map-structuremap"},{"extension":[{"url":"http://hl7.org/fhir/StructureDefinition/implementationguide-page","valueUri":"StructureMap-CoreDataSetVSLibrary.html"}],"reference":{"reference":"StructureMap/CoreDataSetVSLibrary"},"name":"CoreDataSetVSLibrary","exampleBoolean":false,"groupingId":"-map-structuremap"},{"extension":[{"url":"http://hl7.org/fhir/StructureDefinition/implementationguide-page","valueUri":"StructureMap-CoreDataSetVSToAddBundle.html"}],"reference":{"reference":"StructureMap/CoreDataSetVSToAddBundle"},"name":"CoreDataSetVSToAddBundle","exampleBoolean":false,"groupingId":"-map-structuremap"},{"extension":[{"url":"http://hl7.org/fhir/StructureDefinition/implementationguide-page","valueUri":"StructureMap-DDCCtoCoredataset.html"}],"reference":{"reference":"StructureMap/DDCCtoCoredataset"},"name":"DDCCtoCoredataset","exampleBoolean":false,"groupingId":"-map-structuremap"},{"extension":[{"url":"http://hl7.org/fhir/StructureDefinition/implementationguide-page","valueUri":"StructureMap-DDCCtoEUdcc.html"}],"reference":{"reference":"StructureMap/DDCCtoEUdcc"},"name":"DDCCtoEUdcc","exampleBoolean":false,"groupingId":"-map-structuremap"},{"extension":[{"url":"http://hl7.org/fhir/StructureDefinition/implementationguide-page","valueUri":"StructureMap-QRespToCoreDataSet.html"}],"reference":{"reference":"StructureMap/QRespToCoreDataSet"},"name":"QRespToCoreDataSet","exampleBoolean":false,"groupingId":"-map-structuremap"},{"extension":[{"url":"http://hl7.org/fhir/StructureDefinition/implementationguide-page","valueUri":"StructureMap-ResourcesToCoreDataSet.html"}],"reference":{"reference":"StructureMap/ResourcesToCoreDataSet"},"name":"ResourcesToCoreDataSet","exampleBoolean":false,"groupingId":"-map-structuremap"},{"extension":[{"url":"http://hl7.org/fhir/StructureDefinition/implementationguide-page","valueUri":"StructureMap-svc-map-qr-uvci-bundle.html"}],"reference":{"reference":"StructureMap/svc-map-qr-uvci-bundle"},"name":"svc-map-qr-uvci-bundle","exampleBoolean":false,"groupingId":"-map-structuremap"}],"page":{"nameUrl":"toc.html","title":"Table of Contents","generation":"html","page":[{"nameUrl":"index.html","title":"Home","generation":"html"},{"nameUrl":"actors.html","title":"Actors","generation":"html"},{"nameUrl":"background.html","title":"Background","generation":"html"},{"nameUrl":"changes.html","title":"Changes","generation":"html"},{"nameUrl":"concepts.html","title":"Concepts","generation":"html"},{"nameUrl":"content_profiles.html","title":"Content Profiles","generation":"html"},{"nameUrl":"data_exchange.html","title":"Data Exchange","generation":"html"},{"nameUrl":"dependencies.html","title":"Dependencies","generation":"html"},{"nameUrl":"deployment.html","title":"Deployment","generation":"html"},{"nameUrl":"dictionary.html","title":"Dictionary","generation":"html"},{"nameUrl":"downloads.html","title":"Downloads","generation":"html"},{"nameUrl":"expected_actions.html","title":"Expected Actions","generation":"html"},{"nameUrl":"functional.html","title":"Functional","generation":"html"},{"nameUrl":"maps.html","title":"Maps","generation":"html"},{"nameUrl":"personas.html","title":"Personas","generation":"html"},{"nameUrl":"references.html","title":"References","generation":"html"},{"nameUrl":"requirements.html","title":"Requirements","generation":"html"},{"nameUrl":"security_privacy.html","title":"Security Privacy","generation":"html"},{"nameUrl":"testing.html","title":"Testing","generation":"html"},{"nameUrl":"transactions.html","title":"Transactions","generation":"html"},{"nameUrl":"transactions.20210702.html","title":"Transactions 20210702","generation":"html"},{"nameUrl":"usecases.html","title":"Usecases","generation":"html"},{"nameUrl":"workflows.html","title":"Workflows","generation":"html"},{"nameUrl":"artifacts.html","title":"Artifacts Summary","generation":"html","page":[{"nameUrl":"CapabilityStatement-WHO.DDCC.Generator.html","title":"WHO DDCC Generator","generation":"generated"},{"nameUrl":"CapabilityStatement-WHO.DDCC.RegistryService.html","title":"WHO DDCC Registry Service","generation":"generated"},{"nameUrl":"OperationDefinition-DDCC-QuestionnaireResponse-generateHealthCertificate.html","title":"DDCCGenerateHealthCertificate","generation":"generated"},{"nameUrl":"OperationDefinition-DDCC-QuestionnaireResponse-revokeHealthCertificate.html","title":"DDCCRevokeHealthCertificate","generation":"generated"},{"nameUrl":"StructureDefinition-DDCCCoreDataSet.html","title":"DDCC Core Data Set Logical Model","generation":"generated"},{"nameUrl":"StructureDefinition-DDCCCoreDataSet.TR.html","title":"DDCC Core Data Set Logical Model for Test Results","generation":"generated"},{"nameUrl":"StructureDefinition-DDCCCoreDataSet.VS.html","title":"DDCC Core Data Set Logical Model for Vaccine Status","generation":"generated"},{"nameUrl":"StructureDefinition-DDCCCoreDataSet.VS.CoC.html","title":"DDCC Core Data Set Logical Model - Vaccine Status - Continuity of Care","generation":"generated"},{"nameUrl":"StructureDefinition-DDCCCoreDataSet.VS.PoV.html","title":"DDCC Core Data Set Logical Model - Vaccine Status - Proof of Vaccination","generation":"generated"},{"nameUrl":"StructureDefinition-HC1.html","title":"EU DCC","generation":"generated"},{"nameUrl":"StructureDefinition-t.html","title":"Test Group","generation":"generated"},{"nameUrl":"StructureDefinition-v.html","title":"Vaccination Group","generation":"generated"},{"nameUrl":"Questionnaire-DDCCHCIDRegistrationQuestionnaire.html","title":"DDCCHCIDRegistrationQuestionnaire","generation":"generated"},{"nameUrl":"Questionnaire-DDCCTRCoreDataSetQuestionnaire.html","title":"DDCCTRCoreDataSetQuestionnaire","generation":"generated"},{"nameUrl":"Questionnaire-DDCCVSCoreDataSetQuestionnaire.html","title":"DDCCVSCoreDataSetQuestionnaire","generation":"generated"},{"nameUrl":"StructureDefinition-DDCCQuestionnaire.html","title":"DDCC Questionniare","generation":"generated"},{"nameUrl":"StructureDefinition-DDCCQuestionnaireResponse.html","title":"DDCC Questionnaire Response","generation":"generated"},{"nameUrl":"StructureDefinition-DDCCAddBundle.html","title":"DDCC Add Bundle","generation":"generated"},{"nameUrl":"StructureDefinition-DDCCComposition.html","title":"DDCC Composition","generation":"generated"},{"nameUrl":"StructureDefinition-DDCCDiagnosticReport.html","title":"DDCC Diagnostic Report","generation":"generated"},{"nameUrl":"StructureDefinition-DDCCDocument.html","title":"DDCC Document","generation":"generated"},{"nameUrl":"StructureDefinition-DDCCDocumentReference.html","title":"DDCC Document Reference","generation":"generated"},{"nameUrl":"StructureDefinition-DDCCDocumentReferenceQR.html","title":"DDCC DocumentReference return for QR","generation":"generated"},{"nameUrl":"StructureDefinition-DDCCDocumentSigned.html","title":"DDCC DocumentSigned","generation":"generated"},{"nameUrl":"StructureDefinition-DDCCFolder.html","title":"DDCC Folder","generation":"generated"},{"nameUrl":"StructureDefinition-DDCCGenerateHealthCertificateParameters.html","title":"DDCC Generate Health Certificate Parameters","generation":"generated"},{"nameUrl":"StructureDefinition-DDCCImmunization.html","title":"DDCC Immunization","generation":"generated"},{"nameUrl":"StructureDefinition-DDCCImmunizationRecommendation.html","title":"DDCC Immunization Recommendation","generation":"generated"},{"nameUrl":"StructureDefinition-DDCCObservation.html","title":"DDCC Observation","generation":"generated"},{"nameUrl":"StructureDefinition-DDCCOrganization.html","title":"DDCC Organization","generation":"generated"},{"nameUrl":"StructureDefinition-DDCCPatient.html","title":"DDCC Patient","generation":"generated"},{"nameUrl":"StructureDefinition-DDCCPractitioner.html","title":"DDCC Practitioner","generation":"generated"},{"nameUrl":"StructureDefinition-DDCCPractitionerRole.html","title":"DDCC Practitioner Role","generation":"generated"},{"nameUrl":"StructureDefinition-DDCCProcedure.html","title":"DDCC Procedure","generation":"generated"},{"nameUrl":"StructureDefinition-DDCCProvideDocumentBundle.html","title":"DDCC Provide Document Bundle","generation":"generated"},{"nameUrl":"StructureDefinition-DDCCQuestionnaireSDC.html","title":"DDCC Questionnaire based on SDC","generation":"generated"},{"nameUrl":"StructureDefinition-DDCCRevokeHealthCertificateParameters.html","title":"DDCC Revoke Health Certificate Parameters","generation":"generated"},{"nameUrl":"StructureDefinition-DDCCSpecimen.html","title":"DDCC Specimen","generation":"generated"},{"nameUrl":"StructureDefinition-DDCCSubmissionSet.html","title":"DDCC Submission Set","generation":"generated"},{"nameUrl":"StructureDefinition-DDCCSubmitHealthEventRequest.html","title":"DDCC Submit Health Event Request","generation":"generated"},{"nameUrl":"StructureDefinition-DDCCSubmitHealthEventResponse.html","title":"DDCC Submit Health Event Response","generation":"generated"},{"nameUrl":"StructureDefinition-DDCCTRComposition.html","title":"DDCC:TR Composition","generation":"generated"},{"nameUrl":"StructureDefinition-DDCCTRDocument.html","title":"DDCC:VS Document","generation":"generated"},{"nameUrl":"StructureDefinition-DDCCTRDocumentSigned.html","title":"DDCC:TR DocumentSigned","generation":"generated"},{"nameUrl":"StructureDefinition-DDCCTest.html","title":"DDCC Test","generation":"generated"},{"nameUrl":"StructureDefinition-DDCCVSComposition.html","title":"DDCC:VS Composition","generation":"generated"},{"nameUrl":"StructureDefinition-DDCCVSDocument.html","title":"DDCC:VS Document","generation":"generated"},{"nameUrl":"StructureDefinition-DDCCVSDocumentSigned.html","title":"DDCC:VS DocumentSigned","generation":"generated"},{"nameUrl":"StructureDefinition-Immunization-pre-uv-ips.html","title":"Immunization (IPS)","generation":"generated"},{"nameUrl":"StructureDefinition-Patient-pre-uv-ips.html","title":"Patient (IPS)","generation":"generated"},{"nameUrl":"StructureDefinition-DDCCCountryOfEvent.html","title":"DDCC Country Of Event for Immunization","generation":"generated"},{"nameUrl":"StructureDefinition-DDCCEventBrand.html","title":"DDCC Event Brand for Immunization","generation":"generated"},{"nameUrl":"StructureDefinition-DDCCVaccineMarketAuthorization.html","title":"DDCC Vaccine Market Authorization for Immunization","generation":"generated"},{"nameUrl":"StructureDefinition-DDCCVaccineValidFrom.html","title":"DDCC Vaccine Valid From","generation":"generated"},{"nameUrl":"ValueSet-DDCC-Composition-Category-ValueSet.html","title":"DDCC Composition Category Codes","generation":"generated"},{"nameUrl":"ValueSet-DDCC-Device-Property-ValueSet.html","title":"DDCC Device Property Codes","generation":"generated"},{"nameUrl":"ValueSet-DDCC-Folder-DesignationType.html","title":"DDCC DesignationTypes for Folder","generation":"generated"},{"nameUrl":"ValueSet-DDCC-QR-Format-ValueSet.html","title":"DDCC QR Format Codes","generation":"generated"},{"nameUrl":"ValueSet-DDCC-QR-Type-ValueSet.html","title":"DDCC QR Type Codes","generation":"generated"},{"nameUrl":"ValueSet-who-ddcc-agent-targeted-covid-19.html","title":"WHO Agent Targeted (COVID-19)","generation":"generated"},{"nameUrl":"ValueSet-who-ddcc-disease-targeted-covid-19.html","title":"WHO Disease or Agent Targeted (COVID-19)","generation":"generated"},{"nameUrl":"ValueSet-who-ddcc-sample-origin-covid-19.html","title":"WHO Speciman Sample Origin (COVID-19)","generation":"generated"},{"nameUrl":"ValueSet-who-ddcc-test-result-covid-19.html","title":"WHO Test Result (COVID-19)","generation":"generated"},{"nameUrl":"ValueSet-who-ddcc-type-of-test-covid-19.html","title":"WHO Type of Covid-19 Test","generation":"generated"},{"nameUrl":"ValueSet-who-ddcc-vaccines-covid-19.html","title":"WHO Vaccine List (COVID-19)","generation":"generated"},{"nameUrl":"CodeSystem-DDCC-Composition-Category-CodeSystem.html","title":"DDCC Composition Category Codes","generation":"generated"},{"nameUrl":"CodeSystem-DDCC-Device-Property-CodeSystem.html","title":"DDCC Device Property Codes","generation":"generated"},{"nameUrl":"CodeSystem-DDCC-Example-Test-CodeSystem.html","title":"DDCC Codes for examples","generation":"generated"},{"nameUrl":"CodeSystem-DDCC-Folder-DesignationType.html","title":"DDCC Designation Types for Folder","generation":"generated"},{"nameUrl":"CodeSystem-DDCC-QR-Format-CodeSystem.html","title":"DDCC QR Format Codes","generation":"generated"},{"nameUrl":"CodeSystem-DDCC-QR-Type-CodeSystem.html","title":"DDCC QR Category Usage Codes","generation":"generated"},{"nameUrl":"StructureMap-CoreDataSetLibrary.html","title":"CoreDataSetLibrary","generation":"generated"},{"nameUrl":"StructureMap-CoreDataSetVSLibrary.html","title":"CoreDataSetVSLibrary","generation":"generated"},{"nameUrl":"StructureMap-CoreDataSetVSToAddBundle.html","title":"CoreDataSetVSToAddBundle","generation":"generated"},{"nameUrl":"StructureMap-DDCCtoCoredataset.html","title":"DDCCtoCoredataset","generation":"generated"},{"nameUrl":"StructureMap-DDCCtoEUdcc.html","title":"DDCCtoEUdcc","generation":"generated"},{"nameUrl":"StructureMap-QRespToCoreDataSet.html","title":"QRespToCoreDataSet","generation":"generated"},{"nameUrl":"StructureMap-ResourcesToCoreDataSet.html","title":"ResourcesToCoreDataSet","generation":"generated"},{"nameUrl":"StructureMap-svc-map-qr-uvci-bundle.html","title":"svc-map-qr-uvci-bundle","generation":"generated"},{"nameUrl":"ConceptMap-who-ddcc-map-icd11-icd10-disease-targeted.html","title":"WHO_DDCC_Map_ICD11_to_ICD10_Disease_Targeted","generation":"generated"},{"nameUrl":"ConceptMap-who-ddcc-map-icd11-sct-agent-targeted.html","title":"WHO_DDCC_Map_ICD11_to_SCT_Agent_Targeted","generation":"generated"},{"nameUrl":"ConceptMap-who-ddcc-map-icd11-sct-disease-targeted.html","title":"WHO_DDCC_Map_ICD11_to_SCT_Disease_Targeted","generation":"generated"},{"nameUrl":"ConceptMap-who-ddcc-map-icd11-sct-test-result.html","title":"WHO_DDCC_Map_ICD11_to_SCT_Test_Result","generation":"generated"},{"nameUrl":"ConceptMap-who-ddcc-map-icd11-sct-vaccines.html","title":"WHO_DDCC_Map_ICD11_to_SCT_Vaccines","generation":"generated"},{"nameUrl":"ConceptMap-who-ddcc-map-loinc-sct-type-of-test.html","title":"WHO_DDCC_Map_LOINC_to_SCT_Type_of_Test","generation":"generated"},{"nameUrl":"Composition-DDCC-Composition-Example-Arabic.html","title":"DDCC-Composition-Example-Arabic","generation":"generated"},{"nameUrl":"Composition-DDCC-Composition-Example-Chinese.html","title":"DDCC-Composition-Example-Chinese","generation":"generated"},{"nameUrl":"Composition-DDCC-Composition-Example-English.html","title":"DDCC-Composition-Example-English","generation":"generated"},{"nameUrl":"Composition-DDCC-Composition-Example-French.html","title":"DDCC-Composition-Example-French","generation":"generated"},{"nameUrl":"Composition-DDCC-Composition-Example-Russian.html","title":"DDCC-Composition-Example-Russian","generation":"generated"},{"nameUrl":"Composition-DDCC-Composition-Example-Spanish.html","title":"DDCC-Composition-Example-Spanish","generation":"generated"},{"nameUrl":"Immunization-DDCC-Immunization-Arabic.html","title":"DDCC-Immunization-Arabic","generation":"generated"},{"nameUrl":"Immunization-DDCC-Immunization-Chinese.html","title":"DDCC-Immunization-Chinese","generation":"generated"},{"nameUrl":"Immunization-DDCC-Immunization-English.html","title":"DDCC-Immunization-English","generation":"generated"},{"nameUrl":"Immunization-DDCC-Immunization-French.html","title":"DDCC-Immunization-French","generation":"generated"},{"nameUrl":"Immunization-DDCC-Immunization-Russian.html","title":"DDCC-Immunization-Russian","generation":"generated"},{"nameUrl":"Immunization-DDCC-Immunization-Spanish.html","title":"DDCC-Immunization-Spanish","generation":"generated"},{"nameUrl":"ImmunizationRecommendation-DDCC-ImmunizationRecommendation-Arabic.html","title":"DDCC-ImmunizationRecommendation-Arabic","generation":"generated"},{"nameUrl":"ImmunizationRecommendation-DDCC-ImmunizationRecommendation-Chinese.html","title":"DDCC-ImmunizationRecommendation-Chinese","generation":"generated"},{"nameUrl":"ImmunizationRecommendation-DDCC-ImmunizationRecommendation-English.html","title":"DDCC-ImmunizationRecommendation-English","generation":"generated"},{"nameUrl":"ImmunizationRecommendation-DDCC-ImmunizationRecommendation-French.html","title":"DDCC-ImmunizationRecommendation-French","generation":"generated"},{"nameUrl":"ImmunizationRecommendation-DDCC-ImmunizationRecommendation-Russian.html","title":"DDCC-ImmunizationRecommendation-Russian","generation":"generated"},{"nameUrl":"ImmunizationRecommendation-DDCC-ImmunizationRecommendation-Spanish.html","title":"DDCC-ImmunizationRecommendation-Spanish","generation":"generated"},{"nameUrl":"Organization-DDCC-Organization-Arabic.html","title":"DDCC-Organization-Arabic","generation":"generated"},{"nameUrl":"Organization-DDCC-Organization-Chinese.html","title":"DDCC-Organization-Chinese","generation":"generated"},{"nameUrl":"Organization-DDCC-Organization-English.html","title":"DDCC-Organization-English","generation":"generated"},{"nameUrl":"Organization-DDCC-Organization-French.html","title":"DDCC-Organization-French","generation":"generated"},{"nameUrl":"Organization-DDCC-Organization-Russian.html","title":"DDCC-Organization-Russian","generation":"generated"},{"nameUrl":"Organization-DDCC-Organization-Spanish.html","title":"DDCC-Organization-Spanish","generation":"generated"},{"nameUrl":"Patient-DDCC-Patient-Arabic.html","title":"DDCC-Patient-Arabic","generation":"generated"},{"nameUrl":"Patient-DDCC-Patient-Chinese.html","title":"DDCC-Patient-Chinese","generation":"generated"},{"nameUrl":"Patient-DDCC-Patient-English.html","title":"DDCC-Patient-English","generation":"generated"},{"nameUrl":"Patient-DDCC-Patient-French.html","title":"DDCC-Patient-French","generation":"generated"},{"nameUrl":"Patient-DDCC-Patient-Russian.html","title":"DDCC-Patient-Russian","generation":"generated"},{"nameUrl":"Patient-DDCC-Patient-Spanish.html","title":"DDCC-Patient-Spanish","generation":"generated"},{"nameUrl":"Bundle-DDCC-TX-SHE-bundle-example-1.html","title":"DDCC-TX-SHE-bundle-example-1","generation":"generated"},{"nameUrl":"Bundle-DDCC-TX-SHE-bundle-example-Arabic.html","title":"DDCC-TX-SHE-bundle-example-Arabic","generation":"generated"},{"nameUrl":"Bundle-DDCC-TX-SHE-bundle-example-Chinese.html","title":"DDCC-TX-SHE-bundle-example-Chinese","generation":"generated"},{"nameUrl":"Bundle-DDCC-TX-SHE-bundle-example-French.html","title":"DDCC-TX-SHE-bundle-example-French","generation":"generated"},{"nameUrl":"Bundle-DDCC-TX-SHE-bundle-example-Russian.html","title":"DDCC-TX-SHE-bundle-example-Russian","generation":"generated"},{"nameUrl":"Bundle-DDCC-TX-SHE-bundle-example-Spanish.html","title":"DDCC-TX-SHE-bundle-example-Spanish","generation":"generated"},{"nameUrl":"QuestionnaireResponse-DDCC-VS-QuestionnaireResponse-Arabic.html","title":"DDCC-VS-QuestionnaireResponse-Arabic","generation":"generated"},{"nameUrl":"QuestionnaireResponse-DDCC-VS-QuestionnaireResponse-Chinese.html","title":"DDCC-VS-QuestionnaireResponse-Chinese","generation":"generated"},{"nameUrl":"QuestionnaireResponse-DDCC-VS-QuestionnaireResponse-Example.html","title":"DDCC-VS-QuestionnaireResponse-Example","generation":"generated"},{"nameUrl":"QuestionnaireResponse-DDCC-VS-QuestionnaireResponse-French.html","title":"DDCC-VS-QuestionnaireResponse-French","generation":"generated"},{"nameUrl":"QuestionnaireResponse-DDCC-VS-QuestionnaireResponse-Russian.html","title":"DDCC-VS-QuestionnaireResponse-Russian","generation":"generated"},{"nameUrl":"QuestionnaireResponse-DDCC-VS-QuestionnaireResponse-Spanish.html","title":"DDCC-VS-QuestionnaireResponse-Spanish","generation":"generated"},{"nameUrl":"Bundle-Example-Arabic.html","title":"Example-Arabic","generation":"generated"},{"nameUrl":"Bundle-Example-Chinese.html","title":"Example-Chinese","generation":"generated"},{"nameUrl":"Bundle-Example-English.html","title":"Example-English","generation":"generated"},{"nameUrl":"Bundle-Example-French.html","title":"Example-French","generation":"generated"},{"nameUrl":"Bundle-Example-Russian.html","title":"Example-Russian","generation":"generated"},{"nameUrl":"Bundle-Example-Spanish.html","title":"Example-Spanish","generation":"generated"},{"nameUrl":"Bundle-IPS-Immunization-Example-Bundle-01.html","title":"IPS-Immunization-Example-Bundle-01","generation":"generated"}]}]},"parameter":[{"code":"path-resource","value":"input/capabilities"},{"code":"path-resource","value":"input/examples"},{"code":"path-resource","value":"input/extensions"},{"code":"path-resource","value":"input/models"},{"code":"path-resource","value":"input/operations"},{"code":"path-resource","value":"input/profiles"},{"code":"path-resource","value":"input/resources"},{"code":"path-resource","value":"input/vocabulary"},{"code":"path-resource","value":"input/maps"},{"code":"path-resource","value":"input/testing"},{"code":"path-resource","value":"input/history"},{"code":"path-resource","value":"fsh-generated/resources"},{"code":"path-pages","value":"template/config"},{"code":"path-pages","value":"input/images"},{"code":"path-tx-cache","value":"input-cache/txcache"}]}}