{"resourceType":"OperationDefinition","id":"DDCC-QuestionnaireResponse-generateHealthCertificate","text":{"status":"extensions","div":"<div xmlns=\"http://www.w3.org/1999/xhtml\"><h2>QuestionnaireResponse_Generate_Health_Certificate</h2><p>OPERATION: QuestionnaireResponse_Generate_Health_Certificate</p><p>The official URL for this operation definition is: </p><pre>http://worldhealthorganization.github.io/ddcc/OperationDefinition/DDCCGenerateHealthCertificate</pre><div><p>Generate one or more signed DDCC Documents based on a <a href=\"StructureDefinition-DDCCQuestionnaireResponse.html\">DDCC QuestionnaireResponse</a></p>\n</div><p>URL: [base]/QuestionnaireResponse/$generateHealthCertificate</p><p>URL: [base]/QuestionnaireResponse/[id]/$generateHealthCertificate</p><p>Parameters</p><table class=\"grid\"><tr><td><b>Use</b></td><td><b>Name</b></td><td><b>Cardinality</b></td><td><b>Type</b></td><td><b>Binding</b></td><td><b>Documentation</b></td></tr><tr><td>IN</td><td>response</td><td>0..1</td><td><a href=\"http://hl7.org/fhir/R4/questionnaireresponse.html\">QuestionnaireResponse</a></td><td/><td><div><p>The questionnaire response resource used to generate the DDCC Document.  Can only use one of response or bundle.</p>\n</div></td></tr><tr><td>IN</td><td>response</td><td>0..1</td><td><a href=\"http://hl7.org/fhir/R4/bundle.html\">Bundle</a></td><td/><td><div><p>A bundle resource used to generate the DDCC Document.  Can only use one of response or bundle.</p>\n</div></td></tr><tr><td>OUT</td><td>return</td><td>0..1</td><td><a href=\"http://hl7.org/fhir/R4/bundle.html\">Bundle</a></td><td/><td><div><p>The DDCC, including any QR codes, that was created under the <a href=\"transactions.html#submit-health-event-expected-actions\">Generate Health Certificate</a> expected actions</p>\n</div></td></tr></table></div>"},"url":"http://worldhealthorganization.github.io/ddcc/OperationDefinition/DDCCGenerateHealthCertificate","version":"0.3.1","name":"QuestionnaireResponse_Generate_Health_Certificate","title":"OperationDefinition for generating a health certificate (DDCC) that is signed.","status":"draft","kind":"operation","experimental":true,"date":"2021-06-03","publisher":"WHO","contact":[{"name":"WHO","telecom":[{"system":"url","value":"http://who.int"}]}],"description":"Generate one or more signed DDCC Documents based on a [DDCC QuestionnaireResponse](StructureDefinition-DDCCQuestionnaireResponse.html)","jurisdiction":[{"coding":[{"system":"http://unstats.un.org/unsd/methods/m49/m49.htm","code":"001"}]}],"code":"generateHealthCertificate","resource":["QuestionnaireResponse"],"system":false,"type":true,"instance":true,"parameter":[{"name":"response","use":"in","min":0,"max":"1","documentation":"The questionnaire response resource used to generate the DDCC Document.  Can only use one of response or bundle.","type":"QuestionnaireResponse"},{"name":"response","use":"in","min":0,"max":"1","documentation":"A bundle resource used to generate the DDCC Document.  Can only use one of response or bundle.","type":"Bundle"},{"name":"return","use":"out","min":0,"max":"1","documentation":"The DDCC, including any QR codes, that was created under the [Generate Health Certificate](transactions.html#submit-health-event-expected-actions) expected actions","type":"Bundle"}]}