{
  "resourceType": "CodeSystem",
  "id": "DDCC-Composition-Category-CodeSystem",
  "text": {
    "status": "generated",
    "div": "<div xmlns=\"http://www.w3.org/1999/xhtml\"><p>This code system http://worldhealthorganization.github.io/ddcc/CodeSystem/DDCC-Composition-Category-CodeSystem defines the following codes:</p><table class=\"codes\"><tr><td style=\"white-space:nowrap\"><b>Code</b></td><td><b>Display</b></td></tr><tr><td style=\"white-space:nowrap\">ddcc-vs<a name=\"DDCC-Composition-Category-CodeSystem-ddcc-vs\"> </a></td><td>DDCC:VS</td></tr><tr><td style=\"white-space:nowrap\">ddcc-tr<a name=\"DDCC-Composition-Category-CodeSystem-ddcc-tr\"> </a></td><td>DDCC:TR</td></tr></table></div>"
  },
  "url": "http://worldhealthorganization.github.io/ddcc/CodeSystem/DDCC-Composition-Category-CodeSystem",
  "version": "1.0.0",
  "name": "DDCC_Composition_Category_CodeSystem",
  "title": "DDCC Composition Category Codes",
  "status": "active",
  "date": "2022-03-23T20:39:07+00:00",
  "publisher": "WHO",
  "contact": [
    {
      "name": "WHO",
      "telecom": [
        {
          "system": "url",
          "value": "http://who.int"
        }
      ]
    }
  ],
  "description": "Possible categories available for composition.",
  "jurisdiction": [
    {
      "coding": [
        {
          "system": "http://unstats.un.org/unsd/methods/m49/m49.htm",
          "code": "001"
        }
      ]
    }
  ],
  "content": "complete",
  "count": 2,
  "concept": [
    {
      "code": "ddcc-vs",
      "display": "DDCC:VS"
    },
    {
      "code": "ddcc-tr",
      "display": "DDCC:TR"
    }
  ]
}