{
  "resourceType": "Composition",
  "id": "DDCC-Composition-Example-Arabic",
  "meta": {
    "profile": [
      "http://worldhealthorganization.github.io/ddcc/StructureDefinition/DDCCVSComposition"
    ]
  },
  "text": {
    "status": "generated",
    "div": "<div xmlns=\"http://www.w3.org/1999/xhtml\"><p><b>Generated Narrative: Composition</b><a name=\"DDCC-Composition-Example-Arabic\"> </a></p><div style=\"display: inline-block; background-color: #d9e0e7; padding: 6px; margin: 4px; border: 1px solid #8da1b4; border-radius: 5px; line-height: 60%\"><p style=\"margin-bottom: 0px\">Resource Composition \"DDCC-Composition-Example-Arabic\" </p><p style=\"margin-bottom: 0px\">Profile: <a href=\"StructureDefinition-DDCCVSComposition.html\">DDCC:VS Composition</a></p></div><p><b>identifier</b>: id: 999123456123456123456(use: OFFICIAL)</p><p><b>status</b>: final</p><p><b>type</b>: Immunization summary report <span style=\"background: LightGoldenRodYellow; margin: 4px; border: 1px solid khaki\"> (<a href=\"https://loinc.org/\">LOINC</a>#82593-5)</span></p><p><b>date</b>: 2020-05-06</p><p><b>author</b>: <a href=\"Organization-DDCC-Organization-Arabic.html\">Organization/DDCC-Organization-Arabic</a> \"مستشفى حكومي\"</p><p><b>title</b>: Digital Documentation of COVID-19 Certificate (DDCC)</p><h3>Attesters</h3><table class=\"grid\"><tr><td>-</td><td><b>Mode</b></td><td><b>Party</b></td></tr><tr><td>*</td><td>official</td><td><a href=\"Organization-DDCC-Organization-Arabic.html\">Organization/DDCC-Organization-Arabic</a> \"مستشفى حكومي\"</td></tr></table></div>"
  },
  "identifier": {
    "use": "official",
    "system": "urn:EXAMPLE-who-:ddcc:composition:ids",
    "value": "999123456123456123456"
  },
  "status": "final",
  "type": {
    "coding": [
      {
        "system": "http://loinc.org",
        "code": "82593-5"
      }
    ]
  },
  "subject": {
    "reference": "Patient/DDCC-Patient-Arabic"
  },
  "date": "2020-05-06",
  "author": [
    {
      "reference": "Organization/DDCC-Organization-Arabic"
    }
  ],
  "title": "Digital Documentation of COVID-19 Certificate (DDCC)",
  "attester": [
    {
      "mode": "official",
      "party": {
        "reference": "Organization/DDCC-Organization-Arabic"
      }
    }
  ],
  "section": [
    {
      "code": {
        "coding": [
          {
            "system": "http://loinc.org",
            "code": "11369-6"
          }
        ]
      },
      "focus": {
        "reference": "Immunization/DDCC-Immunization-Arabic"
      },
      "entry": [
        {
          "reference": "Immunization/DDCC-Immunization-Arabic"
        },
        {
          "reference": "ImmunizationRecommendation/DDCC-ImmunizationRecommendation-Arabic"
        }
      ]
    }
  ]
}