{
  "resourceType": "ConceptMap",
  "id": "who-ddcc-map-sct-ichi-specimen-origin",
  "text": {
    "status": "extensions",
    "div": "<div xmlns=\"http://www.w3.org/1999/xhtml\"><h2>SNOMED_CT_ICHI_COVID19_Specimen_Origin (http://worldhealthorganization.github.io/ddcc/ConceptMap/WHO_DDCC_Map_ICD11_to_SCT_Test_Result)</h2><p>Mapping from <a href=\"http://terminology.hl7.org/3.1.0/CodeSystem-v3-snomed-CT.html\">http://snomed.info/sct</a> to http://id.who.int/icd/entity</p><p>DRAFT (not intended for production usage). Published on 2022-03-22 by WHO (WHO: <a href=\"http://who.int\">http://who.int</a>). </p><div><p>Rule-based mappings between SNOMED CT and ICHI for COVID-19 Specimen Origin</p>\n</div><br/><table class=\"grid\"><tr><td><b>Source Code</b></td><td><b>Relationship</b></td><td><b>Destination Code</b></td></tr><tr><td colspan=\"3\">Mapping from <code>http://id.who.int/icd11/mms</code> to <a href=\"http://terminology.hl7.org/3.1.0/CodeSystem-v3-snomed-CT.html\">SNOMED CT International Edition</a></td></tr><tr><td>RA01.0</td><td><a href=\"http://hl7.org/fhir/R4/codesystem-concept-map-equivalence.html#equivalent\">is equivalent to</a></td><td>1240581000000104 (Severe acute respiratory syndrome coronavirus 2 detected (finding))</td></tr><tr><td>QA02</td><td><a href=\"http://hl7.org/fhir/R4/codesystem-concept-map-equivalence.html#equivalent\">is equivalent to</a></td><td>1240591000000102 (Severe acute respiratory syndrome coronavirus 2 not detected)</td></tr></table><table class=\"grid\"><tr><td><b>Source Code</b></td><td><b>Relationship</b></td><td><b>Destination Code</b></td></tr><tr><td colspan=\"3\">Mapping from <code>http://id.who.int/icd/entity</code> to <a href=\"http://terminology.hl7.org/3.1.0/CodeSystem-v3-snomed-CT.html\">SNOMED CT International Edition</a></td></tr><tr><td>50872817</td><td><a href=\"http://hl7.org/fhir/R4/codesystem-concept-map-equivalence.html#equivalent\">is equivalent to</a></td><td>258500001 (Nasopharyngeal swab)</td></tr><tr><td>555916027</td><td><a href=\"http://hl7.org/fhir/R4/codesystem-concept-map-equivalence.html#wider\">maps to wider concept</a></td><td>461911000124106 (Swab specimen from oropharynx (specimen))</td></tr><tr><td>555916027</td><td><a href=\"http://hl7.org/fhir/R4/codesystem-concept-map-equivalence.html#wider\">maps to wider concept</a></td><td>472881004 (Swab from pharynx)</td></tr><tr><td>608172011</td><td><a href=\"http://hl7.org/fhir/R4/codesystem-concept-map-equivalence.html#equivalent\">is equivalent to</a></td><td>472901003 (Swab from nasal sinus)</td></tr><tr><td>1162766848</td><td><a href=\"http://hl7.org/fhir/R4/codesystem-concept-map-equivalence.html#equivalent\">is equivalent to</a></td><td>119342007 (Saliva specimen)</td></tr><tr><td>1695591348</td><td><a href=\"http://hl7.org/fhir/R4/codesystem-concept-map-equivalence.html#wider\">maps to wider concept</a></td><td>119297000 (Blood specimen)</td></tr><tr><td>1695591348</td><td><a href=\"http://hl7.org/fhir/R4/codesystem-concept-map-equivalence.html#wider\">maps to wider concept</a></td><td>119361006 (Plasma specimen)</td></tr><tr><td>1695591348</td><td><a href=\"http://hl7.org/fhir/R4/codesystem-concept-map-equivalence.html#wider\">maps to wider concept</a></td><td>119364003 (Serum specimen)</td></tr><tr><td>1695591348</td><td><a href=\"http://hl7.org/fhir/R4/codesystem-concept-map-equivalence.html#wider\">maps to wider concept</a></td><td>122592007 (Acellular blood (serum or plasma) specimen)</td></tr></table><table class=\"grid\"><tr><td><b>Source Code</b></td><td><b>Relationship</b></td><td><b>Destination Code</b></td></tr><tr><td colspan=\"3\">Mapping from <a href=\"http://terminology.hl7.org/3.1.0/CodeSystem-v3-snomed-CT.html\">SNOMED CT International Edition</a> to <code>http://id.who.int/icd/entity</code></td></tr><tr><td>258500001 (Nasopharyngeal swab)</td><td><a href=\"http://hl7.org/fhir/R4/codesystem-concept-map-equivalence.html#equivalent\">is equivalent to</a></td><td>50872817</td></tr><tr><td>461911000124106 (Swab specimen from oropharynx (specimen))</td><td><a href=\"http://hl7.org/fhir/R4/codesystem-concept-map-equivalence.html#equivalent\">is equivalent to</a></td><td>555916027</td></tr><tr><td>472881004 (Swab from pharynx)</td><td><a href=\"http://hl7.org/fhir/R4/codesystem-concept-map-equivalence.html#equivalent\">is equivalent to</a></td><td>555916027</td></tr><tr><td>472901003 (Swab from nasal sinus)</td><td><a href=\"http://hl7.org/fhir/R4/codesystem-concept-map-equivalence.html#equivalent\">is equivalent to</a></td><td>608172011</td></tr><tr><td>119342007 (Saliva specimen)</td><td><a href=\"http://hl7.org/fhir/R4/codesystem-concept-map-equivalence.html#equivalent\">is equivalent to</a></td><td>1162766848</td></tr><tr><td>119297000 (Blood specimen)</td><td><a href=\"http://hl7.org/fhir/R4/codesystem-concept-map-equivalence.html#equivalent\">is equivalent to</a></td><td>1695591348</td></tr><tr><td>119361006 (Plasma specimen)</td><td><a href=\"http://hl7.org/fhir/R4/codesystem-concept-map-equivalence.html#equivalent\">is equivalent to</a></td><td>1695591348</td></tr><tr><td>119364003 (Serum specimen)</td><td><a href=\"http://hl7.org/fhir/R4/codesystem-concept-map-equivalence.html#equivalent\">is equivalent to</a></td><td>1695591348</td></tr><tr><td>122592007 (Acellular blood (serum or plasma) specimen)</td><td><a href=\"http://hl7.org/fhir/R4/codesystem-concept-map-equivalence.html#equivalent\">is equivalent to</a></td><td>1695591348</td></tr></table></div>"
  },
  "url": "http://worldhealthorganization.github.io/ddcc/ConceptMap/WHO_DDCC_Map_ICD11_to_SCT_Test_Result",
  "version": "1.0.0",
  "name": "SNOMED_CT_ICHI_COVID19_Specimen_Origin",
  "title": "ConceptMap from SNOMED CT to ICHI for Specimen Origin",
  "status": "draft",
  "experimental": true,
  "date": "2022-03-22",
  "publisher": "WHO",
  "contact": [
    {
      "name": "WHO",
      "telecom": [
        {
          "system": "url",
          "value": "http://who.int"
        }
      ]
    }
  ],
  "description": "Rule-based mappings between SNOMED CT and ICHI for COVID-19 Specimen Origin",
  "jurisdiction": [
    {
      "coding": [
        {
          "system": "http://unstats.un.org/unsd/methods/m49/m49.htm",
          "code": "001"
        }
      ]
    }
  ],
  "sourceCanonical": "http://snomed.info/sct",
  "targetCanonical": "http://id.who.int/icd/entity",
  "group": [
    {
      "source": "http://id.who.int/icd11/mms",
      "target": "http://snomed.info/sct",
      "element": [
        {
          "code": "RA01.0",
          "target": [
            {
              "code": "1240581000000104",
              "equivalence": "equivalent"
            }
          ]
        },
        {
          "code": "QA02",
          "target": [
            {
              "code": "1240591000000102",
              "equivalence": "equivalent"
            }
          ]
        }
      ]
    },
    {
      "source": "http://id.who.int/icd/entity",
      "target": "http://snomed.info/sct",
      "element": [
        {
          "code": "50872817",
          "target": [
            {
              "code": "258500001",
              "equivalence": "equivalent"
            }
          ]
        },
        {
          "code": "555916027",
          "target": [
            {
              "code": "461911000124106",
              "equivalence": "wider"
            }
          ]
        },
        {
          "code": "555916027",
          "target": [
            {
              "code": "472881004",
              "equivalence": "wider"
            }
          ]
        },
        {
          "code": "608172011",
          "target": [
            {
              "code": "472901003",
              "equivalence": "equivalent"
            }
          ]
        },
        {
          "code": "1162766848",
          "target": [
            {
              "code": "119342007",
              "equivalence": "equivalent"
            }
          ]
        },
        {
          "code": "1695591348",
          "target": [
            {
              "code": "119297000",
              "equivalence": "wider"
            }
          ]
        },
        {
          "code": "1695591348",
          "target": [
            {
              "code": "119361006",
              "equivalence": "wider"
            }
          ]
        },
        {
          "code": "1695591348",
          "target": [
            {
              "code": "119364003",
              "equivalence": "wider"
            }
          ]
        },
        {
          "code": "1695591348",
          "target": [
            {
              "code": "122592007",
              "equivalence": "wider"
            }
          ]
        }
      ]
    },
    {
      "source": "http://snomed.info/sct",
      "target": "http://id.who.int/icd/entity",
      "element": [
        {
          "code": "258500001",
          "target": [
            {
              "code": "50872817",
              "equivalence": "equivalent"
            }
          ]
        },
        {
          "code": "461911000124106",
          "target": [
            {
              "code": "555916027",
              "equivalence": "equivalent"
            }
          ]
        },
        {
          "code": "472881004",
          "target": [
            {
              "code": "555916027",
              "equivalence": "equivalent"
            }
          ]
        },
        {
          "code": "472901003",
          "target": [
            {
              "code": "608172011",
              "equivalence": "equivalent"
            }
          ]
        },
        {
          "code": "119342007",
          "target": [
            {
              "code": "1162766848",
              "equivalence": "equivalent"
            }
          ]
        },
        {
          "code": "119297000",
          "target": [
            {
              "code": "1695591348",
              "equivalence": "equivalent"
            }
          ]
        },
        {
          "code": "119361006",
          "target": [
            {
              "code": "1695591348",
              "equivalence": "equivalent"
            }
          ]
        },
        {
          "code": "119364003",
          "target": [
            {
              "code": "1695591348",
              "equivalence": "equivalent"
            }
          ]
        },
        {
          "code": "122592007",
          "target": [
            {
              "code": "1695591348",
              "equivalence": "equivalent"
            }
          ]
        }
      ]
    }
  ]
}