{
  "resourceType": "Immunization",
  "id": "DDCC-Immunization-Russian",
  "meta": {
    "profile": [
      "http://worldhealthorganization.github.io/ddcc/StructureDefinition/DDCCImmunization"
    ]
  },
  "text": {
    "status": "extensions",
    "div": "<div xmlns=\"http://www.w3.org/1999/xhtml\"><p><b>Generated Narrative: Immunization</b><a name=\"DDCC-Immunization-Russian\"> </a></p><div style=\"display: inline-block; background-color: #d9e0e7; padding: 6px; margin: 4px; border: 1px solid #8da1b4; border-radius: 5px; line-height: 60%\"><p style=\"margin-bottom: 0px\">Resource Immunization \"DDCC-Immunization-Russian\" </p><p style=\"margin-bottom: 0px\">Profile: <a href=\"StructureDefinition-DDCCImmunization.html\">DDCC Immunization</a></p></div><p><b>DDCC Event Brand for Immunization</b>: Sputnik-Light (Details: http://id.who.int/icd11/mms code XM5QM6 = 'Sputnik-Light', stated as 'null')</p><p><b>DDCC Country Of Event for Immunization</b>: RUS</p><p><b>DDCC Vaccine Market Authorization for Immunization</b>: Test (Details: http://worldhealthorganization.github.io/ddcc/CodeSystem/DDCC-Example-Test-CodeSystem code TEST = 'Test', stated as 'null')</p><p><b>DDCC Vaccine Valid From</b>: 2021-05-30</p><p><b>status</b>: completed</p><p><b>vaccineCode</b>: COVID-19 vaccine, non-replicating viral vector <span style=\"background: LightGoldenRodYellow; margin: 4px; border: 1px solid khaki\"> (<a href=\"CodeSystem-DDCC-ICD11-CodeSystem.html\">DDCC Codes for ICD11</a>#XM9QW8)</span></p><p><b>patient</b>: <a href=\"Patient-DDCC-Patient-Russian.html\">Patient/DDCC-Patient-Russian</a> \"\"</p><p><b>occurrence</b>: 2021-05-06</p><p><b>location</b>: <span>: Сайт вакцинации</span></p><p><b>lotNumber</b>: 123</p><p><b>expirationDate</b>: 2021-06-30</p><h3>Performers</h3><table class=\"grid\"><tr><td>-</td><td><b>Actor</b></td></tr><tr><td>*</td><td><a href=\"Organization-DDCC-Organization-Russian.html\">Organization/DDCC-Organization-Russian</a> \"Государственная больница\"</td></tr></table><h3>ProtocolApplieds</h3><table class=\"grid\"><tr><td>-</td><td><b>Authority</b></td><td><b>TargetDisease</b></td><td><b>DoseNumber[x]</b></td><td><b>SeriesDoses[x]</b></td></tr><tr><td>*</td><td><a href=\"Organization-DDCC-Organization-Russian.html\">Organization/DDCC-Organization-Russian</a> \"Государственная больница\"</td><td>COVID-19 Disease <span style=\"background: LightGoldenRodYellow; margin: 4px; border: 1px solid khaki\"> (<a href=\"CodeSystem-DDCC-ICD11-CodeSystem.html\">DDCC Codes for ICD11</a>#RA01)</span></td><td>1</td><td>2</td></tr></table></div>"
  },
  "extension": [
    {
      "url": "http://worldhealthorganization.github.io/ddcc/StructureDefinition/DDCCEventBrand",
      "valueCoding": {
        "system": "http://id.who.int/icd11/mms",
        "code": "XM5QM6"
      }
    },
    {
      "url": "http://worldhealthorganization.github.io/ddcc/StructureDefinition/DDCCCountryOfEvent",
      "valueCode": "RUS"
    },
    {
      "url": "http://worldhealthorganization.github.io/ddcc/StructureDefinition/DDCCVaccineMarketAuthorization",
      "valueCoding": {
        "system": "http://worldhealthorganization.github.io/ddcc/CodeSystem/DDCC-Example-Test-CodeSystem",
        "code": "TEST"
      }
    },
    {
      "url": "http://worldhealthorganization.github.io/ddcc/StructureDefinition/DDCCVaccineValidFrom",
      "valueDate": "2021-05-30"
    }
  ],
  "status": "completed",
  "vaccineCode": {
    "coding": [
      {
        "system": "http://id.who.int/icd11/mms",
        "code": "XM9QW8"
      }
    ]
  },
  "patient": {
    "reference": "Patient/DDCC-Patient-Russian"
  },
  "occurrenceDateTime": "2021-05-06",
  "location": {
    "display": "Сайт вакцинации"
  },
  "lotNumber": "123",
  "expirationDate": "2021-06-30",
  "performer": [
    {
      "actor": {
        "reference": "Organization/DDCC-Organization-Russian"
      }
    }
  ],
  "protocolApplied": [
    {
      "authority": {
        "reference": "Organization/DDCC-Organization-Russian"
      },
      "targetDisease": [
        {
          "coding": [
            {
              "system": "http://id.who.int/icd11/mms",
              "code": "RA01"
            }
          ]
        }
      ],
      "doseNumberPositiveInt": 1,
      "seriesDosesPositiveInt": 2
    }
  ]
}