{
  "resourceType": "Organization",
  "id": "DDCC-Organization-Arabic",
  "meta": {
    "profile": [
      "http://worldhealthorganization.github.io/ddcc/StructureDefinition/DDCCOrganization"
    ]
  },
  "text": {
    "status": "generated",
    "div": "<div xmlns=\"http://www.w3.org/1999/xhtml\"><p><b>Generated Narrative: Organization</b><a name=\"DDCC-Organization-Arabic\"> </a></p><div style=\"display: inline-block; background-color: #d9e0e7; padding: 6px; margin: 4px; border: 1px solid #8da1b4; border-radius: 5px; line-height: 60%\"><p style=\"margin-bottom: 0px\">Resource Organization \"DDCC-Organization-Arabic\" </p><p style=\"margin-bottom: 0px\">Profile: <a href=\"StructureDefinition-DDCCOrganization.html\">DDCC Organization</a></p></div><p><b>name</b>: مستشفى حكومي</p></div>"
  },
  "name": "مستشفى حكومي"
}