{
  "resourceType": "StructureDefinition",
  "id": "DDCCCoreDataSet.VS.CoC",
  "text": {
    "status": "extensions",
    "div": "<div xmlns=\"http://www.w3.org/1999/xhtml\"><table border=\"0\" cellpadding=\"0\" cellspacing=\"0\" style=\"border: 0px #F0F0F0 solid; font-size: 11px; font-family: verdana; vertical-align: top;\"><tr style=\"border: 1px #F0F0F0 solid; font-size: 11px; font-family: verdana; vertical-align: top\"><th style=\"vertical-align: top; text-align : left; background-color: white; border: 0px #F0F0F0 solid; padding:0px 4px 0px 4px\" class=\"hierarchy\"><a href=\"http://hl7.org/fhir/R4/formats.html#table\" title=\"The logical name of the element\">Name</a></th><th style=\"vertical-align: top; text-align : left; background-color: white; border: 0px #F0F0F0 solid; padding:0px 4px 0px 4px\" class=\"hierarchy\"><a href=\"http://hl7.org/fhir/R4/formats.html#table\" title=\"Information about the use of the element\">Flags</a></th><th style=\"vertical-align: top; text-align : left; background-color: white; border: 0px #F0F0F0 solid; padding:0px 4px 0px 4px\" class=\"hierarchy\"><a href=\"http://hl7.org/fhir/R4/formats.html#table\" title=\"Minimum and Maximum # of times the the element can appear in the instance\">Card.</a></th><th style=\"width: 100px\" class=\"hierarchy\"><a href=\"http://hl7.org/fhir/R4/formats.html#table\" title=\"Reference to the type of the element\">Type</a></th><th style=\"vertical-align: top; text-align : left; background-color: white; border: 0px #F0F0F0 solid; padding:0px 4px 0px 4px\" class=\"hierarchy\"><a href=\"http://hl7.org/fhir/R4/formats.html#table\" title=\"Additional information about the element\">Description &amp; Constraints</a><span style=\"float: right\"><a href=\"http://hl7.org/fhir/R4/formats.html#table\" title=\"Legend for this format\"><img src=\"http://hl7.org/fhir/R4/help16.png\" alt=\"doco\" style=\"background-color: inherit\"/></a></span></th></tr><tr style=\"border: 0px #F0F0F0 solid; padding:0px; vertical-align: top; background-color: white\"><td style=\"vertical-align: top; text-align : left; background-color: white; border: 0px #F0F0F0 solid; padding:0px 4px 0px 4px; white-space: nowrap; background-image: url(tbl_bck1.png)\" class=\"hierarchy\"><img src=\"tbl_spacer.png\" alt=\".\" style=\"background-color: inherit\" class=\"hierarchy\"/><img src=\"icon_element.gif\" alt=\".\" style=\"background-color: white; background-color: inherit\" title=\"Element\" class=\"hierarchy\"/> <a href=\"StructureDefinition-DDCCCoreDataSet.VS.CoC-definitions.html#DDCCCoreDataSet\" title=\"Data elements for the DDCC Core Data Set - Vaccine Status - Continuity of Care.\">DDCCCoreDataSet</a><a name=\"DDCCCoreDataSet\"> </a></td><td style=\"vertical-align: top; text-align : left; background-color: white; border: 0px #F0F0F0 solid; padding:0px 4px 0px 4px\" class=\"hierarchy\"/><td style=\"vertical-align: top; text-align : left; background-color: white; border: 0px #F0F0F0 solid; padding:0px 4px 0px 4px\" class=\"hierarchy\"><span style=\"opacity: 0.5\">0</span><span style=\"opacity: 0.5\">..</span><span style=\"opacity: 0.5\">*</span></td><td style=\"vertical-align: top; text-align : left; background-color: white; border: 0px #F0F0F0 solid; padding:0px 4px 0px 4px\" class=\"hierarchy\"><a href=\"StructureDefinition-DDCCCoreDataSet.VS.html\">DDCCCoreDataSet_VS</a></td><td style=\"vertical-align: top; text-align : left; background-color: white; border: 0px #F0F0F0 solid; padding:0px 4px 0px 4px\" class=\"hierarchy\">DDCC Core Data Set Logical Model - Vaccine Status - Continuity of Care</td></tr>\r\n<tr style=\"border: 0px #F0F0F0 solid; padding:0px; vertical-align: top; background-color: #F7F7F7\"><td style=\"vertical-align: top; text-align : left; background-color: #F7F7F7; border: 0px #F0F0F0 solid; padding:0px 4px 0px 4px; white-space: nowrap; background-image: url(tbl_bck11.png)\" class=\"hierarchy\"><img src=\"tbl_spacer.png\" alt=\".\" style=\"background-color: inherit\" class=\"hierarchy\"/><img src=\"tbl_vjoin.png\" alt=\".\" style=\"background-color: inherit\" class=\"hierarchy\"/><img src=\"icon_element.gif\" alt=\".\" style=\"background-color: #F7F7F7; background-color: inherit\" title=\"Element\" class=\"hierarchy\"/> <a href=\"StructureDefinition-DDCCCoreDataSet.VS.CoC-definitions.html#DDCCCoreDataSet.vaccination\">vaccination</a><a name=\"DDCCCoreDataSet.vaccination\"> </a></td><td style=\"vertical-align: top; text-align : left; background-color: #F7F7F7; border: 0px #F0F0F0 solid; padding:0px 4px 0px 4px\" class=\"hierarchy\"/><td style=\"vertical-align: top; text-align : left; background-color: #F7F7F7; border: 0px #F0F0F0 solid; padding:0px 4px 0px 4px\" class=\"hierarchy\"/><td style=\"vertical-align: top; text-align : left; background-color: #F7F7F7; border: 0px #F0F0F0 solid; padding:0px 4px 0px 4px\" class=\"hierarchy\"/><td style=\"vertical-align: top; text-align : left; background-color: #F7F7F7; border: 0px #F0F0F0 solid; padding:0px 4px 0px 4px\" class=\"hierarchy\"/></tr>\r\n<tr style=\"border: 0px #F0F0F0 solid; padding:0px; vertical-align: top; background-color: white\"><td style=\"vertical-align: top; text-align : left; background-color: white; border: 0px #F0F0F0 solid; padding:0px 4px 0px 4px; white-space: nowrap; background-image: url(tbl_bck100.png)\" class=\"hierarchy\"><img src=\"tbl_spacer.png\" alt=\".\" style=\"background-color: inherit\" class=\"hierarchy\"/><img src=\"tbl_vline.png\" alt=\".\" style=\"background-color: inherit\" class=\"hierarchy\"/><img src=\"tbl_vjoin_end.png\" alt=\".\" style=\"background-color: inherit\" class=\"hierarchy\"/><img src=\"icon_primitive.png\" alt=\".\" style=\"background-color: white; background-color: inherit\" title=\"Primitive Data Type\" class=\"hierarchy\"/> <a href=\"StructureDefinition-DDCCCoreDataSet.VS.CoC-definitions.html#DDCCCoreDataSet.vaccination.centre\" title=\"The name or identifier of the vaccination facility responsible for providing the vaccination.\">centre</a><a name=\"DDCCCoreDataSet.vaccination.centre\"> </a></td><td style=\"vertical-align: top; text-align : left; background-color: white; border: 0px #F0F0F0 solid; padding:0px 4px 0px 4px\" class=\"hierarchy\"/><td style=\"vertical-align: top; text-align : left; background-color: white; border: 0px #F0F0F0 solid; padding:0px 4px 0px 4px\" class=\"hierarchy\">1..1</td><td style=\"vertical-align: top; text-align : left; background-color: white; border: 0px #F0F0F0 solid; padding:0px 4px 0px 4px\" class=\"hierarchy\"><a href=\"http://hl7.org/fhir/R4/datatypes.html#string\">string</a></td><td style=\"vertical-align: top; text-align : left; background-color: white; border: 0px #F0F0F0 solid; padding:0px 4px 0px 4px\" class=\"hierarchy\">Administering centre</td></tr>\r\n<tr style=\"border: 0px #F0F0F0 solid; padding:0px; vertical-align: top; background-color: #F7F7F7\"><td style=\"vertical-align: top; text-align : left; background-color: #F7F7F7; border: 0px #F0F0F0 solid; padding:0px 4px 0px 4px; white-space: nowrap; background-image: url(tbl_bck00.png)\" class=\"hierarchy\"><img src=\"tbl_spacer.png\" alt=\".\" style=\"background-color: inherit\" class=\"hierarchy\"/><img src=\"tbl_vjoin_end.png\" alt=\".\" style=\"background-color: inherit\" class=\"hierarchy\"/><img src=\"icon_primitive.png\" alt=\".\" style=\"background-color: #F7F7F7; background-color: inherit\" title=\"Primitive Data Type\" class=\"hierarchy\"/> <a href=\"StructureDefinition-DDCCCoreDataSet.VS.CoC-definitions.html#DDCCCoreDataSet.sex\" title=\"Documentation of a specific instance of sex information for the vaccinated person.\">sex</a><a name=\"DDCCCoreDataSet.sex\"> </a></td><td style=\"vertical-align: top; text-align : left; background-color: #F7F7F7; border: 0px #F0F0F0 solid; padding:0px 4px 0px 4px\" class=\"hierarchy\"><span style=\"padding-left: 3px; padding-right: 3px; color: black; null\" title=\"This element is included in summaries\">Σ</span></td><td style=\"vertical-align: top; text-align : left; background-color: #F7F7F7; border: 0px #F0F0F0 solid; padding:0px 4px 0px 4px\" class=\"hierarchy\">0..1</td><td style=\"vertical-align: top; text-align : left; background-color: #F7F7F7; border: 0px #F0F0F0 solid; padding:0px 4px 0px 4px\" class=\"hierarchy\"><a href=\"http://hl7.org/fhir/R4/datatypes.html#code\">code</a></td><td style=\"vertical-align: top; text-align : left; background-color: #F7F7F7; border: 0px #F0F0F0 solid; padding:0px 4px 0px 4px\" class=\"hierarchy\">Sex<br/><span style=\"font-weight:bold\">Binding: </span><a href=\"http://hl7.org/fhir/R4/valueset-administrative-gender.html\">AdministrativeGender</a> (<a href=\"http://hl7.org/fhir/R4/terminologies.html#required\" title=\"To be conformant, the concept in this element SHALL be from the specified value set.\">required</a>)</td></tr>\r\n<tr><td colspan=\"5\" class=\"hierarchy\"><br/><a href=\"http://hl7.org/fhir/R4/formats.html#table\" title=\"Legend for this format\"><img src=\"http://hl7.org/fhir/R4/help16.png\" alt=\"doco\" style=\"background-color: inherit\"/> Documentation for this format</a></td></tr></table></div>"
  },
  "url": "http://worldhealthorganization.github.io/ddcc/StructureDefinition/DDCCCoreDataSet.VS.CoC",
  "version": "0.3.1",
  "name": "DDCCCoreDataSet_VS_CoC",
  "title": "DDCC Core Data Set Logical Model - Vaccine Status - Continuity of Care",
  "status": "draft",
  "date": "2022-02-13T22:11:31+00:00",
  "publisher": "WHO",
  "contact": [
    {
      "name": "WHO",
      "telecom": [
        {
          "system": "url",
          "value": "http://who.int"
        }
      ]
    }
  ],
  "description": "Data elements for the DDCC Core Data Set - Vaccine Status - Continuity of Care.",
  "jurisdiction": [
    {
      "coding": [
        {
          "system": "http://unstats.un.org/unsd/methods/m49/m49.htm",
          "code": "001"
        }
      ]
    }
  ],
  "fhirVersion": "4.0.1",
  "mapping": [
    {
      "identity": "rim",
      "uri": "http://hl7.org/v3",
      "name": "RIM Mapping"
    },
    {
      "identity": "ddcc-vs-coc-immunization-recommendation",
      "uri": "http://worldhealthorganization.github.io/ddcc/StructureDefinition/DDCCPatient",
      "name": "WHO Digital Documentation of COVID Certificates"
    },
    {
      "identity": "ddcc-immunization",
      "uri": "http://worldhealthorganization.github.io/ddcc/StructureDefinition/DDCCImmunization",
      "name": "WHO Digital Documentation of COVID Certificates"
    },
    {
      "identity": "ddcc-immunization-recommendation",
      "uri": "http://worldhealthorganization.github.io/ddcc/StructureDefinition/DDCCImmunizationRecommendation",
      "name": "WHO Digital Documentation of COVID Certificates"
    },
    {
      "identity": "ddcc-composition",
      "uri": "http://worldhealthorganization.github.io/ddcc/StructureDefinition/DDCCComposition",
      "name": "WHO Digital Documentation of COVID Certificates"
    }
  ],
  "kind": "logical",
  "abstract": false,
  "type": "DDCCCoreDataSet",
  "baseDefinition": "http://worldhealthorganization.github.io/ddcc/StructureDefinition/DDCCCoreDataSet.VS",
  "derivation": "specialization",
  "snapshot": {
    "element": [
      {
        "id": "DDCCCoreDataSet",
        "path": "DDCCCoreDataSet",
        "short": "DDCC Core Data Set Logical Model - Vaccine Status - Continuity of Care",
        "definition": "Data elements for the DDCC Core Data Set - Vaccine Status - Continuity of Care.",
        "min": 0,
        "max": "*",
        "base": {
          "path": "Base",
          "min": 0,
          "max": "*"
        },
        "isModifier": false
      },
      {
        "id": "DDCCCoreDataSet.name",
        "path": "DDCCCoreDataSet.name",
        "short": "Name",
        "definition": "The full name of the person.",
        "min": 1,
        "max": "1",
        "base": {
          "path": "DDCCCoreDataSet.name",
          "min": 1,
          "max": "1"
        },
        "type": [
          {
            "code": "string"
          }
        ],
        "isSummary": true,
        "mapping": [
          {
            "identity": "ddcc-patient",
            "map": "Patient.name.text"
          }
        ]
      },
      {
        "id": "DDCCCoreDataSet.birthDate",
        "path": "DDCCCoreDataSet.birthDate",
        "short": "Date of birth",
        "definition": "The person's date of birth (DOB) if known. If unknown, use given DOB for administrative purposes",
        "min": 0,
        "max": "1",
        "base": {
          "path": "DDCCCoreDataSet.birthDate",
          "min": 0,
          "max": "1"
        },
        "type": [
          {
            "code": "date"
          }
        ],
        "isSummary": true,
        "mapping": [
          {
            "identity": "ddcc-patient",
            "map": "Patient.birthDate"
          }
        ]
      },
      {
        "id": "DDCCCoreDataSet.identifier",
        "path": "DDCCCoreDataSet.identifier",
        "short": "Unique identifier",
        "definition": "Unique identifier for the person, according to the policies applicable to each country. There can be more than one unique identifier used to link records. (e.g. national ID, health ID, immunization information system ID, medical record ID).",
        "min": 0,
        "max": "1",
        "base": {
          "path": "DDCCCoreDataSet.identifier",
          "min": 0,
          "max": "1"
        },
        "type": [
          {
            "code": "Identifier"
          }
        ],
        "isSummary": true,
        "mapping": [
          {
            "identity": "ddcc-patient",
            "map": "Patient.identifier"
          }
        ]
      },
      {
        "id": "DDCCCoreDataSet.certificate",
        "path": "DDCCCoreDataSet.certificate",
        "short": "Certificate Metadata",
        "definition": "Metadata associated with the certificate",
        "min": 0,
        "max": "1",
        "base": {
          "path": "DDCCCoreDataSet.certificate",
          "min": 0,
          "max": "1"
        },
        "type": [
          {
            "code": "BackboneElement"
          }
        ],
        "isSummary": true
      },
      {
        "id": "DDCCCoreDataSet.certificate.issuer",
        "path": "DDCCCoreDataSet.certificate.issuer",
        "short": "Certificate issuer",
        "definition": "Certificate issuer.",
        "min": 1,
        "max": "1",
        "base": {
          "path": "DDCCCoreDataSet.certificate.issuer",
          "min": 1,
          "max": "1"
        },
        "type": [
          {
            "code": "Reference",
            "targetProfile": [
              "http://worldhealthorganization.github.io/ddcc/StructureDefinition/DDCCOrganization"
            ]
          }
        ],
        "isSummary": true,
        "mapping": [
          {
            "identity": "ddcc-composition",
            "map": "Composition.author.identifier"
          },
          {
            "identity": "ddcc-immunization",
            "map": "Immunization.protocolApplied.authority.identifier"
          }
        ]
      },
      {
        "id": "DDCCCoreDataSet.certificate.hcid",
        "path": "DDCCCoreDataSet.certificate.hcid",
        "short": "Health certificate identifier (HCID)",
        "definition": "Health certificate identifier (HCID).",
        "min": 1,
        "max": "1",
        "base": {
          "path": "DDCCCoreDataSet.certificate.hcid",
          "min": 1,
          "max": "1"
        },
        "type": [
          {
            "code": "Identifier"
          }
        ],
        "isSummary": true
      },
      {
        "id": "DDCCCoreDataSet.certificate.ddccid",
        "path": "DDCCCoreDataSet.certificate.ddccid",
        "short": "DDCC Identifier",
        "definition": "DDCC Identifier",
        "min": 0,
        "max": "1",
        "base": {
          "path": "DDCCCoreDataSet.certificate.ddccid",
          "min": 0,
          "max": "1"
        },
        "type": [
          {
            "code": "Identifier"
          }
        ],
        "isSummary": true
      },
      {
        "id": "DDCCCoreDataSet.certificate.version",
        "path": "DDCCCoreDataSet.certificate.version",
        "short": "Certificate schema version",
        "definition": "Certificate schema version",
        "min": 1,
        "max": "1",
        "base": {
          "path": "DDCCCoreDataSet.certificate.version",
          "min": 1,
          "max": "1"
        },
        "type": [
          {
            "code": "string"
          }
        ],
        "isSummary": true
      },
      {
        "id": "DDCCCoreDataSet.certificate.period",
        "path": "DDCCCoreDataSet.certificate.period",
        "short": "Certificate Validity Period",
        "definition": "Certificate validity period.",
        "min": 0,
        "max": "1",
        "base": {
          "path": "DDCCCoreDataSet.certificate.period",
          "min": 0,
          "max": "1"
        },
        "type": [
          {
            "code": "Period"
          }
        ],
        "mapping": [
          {
            "identity": "ddcc-composition",
            "map": "Composition.event.period"
          }
        ]
      },
      {
        "id": "DDCCCoreDataSet.certificate.period.start",
        "path": "DDCCCoreDataSet.certificate.period.start",
        "short": "Certificate valid from",
        "definition": "Start date of certificate validity.",
        "min": 0,
        "max": "1",
        "base": {
          "path": "DDCCCoreDataSet.certificate.period.start",
          "min": 0,
          "max": "1"
        },
        "type": [
          {
            "code": "date"
          }
        ]
      },
      {
        "id": "DDCCCoreDataSet.certificate.period.end",
        "path": "DDCCCoreDataSet.certificate.period.end",
        "short": "Certificate valid until",
        "definition": "End date of certificate validity.",
        "min": 0,
        "max": "1",
        "base": {
          "path": "DDCCCoreDataSet.certificate.period.end",
          "min": 0,
          "max": "1"
        },
        "type": [
          {
            "code": "date"
          }
        ]
      },
      {
        "id": "DDCCCoreDataSet.vaccination",
        "path": "DDCCCoreDataSet.vaccination",
        "short": "Vaccination Event",
        "definition": "A vaccination event.",
        "min": 1,
        "max": "1",
        "base": {
          "path": "DDCCCoreDataSet.vaccination",
          "min": 1,
          "max": "1"
        },
        "type": [
          {
            "code": "BackboneElement"
          }
        ],
        "constraint": [
          {
            "key": "who-ddcc-data-1",
            "severity": "error",
            "human": "Manufacturer or Market Authorization Holder SHALL be present",
            "expression": "manufacturer.exists() or maholder.exists()",
            "source": "http://worldhealthorganization.github.io/ddcc/StructureDefinition/DDCCCoreDataSet.VS"
          }
        ],
        "isSummary": true
      },
      {
        "id": "DDCCCoreDataSet.vaccination.vaccine",
        "path": "DDCCCoreDataSet.vaccination.vaccine",
        "short": "Vaccine or prophylaxis",
        "definition": "Generic description of the vaccine or vaccine sub-type. e.g. COVID-19 mRNA vaccine, HPV vaccine.",
        "min": 1,
        "max": "1",
        "base": {
          "path": "DDCCCoreDataSet.vaccination.vaccine",
          "min": 1,
          "max": "1"
        },
        "type": [
          {
            "code": "Coding"
          }
        ],
        "isSummary": true,
        "binding": {
          "strength": "preferred",
          "valueSet": "http://worldhealthorganization.github.io/ddcc/ValueSet/who-ddcc-vaccines-covid-19"
        },
        "mapping": [
          {
            "identity": "ddcc-immunization",
            "map": "Immunization.vaccineCode"
          }
        ]
      },
      {
        "id": "DDCCCoreDataSet.vaccination.brand",
        "path": "DDCCCoreDataSet.vaccination.brand",
        "short": "Vaccine brand",
        "definition": "The brand or trade name used to refer to the vaccine received.",
        "min": 1,
        "max": "1",
        "base": {
          "path": "DDCCCoreDataSet.vaccination.brand",
          "min": 1,
          "max": "1"
        },
        "type": [
          {
            "code": "Coding"
          }
        ],
        "isSummary": true,
        "mapping": [
          {
            "identity": "ddcc-immunization",
            "map": "Immunization.extension[https://worldhealthorganization.github.io/ddcc/StructureDefinition/DDCCEventBrand]"
          }
        ]
      },
      {
        "id": "DDCCCoreDataSet.vaccination.manufacturer",
        "path": "DDCCCoreDataSet.vaccination.manufacturer",
        "short": "Vaccine manufacturer",
        "definition": "Name of the manufacturer of the vaccine received. e.g. Serum institute of India, AstraZeneca. If vaccine manufacturer is unknown, market authorization holder is REQUIRED.",
        "min": 0,
        "max": "1",
        "base": {
          "path": "DDCCCoreDataSet.vaccination.manufacturer",
          "min": 0,
          "max": "1"
        },
        "type": [
          {
            "code": "Coding"
          }
        ],
        "isSummary": true,
        "mapping": [
          {
            "identity": "ddcc-immunization",
            "map": "Immunization.manufacturer"
          }
        ]
      },
      {
        "id": "DDCCCoreDataSet.vaccination.maholder",
        "path": "DDCCCoreDataSet.vaccination.maholder",
        "short": "Vaccine market authorization holder",
        "definition": "Name of the market authorization holder of the vaccine received. If market authorization holder is unknown, vaccine manufacturer is REQUIRED.",
        "min": 0,
        "max": "1",
        "base": {
          "path": "DDCCCoreDataSet.vaccination.maholder",
          "min": 0,
          "max": "1"
        },
        "type": [
          {
            "code": "Coding"
          }
        ],
        "isSummary": true,
        "mapping": [
          {
            "identity": "ddcc-immunization",
            "map": "Immunization.extension[https://worldhealthorganization.github.io/ddcc/StructureDefinition/DDCCVaccineMarketAuthorization]"
          }
        ]
      },
      {
        "id": "DDCCCoreDataSet.vaccination.lot",
        "path": "DDCCCoreDataSet.vaccination.lot",
        "short": "Vaccine lot number",
        "definition": "Lot number or batch number of vaccination.",
        "min": 1,
        "max": "1",
        "base": {
          "path": "DDCCCoreDataSet.vaccination.lot",
          "min": 1,
          "max": "1"
        },
        "type": [
          {
            "code": "string"
          }
        ],
        "isSummary": true,
        "mapping": [
          {
            "identity": "ddcc-immunization",
            "map": "Immunization.lotNumber"
          }
        ]
      },
      {
        "id": "DDCCCoreDataSet.vaccination.date",
        "path": "DDCCCoreDataSet.vaccination.date",
        "short": "Date of vaccination",
        "definition": "Date in which the vaccine was provided.",
        "min": 1,
        "max": "1",
        "base": {
          "path": "DDCCCoreDataSet.vaccination.date",
          "min": 1,
          "max": "1"
        },
        "type": [
          {
            "code": "dateTime"
          }
        ],
        "isSummary": true,
        "mapping": [
          {
            "identity": "ddcc-immunization",
            "map": "Immunization.occurrence"
          }
        ]
      },
      {
        "id": "DDCCCoreDataSet.vaccination.validFrom",
        "path": "DDCCCoreDataSet.vaccination.validFrom",
        "short": "Vaccination valid from",
        "definition": "Date upon which provided vaccination is considered valid.",
        "min": 0,
        "max": "1",
        "base": {
          "path": "DDCCCoreDataSet.vaccination.validFrom",
          "min": 0,
          "max": "1"
        },
        "type": [
          {
            "code": "date"
          }
        ],
        "mapping": [
          {
            "identity": "ddcc-immunization",
            "map": "Immunization.extension[https://worldhealthorganization.github.io/ddcc/StructureDefinition/DDCCVaccineValidFrom]"
          }
        ]
      },
      {
        "id": "DDCCCoreDataSet.vaccination.dose",
        "path": "DDCCCoreDataSet.vaccination.dose",
        "short": "Dose number",
        "definition": "Vaccine dose number.",
        "min": 1,
        "max": "1",
        "base": {
          "path": "DDCCCoreDataSet.vaccination.dose",
          "min": 1,
          "max": "1"
        },
        "type": [
          {
            "code": "positiveInt"
          }
        ],
        "isSummary": true,
        "mapping": [
          {
            "identity": "ddcc-immunization",
            "map": "Immunization.protocolApplied.doseNumber"
          }
        ]
      },
      {
        "id": "DDCCCoreDataSet.vaccination.totalDoses",
        "path": "DDCCCoreDataSet.vaccination.totalDoses",
        "short": "Total doses",
        "definition": "Total expected doses as defined by Member State care plan and immunization programme policies.",
        "min": 0,
        "max": "1",
        "base": {
          "path": "DDCCCoreDataSet.vaccination.totalDoses",
          "min": 0,
          "max": "1"
        },
        "type": [
          {
            "code": "positiveInt"
          }
        ],
        "mapping": [
          {
            "identity": "ddcc-immunization",
            "map": "Immunization.protocolApplied.seriesDoses"
          }
        ]
      },
      {
        "id": "DDCCCoreDataSet.vaccination.country",
        "path": "DDCCCoreDataSet.vaccination.country",
        "short": "Country of vaccination",
        "definition": "The country in which the individual has been vaccinated.",
        "min": 1,
        "max": "1",
        "base": {
          "path": "DDCCCoreDataSet.vaccination.country",
          "min": 1,
          "max": "1"
        },
        "type": [
          {
            "code": "Coding"
          }
        ],
        "isSummary": true,
        "binding": {
          "strength": "preferred",
          "valueSet": "http://hl7.org/fhir/ValueSet/iso3166-1-3"
        },
        "mapping": [
          {
            "identity": "ddcc",
            "map": "Immunization.extension.where(url='https://worldhealthorganization.github.io/ddcc/StructureDefinition/DDCCCountryOfVaccination')"
          },
          {
            "identity": "ddcc-immunization",
            "map": "Immunization.extension[https://worldhealthorganization.github.io/ddcc/StructureDefinition/DDCCCountryOfEvent]"
          }
        ]
      },
      {
        "id": "DDCCCoreDataSet.vaccination.centre",
        "path": "DDCCCoreDataSet.vaccination.centre",
        "short": "Administering centre",
        "definition": "The name or identifier of the vaccination facility responsible for providing the vaccination.",
        "min": 1,
        "max": "1",
        "base": {
          "path": "DDCCCoreDataSet.vaccination.centre",
          "min": 0,
          "max": "1"
        },
        "type": [
          {
            "code": "string"
          }
        ],
        "mapping": [
          {
            "identity": "ddcc-immunization",
            "map": "Immunization.location"
          }
        ]
      },
      {
        "id": "DDCCCoreDataSet.vaccination.signature",
        "path": "DDCCCoreDataSet.vaccination.signature",
        "short": "Signature of health worker",
        "definition": "REQUIRED for PAPER vaccination certificates ONLY. The health worker who provided the vaccination or the supervising clinician's hand-written signature.",
        "min": 0,
        "max": "1",
        "base": {
          "path": "DDCCCoreDataSet.vaccination.signature",
          "min": 0,
          "max": "1"
        },
        "type": [
          {
            "code": "Signature"
          }
        ]
      },
      {
        "id": "DDCCCoreDataSet.vaccination.practitioner",
        "path": "DDCCCoreDataSet.vaccination.practitioner",
        "short": "Health worker identifier",
        "definition": "OPTIONAL for DIGITAL and PAPER vaccination certificates. The unique identifier for the health worker as determined by the member state. There can be more than one unique identifier used. (e.g. system generated ID, health profession number, cryptographic signature, or any other form of health worker unique identifier). This can be used in lieu of a paper-based signature.",
        "min": 0,
        "max": "1",
        "base": {
          "path": "DDCCCoreDataSet.vaccination.practitioner",
          "min": 0,
          "max": "1"
        },
        "type": [
          {
            "code": "Identifier"
          }
        ],
        "mapping": [
          {
            "identity": "ddcc-immunization",
            "map": "Immunization.performer.actor"
          }
        ]
      },
      {
        "id": "DDCCCoreDataSet.vaccination.disease",
        "path": "DDCCCoreDataSet.vaccination.disease",
        "short": "Disease or agent targeted",
        "definition": "Name of disease vaccinated against (such as COVID-19).",
        "min": 0,
        "max": "1",
        "base": {
          "path": "DDCCCoreDataSet.vaccination.disease",
          "min": 0,
          "max": "1"
        },
        "type": [
          {
            "code": "Coding"
          }
        ],
        "binding": {
          "strength": "preferred",
          "valueSet": "http://worldhealthorganization.github.io/ddcc/ValueSet/who-ddcc-disease-targeted-covid-19"
        },
        "mapping": [
          {
            "identity": "ddcc-immunization",
            "map": "Immunization.protocolApplied.targetDisease"
          }
        ]
      },
      {
        "id": "DDCCCoreDataSet.vaccination.nextDose",
        "path": "DDCCCoreDataSet.vaccination.nextDose",
        "short": "Due date of next dose",
        "definition": "Date on which the next vaccination should be administered, if a next dose is REQUIRED.",
        "min": 0,
        "max": "1",
        "base": {
          "path": "DDCCCoreDataSet.vaccination.nextDose",
          "min": 0,
          "max": "1"
        },
        "type": [
          {
            "code": "date"
          }
        ],
        "mapping": [
          {
            "identity": "ddcc-immunization-recommendation",
            "map": "ImmunizationRecommendation.dateCriterion.value"
          }
        ]
      },
      {
        "id": "DDCCCoreDataSet.sex",
        "path": "DDCCCoreDataSet.sex",
        "short": "Sex",
        "definition": "Documentation of a specific instance of sex information for the vaccinated person.",
        "min": 0,
        "max": "1",
        "base": {
          "path": "DDCCCoreDataSet.sex",
          "min": 0,
          "max": "1"
        },
        "type": [
          {
            "code": "code"
          }
        ],
        "isSummary": true,
        "binding": {
          "strength": "required",
          "valueSet": "http://hl7.org/fhir/ValueSet/administrative-gender"
        },
        "mapping": [
          {
            "identity": "ddcc-vs-coc-immunization-recommendation",
            "map": "Patient.gender"
          }
        ]
      }
    ]
  },
  "differential": {
    "element": [
      {
        "id": "DDCCCoreDataSet",
        "path": "DDCCCoreDataSet",
        "short": "DDCC Core Data Set Logical Model - Vaccine Status - Continuity of Care",
        "definition": "Data elements for the DDCC Core Data Set - Vaccine Status - Continuity of Care."
      },
      {
        "id": "DDCCCoreDataSet.vaccination.centre",
        "path": "DDCCCoreDataSet.vaccination.centre",
        "short": "Administering centre",
        "definition": "The name or identifier of the vaccination facility responsible for providing the vaccination.",
        "min": 1,
        "max": "1",
        "type": [
          {
            "code": "string"
          }
        ]
      },
      {
        "id": "DDCCCoreDataSet.sex",
        "path": "DDCCCoreDataSet.sex",
        "short": "Sex",
        "definition": "Documentation of a specific instance of sex information for the vaccinated person.",
        "min": 0,
        "max": "1",
        "type": [
          {
            "code": "code"
          }
        ],
        "isSummary": true,
        "binding": {
          "strength": "required",
          "valueSet": "http://hl7.org/fhir/ValueSet/administrative-gender"
        },
        "mapping": [
          {
            "identity": "ddcc-vs-coc-immunization-recommendation",
            "map": "Patient.gender"
          }
        ]
      }
    ]
  }
}