{
  "resourceType" : "StructureDefinition",
  "id" : "DDCCCoreDataSet.VS",
  "text" : {
    "status" : "extensions",
    "div" : "<div xmlns=\"http://www.w3.org/1999/xhtml\"><table border=\"0\" cellpadding=\"0\" cellspacing=\"0\" style=\"border: 0px #F0F0F0 solid; font-size: 11px; font-family: verdana; vertical-align: top;\"><tr style=\"border: 1px #F0F0F0 solid; font-size: 11px; font-family: verdana; vertical-align: top\"><th style=\"vertical-align: top; text-align : left; background-color: white; border: 0px #F0F0F0 solid; padding:0px 4px 0px 4px\" class=\"hierarchy\"><a href=\"http://build.fhir.org/ig/FHIR/ig-guidance/readingIgs.html#table-views\" title=\"The logical name of the element\">Name</a></th><th style=\"vertical-align: top; text-align : left; background-color: white; border: 0px #F0F0F0 solid; padding:0px 4px 0px 4px\" class=\"hierarchy\"><a href=\"http://build.fhir.org/ig/FHIR/ig-guidance/readingIgs.html#table-views\" title=\"Information about the use of the element\">Flags</a></th><th style=\"vertical-align: top; text-align : left; background-color: white; border: 0px #F0F0F0 solid; padding:0px 4px 0px 4px\" class=\"hierarchy\"><a href=\"http://build.fhir.org/ig/FHIR/ig-guidance/readingIgs.html#table-views\" title=\"Minimum and Maximum # of times the the element can appear in the instance\">Card.</a></th><th style=\"width: 100px\" class=\"hierarchy\"><a href=\"http://build.fhir.org/ig/FHIR/ig-guidance/readingIgs.html#table-views\" title=\"Reference to the type of the element\">Type</a></th><th style=\"vertical-align: top; text-align : left; background-color: white; border: 0px #F0F0F0 solid; padding:0px 4px 0px 4px\" class=\"hierarchy\"><a href=\"http://build.fhir.org/ig/FHIR/ig-guidance/readingIgs.html#table-views\" title=\"Additional information about the element\">Description &amp; Constraints</a><span style=\"float: right\"><a href=\"http://build.fhir.org/ig/FHIR/ig-guidance/readingIgs.html#table-views\" title=\"Legend for this format\"><img src=\"http://hl7.org/fhir/R4/help16.png\" alt=\"doco\" style=\"background-color: inherit\"/></a></span></th></tr><tr style=\"border: 0px #F0F0F0 solid; padding:0px; vertical-align: top; background-color: white\"><td style=\"vertical-align: top; text-align : left; background-color: white; border: 0px #F0F0F0 solid; padding:0px 4px 0px 4px; white-space: nowrap; background-image: url(tbl_bck1.png)\" class=\"hierarchy\"><img src=\"tbl_spacer.png\" alt=\".\" style=\"background-color: inherit\" class=\"hierarchy\"/><img src=\"icon_element.gif\" alt=\".\" style=\"background-color: white; background-color: inherit\" title=\"Element\" class=\"hierarchy\"/> <a href=\"StructureDefinition-DDCCCoreDataSet.VS-definitions.html#DDCCCoreDataSet\" title=\"Data elements for the DDCC Core Data Set for Vaccination Status.\">DDCCCoreDataSet</a><a name=\"DDCCCoreDataSet\"> </a></td><td style=\"vertical-align: top; text-align : left; background-color: white; border: 0px #F0F0F0 solid; padding:0px 4px 0px 4px\" class=\"hierarchy\"/><td style=\"vertical-align: top; text-align : left; background-color: white; border: 0px #F0F0F0 solid; padding:0px 4px 0px 4px\" class=\"hierarchy\"><span style=\"opacity: 0.5\">0</span><span style=\"opacity: 0.5\">..</span><span style=\"opacity: 0.5\">*</span></td><td style=\"vertical-align: top; text-align : left; background-color: white; border: 0px #F0F0F0 solid; padding:0px 4px 0px 4px\" class=\"hierarchy\"><a href=\"StructureDefinition-DDCCCoreDataSet.html\">DDCCCoreDataSet</a></td><td style=\"vertical-align: top; text-align : left; background-color: white; border: 0px #F0F0F0 solid; padding:0px 4px 0px 4px\" class=\"hierarchy\">This is an abstract type. Child types: <a href=\"StructureDefinition-DDCCCoreDataSet.VS.PoV.html\">DDCCCoreDataSet</a>, <a href=\"StructureDefinition-DDCCCoreDataSet.VS.CoC.html\">DDCCCoreDataSet</a><br/>DDCC Core Data Set Logical Model for Vaccination Status</td></tr>\r\n<tr style=\"border: 0px #F0F0F0 solid; padding:0px; vertical-align: top; background-color: #F7F7F7\"><td style=\"vertical-align: top; text-align : left; background-color: #F7F7F7; border: 0px #F0F0F0 solid; padding:0px 4px 0px 4px; white-space: nowrap; background-image: url(tbl_bck11.png)\" class=\"hierarchy\"><img src=\"tbl_spacer.png\" alt=\".\" style=\"background-color: inherit\" class=\"hierarchy\"/><img src=\"tbl_vjoin.png\" alt=\".\" style=\"background-color: inherit\" class=\"hierarchy\"/><img src=\"icon_element.gif\" alt=\".\" style=\"background-color: #F7F7F7; background-color: inherit\" title=\"Element\" class=\"hierarchy\"/> <a href=\"StructureDefinition-DDCCCoreDataSet.VS-definitions.html#DDCCCoreDataSet.certificate\">certificate</a><a name=\"DDCCCoreDataSet.certificate\"> </a></td><td style=\"vertical-align: top; text-align : left; background-color: #F7F7F7; border: 0px #F0F0F0 solid; padding:0px 4px 0px 4px\" class=\"hierarchy\"/><td style=\"vertical-align: top; text-align : left; background-color: #F7F7F7; border: 0px #F0F0F0 solid; padding:0px 4px 0px 4px\" class=\"hierarchy\"/><td style=\"vertical-align: top; text-align : left; background-color: #F7F7F7; border: 0px #F0F0F0 solid; padding:0px 4px 0px 4px\" class=\"hierarchy\"/><td style=\"vertical-align: top; text-align : left; background-color: #F7F7F7; border: 0px #F0F0F0 solid; padding:0px 4px 0px 4px\" class=\"hierarchy\"/></tr>\r\n<tr style=\"border: 0px #F0F0F0 solid; padding:0px; vertical-align: top; background-color: white\"><td style=\"vertical-align: top; text-align : left; background-color: white; border: 0px #F0F0F0 solid; padding:0px 4px 0px 4px; white-space: nowrap; background-image: url(tbl_bck100.png)\" class=\"hierarchy\"><img src=\"tbl_spacer.png\" alt=\".\" style=\"background-color: inherit\" class=\"hierarchy\"/><img src=\"tbl_vline.png\" alt=\".\" style=\"background-color: inherit\" class=\"hierarchy\"/><img src=\"tbl_vjoin_end.png\" alt=\".\" style=\"background-color: inherit\" class=\"hierarchy\"/><img src=\"icon_element.gif\" alt=\".\" style=\"background-color: white; background-color: inherit\" title=\"Element\" class=\"hierarchy\"/> <a href=\"StructureDefinition-DDCCCoreDataSet.VS-definitions.html#DDCCCoreDataSet.certificate.issuer\">issuer</a><a name=\"DDCCCoreDataSet.certificate.issuer\"> </a></td><td style=\"vertical-align: top; text-align : left; background-color: white; border: 0px #F0F0F0 solid; padding:0px 4px 0px 4px\" class=\"hierarchy\"/><td style=\"vertical-align: top; text-align : left; background-color: white; border: 0px #F0F0F0 solid; padding:0px 4px 0px 4px\" class=\"hierarchy\"><span style=\"opacity: 0.5\">1</span><span style=\"opacity: 0.5\">..</span><span style=\"opacity: 0.5\">1</span></td><td style=\"vertical-align: top; text-align : left; background-color: white; border: 0px #F0F0F0 solid; padding:0px 4px 0px 4px\" class=\"hierarchy\"><a href=\"http://hl7.org/fhir/R4/references.html\">Reference</a>(<a style=\"opacity: 0.5\" href=\"StructureDefinition-DDCCOrganization.html\">DDCC Organization</a>)</td><td style=\"vertical-align: top; text-align : left; background-color: white; border: 0px #F0F0F0 solid; padding:0px 4px 0px 4px\" class=\"hierarchy\"><span style=\"opacity: 0.5\">Certificate issuer</span></td></tr>\r\n<tr style=\"border: 0px #F0F0F0 solid; padding:0px; vertical-align: top; background-color: #F7F7F7\"><td style=\"vertical-align: top; text-align : left; background-color: #F7F7F7; border: 0px #F0F0F0 solid; padding:0px 4px 0px 4px; white-space: nowrap; background-image: url(tbl_bck01.png)\" class=\"hierarchy\"><img src=\"tbl_spacer.png\" alt=\".\" style=\"background-color: inherit\" class=\"hierarchy\"/><img src=\"tbl_vjoin_end.png\" alt=\".\" style=\"background-color: inherit\" class=\"hierarchy\"/><img src=\"icon_datatype.gif\" alt=\".\" style=\"background-color: #F7F7F7; background-color: inherit\" title=\"Data Type\" class=\"hierarchy\"/> <a href=\"StructureDefinition-DDCCCoreDataSet.VS-definitions.html#DDCCCoreDataSet.vaccination\" title=\"A vaccination event.\">vaccination</a><a name=\"DDCCCoreDataSet.vaccination\"> </a></td><td style=\"vertical-align: top; text-align : left; background-color: #F7F7F7; border: 0px #F0F0F0 solid; padding:0px 4px 0px 4px\" class=\"hierarchy\"><span style=\"padding-left: 3px; padding-right: 3px; color: black; null\" title=\"This element is included in summaries\">Σ</span><a style=\"padding-left: 3px; padding-right: 3px; border: 1px maroon solid; font-weight: bold; color: #301212; background-color: #fdf4f4;\" href=\"http://hl7.org/fhir/R4conformance-rules.html#constraints\" title=\"This element has or is affected by constraints (who-ddcc-data-1)\">C</a></td><td style=\"vertical-align: top; text-align : left; background-color: #F7F7F7; border: 0px #F0F0F0 solid; padding:0px 4px 0px 4px\" class=\"hierarchy\">1..1</td><td style=\"vertical-align: top; text-align : left; background-color: #F7F7F7; border: 0px #F0F0F0 solid; padding:0px 4px 0px 4px\" class=\"hierarchy\"><a href=\"http://hl7.org/fhir/R4/datatypes.html#BackboneElement\">BackboneElement</a></td><td style=\"vertical-align: top; text-align : left; background-color: #F7F7F7; border: 0px #F0F0F0 solid; padding:0px 4px 0px 4px\" class=\"hierarchy\">Vaccination Event<br/><span style=\"font-weight:bold\">who-ddcc-data-1: </span>Manufacturer or Market Authorization Holder SHALL be present</td></tr>\r\n<tr style=\"border: 0px #F0F0F0 solid; padding:0px; vertical-align: top; background-color: white\"><td style=\"vertical-align: top; text-align : left; background-color: white; border: 0px #F0F0F0 solid; padding:0px 4px 0px 4px; white-space: nowrap; background-image: url(tbl_bck010.png)\" class=\"hierarchy\"><img src=\"tbl_spacer.png\" alt=\".\" style=\"background-color: inherit\" class=\"hierarchy\"/><img src=\"tbl_blank.png\" alt=\".\" style=\"background-color: inherit\" class=\"hierarchy\"/><img src=\"tbl_vjoin.png\" alt=\".\" style=\"background-color: inherit\" class=\"hierarchy\"/><img src=\"icon_datatype.gif\" alt=\".\" style=\"background-color: white; background-color: inherit\" title=\"Data Type\" class=\"hierarchy\"/> <a href=\"StructureDefinition-DDCCCoreDataSet.VS-definitions.html#DDCCCoreDataSet.vaccination.vaccine\" title=\"Generic description of the vaccine or vaccine sub-type. e.g. COVID-19 mRNA vaccine, HPV vaccine.\">vaccine</a><a name=\"DDCCCoreDataSet.vaccination.vaccine\"> </a></td><td style=\"vertical-align: top; text-align : left; background-color: white; border: 0px #F0F0F0 solid; padding:0px 4px 0px 4px\" class=\"hierarchy\"><span style=\"padding-left: 3px; padding-right: 3px; color: black; null\" title=\"This element is included in summaries\">Σ</span></td><td style=\"vertical-align: top; text-align : left; background-color: white; border: 0px #F0F0F0 solid; padding:0px 4px 0px 4px\" class=\"hierarchy\">1..1</td><td style=\"vertical-align: top; text-align : left; background-color: white; border: 0px #F0F0F0 solid; padding:0px 4px 0px 4px\" class=\"hierarchy\"><a href=\"http://hl7.org/fhir/R4/datatypes.html#Coding\">Coding</a></td><td style=\"vertical-align: top; text-align : left; background-color: white; border: 0px #F0F0F0 solid; padding:0px 4px 0px 4px\" class=\"hierarchy\">Vaccine or prophylaxis<br/><span style=\"font-weight:bold\">Binding: </span><a href=\"ValueSet-who-ddcc-vaccines-covid-19.html\">WHO Vaccine List (COVID-19)</a> (<a href=\"http://hl7.org/fhir/R4/terminologies.html#preferred\" title=\"Instances are encouraged to draw from the specified codes for interoperability purposes but are not required to do so to be considered conformant.\">preferred</a>)</td></tr>\r\n<tr style=\"border: 0px #F0F0F0 solid; padding:0px; vertical-align: top; background-color: #F7F7F7\"><td style=\"vertical-align: top; text-align : left; background-color: #F7F7F7; border: 0px #F0F0F0 solid; padding:0px 4px 0px 4px; white-space: nowrap; background-image: url(tbl_bck010.png)\" class=\"hierarchy\"><img src=\"tbl_spacer.png\" alt=\".\" style=\"background-color: inherit\" class=\"hierarchy\"/><img src=\"tbl_blank.png\" alt=\".\" style=\"background-color: inherit\" class=\"hierarchy\"/><img src=\"tbl_vjoin.png\" alt=\".\" style=\"background-color: inherit\" class=\"hierarchy\"/><img src=\"icon_datatype.gif\" alt=\".\" style=\"background-color: #F7F7F7; background-color: inherit\" title=\"Data Type\" class=\"hierarchy\"/> <a href=\"StructureDefinition-DDCCCoreDataSet.VS-definitions.html#DDCCCoreDataSet.vaccination.brand\" title=\"The brand or trade name used to refer to the vaccine received.\">brand</a><a name=\"DDCCCoreDataSet.vaccination.brand\"> </a></td><td style=\"vertical-align: top; text-align : left; background-color: #F7F7F7; border: 0px #F0F0F0 solid; padding:0px 4px 0px 4px\" class=\"hierarchy\"><span style=\"padding-left: 3px; padding-right: 3px; color: black; null\" title=\"This element is included in summaries\">Σ</span></td><td style=\"vertical-align: top; text-align : left; background-color: #F7F7F7; border: 0px #F0F0F0 solid; padding:0px 4px 0px 4px\" class=\"hierarchy\">1..1</td><td style=\"vertical-align: top; text-align : left; background-color: #F7F7F7; border: 0px #F0F0F0 solid; padding:0px 4px 0px 4px\" class=\"hierarchy\"><a href=\"http://hl7.org/fhir/R4/datatypes.html#Coding\">Coding</a></td><td style=\"vertical-align: top; text-align : left; background-color: #F7F7F7; border: 0px #F0F0F0 solid; padding:0px 4px 0px 4px\" class=\"hierarchy\">Vaccine brand</td></tr>\r\n<tr style=\"border: 0px #F0F0F0 solid; padding:0px; vertical-align: top; background-color: white\"><td style=\"vertical-align: top; text-align : left; background-color: white; border: 0px #F0F0F0 solid; padding:0px 4px 0px 4px; white-space: nowrap; background-image: url(tbl_bck010.png)\" class=\"hierarchy\"><img src=\"tbl_spacer.png\" alt=\".\" style=\"background-color: inherit\" class=\"hierarchy\"/><img src=\"tbl_blank.png\" alt=\".\" style=\"background-color: inherit\" class=\"hierarchy\"/><img src=\"tbl_vjoin.png\" alt=\".\" style=\"background-color: inherit\" class=\"hierarchy\"/><img src=\"icon_datatype.gif\" alt=\".\" style=\"background-color: white; background-color: inherit\" title=\"Data Type\" class=\"hierarchy\"/> <a href=\"StructureDefinition-DDCCCoreDataSet.VS-definitions.html#DDCCCoreDataSet.vaccination.manufacturer\" title=\"Name of the manufacturer of the vaccine received. e.g. Serum institute of India, AstraZeneca. If vaccine manufacturer is unknown, market authorization holder is REQUIRED.\">manufacturer</a><a name=\"DDCCCoreDataSet.vaccination.manufacturer\"> </a></td><td style=\"vertical-align: top; text-align : left; background-color: white; border: 0px #F0F0F0 solid; padding:0px 4px 0px 4px\" class=\"hierarchy\"><span style=\"padding-left: 3px; padding-right: 3px; color: black; null\" title=\"This element is included in summaries\">Σ</span></td><td style=\"vertical-align: top; text-align : left; background-color: white; border: 0px #F0F0F0 solid; padding:0px 4px 0px 4px\" class=\"hierarchy\">0..1</td><td style=\"vertical-align: top; text-align : left; background-color: white; border: 0px #F0F0F0 solid; padding:0px 4px 0px 4px\" class=\"hierarchy\"><a href=\"http://hl7.org/fhir/R4/datatypes.html#Coding\">Coding</a></td><td style=\"vertical-align: top; text-align : left; background-color: white; border: 0px #F0F0F0 solid; padding:0px 4px 0px 4px\" class=\"hierarchy\">Vaccine manufacturer</td></tr>\r\n<tr style=\"border: 0px #F0F0F0 solid; padding:0px; vertical-align: top; background-color: #F7F7F7\"><td style=\"vertical-align: top; text-align : left; background-color: #F7F7F7; border: 0px #F0F0F0 solid; padding:0px 4px 0px 4px; white-space: nowrap; background-image: url(tbl_bck010.png)\" class=\"hierarchy\"><img src=\"tbl_spacer.png\" alt=\".\" style=\"background-color: inherit\" class=\"hierarchy\"/><img src=\"tbl_blank.png\" alt=\".\" style=\"background-color: inherit\" class=\"hierarchy\"/><img src=\"tbl_vjoin.png\" alt=\".\" style=\"background-color: inherit\" class=\"hierarchy\"/><img src=\"icon_datatype.gif\" alt=\".\" style=\"background-color: #F7F7F7; background-color: inherit\" title=\"Data Type\" class=\"hierarchy\"/> <a href=\"StructureDefinition-DDCCCoreDataSet.VS-definitions.html#DDCCCoreDataSet.vaccination.maholder\" title=\"Name of the market authorization holder of the vaccine received. If market authorization holder is unknown, vaccine manufacturer is REQUIRED.\">maholder</a><a name=\"DDCCCoreDataSet.vaccination.maholder\"> </a></td><td style=\"vertical-align: top; text-align : left; background-color: #F7F7F7; border: 0px #F0F0F0 solid; padding:0px 4px 0px 4px\" class=\"hierarchy\"><span style=\"padding-left: 3px; padding-right: 3px; color: black; null\" title=\"This element is included in summaries\">Σ</span></td><td style=\"vertical-align: top; text-align : left; background-color: #F7F7F7; border: 0px #F0F0F0 solid; padding:0px 4px 0px 4px\" class=\"hierarchy\">0..1</td><td style=\"vertical-align: top; text-align : left; background-color: #F7F7F7; border: 0px #F0F0F0 solid; padding:0px 4px 0px 4px\" class=\"hierarchy\"><a href=\"http://hl7.org/fhir/R4/datatypes.html#Coding\">Coding</a></td><td style=\"vertical-align: top; text-align : left; background-color: #F7F7F7; border: 0px #F0F0F0 solid; padding:0px 4px 0px 4px\" class=\"hierarchy\">Vaccine market authorization holder</td></tr>\r\n<tr style=\"border: 0px #F0F0F0 solid; padding:0px; vertical-align: top; background-color: white\"><td style=\"vertical-align: top; text-align : left; background-color: white; border: 0px #F0F0F0 solid; padding:0px 4px 0px 4px; white-space: nowrap; background-image: url(tbl_bck010.png)\" class=\"hierarchy\"><img src=\"tbl_spacer.png\" alt=\".\" style=\"background-color: inherit\" class=\"hierarchy\"/><img src=\"tbl_blank.png\" alt=\".\" style=\"background-color: inherit\" class=\"hierarchy\"/><img src=\"tbl_vjoin.png\" alt=\".\" style=\"background-color: inherit\" class=\"hierarchy\"/><img src=\"icon_primitive.png\" alt=\".\" style=\"background-color: white; background-color: inherit\" title=\"Primitive Data Type\" class=\"hierarchy\"/> <a href=\"StructureDefinition-DDCCCoreDataSet.VS-definitions.html#DDCCCoreDataSet.vaccination.lot\" title=\"Lot number or batch number of vaccination.\">lot</a><a name=\"DDCCCoreDataSet.vaccination.lot\"> </a></td><td style=\"vertical-align: top; text-align : left; background-color: white; border: 0px #F0F0F0 solid; padding:0px 4px 0px 4px\" class=\"hierarchy\"><span style=\"padding-left: 3px; padding-right: 3px; color: black; null\" title=\"This element is included in summaries\">Σ</span></td><td style=\"vertical-align: top; text-align : left; background-color: white; border: 0px #F0F0F0 solid; padding:0px 4px 0px 4px\" class=\"hierarchy\">1..1</td><td style=\"vertical-align: top; text-align : left; background-color: white; border: 0px #F0F0F0 solid; padding:0px 4px 0px 4px\" class=\"hierarchy\"><a href=\"http://hl7.org/fhir/R4/datatypes.html#string\">string</a></td><td style=\"vertical-align: top; text-align : left; background-color: white; border: 0px #F0F0F0 solid; padding:0px 4px 0px 4px\" class=\"hierarchy\">Vaccine lot number</td></tr>\r\n<tr style=\"border: 0px #F0F0F0 solid; padding:0px; vertical-align: top; background-color: #F7F7F7\"><td style=\"vertical-align: top; text-align : left; background-color: #F7F7F7; border: 0px #F0F0F0 solid; padding:0px 4px 0px 4px; white-space: nowrap; background-image: url(tbl_bck010.png)\" class=\"hierarchy\"><img src=\"tbl_spacer.png\" alt=\".\" style=\"background-color: inherit\" class=\"hierarchy\"/><img src=\"tbl_blank.png\" alt=\".\" style=\"background-color: inherit\" class=\"hierarchy\"/><img src=\"tbl_vjoin.png\" alt=\".\" style=\"background-color: inherit\" class=\"hierarchy\"/><img src=\"icon_primitive.png\" alt=\".\" style=\"background-color: #F7F7F7; background-color: inherit\" title=\"Primitive Data Type\" class=\"hierarchy\"/> <a href=\"StructureDefinition-DDCCCoreDataSet.VS-definitions.html#DDCCCoreDataSet.vaccination.date\" title=\"Date in which the vaccine was provided.\">date</a><a name=\"DDCCCoreDataSet.vaccination.date\"> </a></td><td style=\"vertical-align: top; text-align : left; background-color: #F7F7F7; border: 0px #F0F0F0 solid; padding:0px 4px 0px 4px\" class=\"hierarchy\"><span style=\"padding-left: 3px; padding-right: 3px; color: black; null\" title=\"This element is included in summaries\">Σ</span></td><td style=\"vertical-align: top; text-align : left; background-color: #F7F7F7; border: 0px #F0F0F0 solid; padding:0px 4px 0px 4px\" class=\"hierarchy\">1..1</td><td style=\"vertical-align: top; text-align : left; background-color: #F7F7F7; border: 0px #F0F0F0 solid; padding:0px 4px 0px 4px\" class=\"hierarchy\"><a href=\"http://hl7.org/fhir/R4/datatypes.html#dateTime\">dateTime</a></td><td style=\"vertical-align: top; text-align : left; background-color: #F7F7F7; border: 0px #F0F0F0 solid; padding:0px 4px 0px 4px\" class=\"hierarchy\">Date of vaccination</td></tr>\r\n<tr style=\"border: 0px #F0F0F0 solid; padding:0px; vertical-align: top; background-color: white\"><td style=\"vertical-align: top; text-align : left; background-color: white; border: 0px #F0F0F0 solid; padding:0px 4px 0px 4px; white-space: nowrap; background-image: url(tbl_bck010.png)\" class=\"hierarchy\"><img src=\"tbl_spacer.png\" alt=\".\" style=\"background-color: inherit\" class=\"hierarchy\"/><img src=\"tbl_blank.png\" alt=\".\" style=\"background-color: inherit\" class=\"hierarchy\"/><img src=\"tbl_vjoin.png\" alt=\".\" style=\"background-color: inherit\" class=\"hierarchy\"/><img src=\"icon_primitive.png\" alt=\".\" style=\"background-color: white; background-color: inherit\" title=\"Primitive Data Type\" class=\"hierarchy\"/> <a href=\"StructureDefinition-DDCCCoreDataSet.VS-definitions.html#DDCCCoreDataSet.vaccination.validFrom\" title=\"Date upon which provided vaccination is considered valid.\">validFrom</a><a name=\"DDCCCoreDataSet.vaccination.validFrom\"> </a></td><td style=\"vertical-align: top; text-align : left; background-color: white; border: 0px #F0F0F0 solid; padding:0px 4px 0px 4px\" class=\"hierarchy\"/><td style=\"vertical-align: top; text-align : left; background-color: white; border: 0px #F0F0F0 solid; padding:0px 4px 0px 4px\" class=\"hierarchy\">0..1</td><td style=\"vertical-align: top; text-align : left; background-color: white; border: 0px #F0F0F0 solid; padding:0px 4px 0px 4px\" class=\"hierarchy\"><a href=\"http://hl7.org/fhir/R4/datatypes.html#date\">date</a></td><td style=\"vertical-align: top; text-align : left; background-color: white; border: 0px #F0F0F0 solid; padding:0px 4px 0px 4px\" class=\"hierarchy\">Vaccination valid from</td></tr>\r\n<tr style=\"border: 0px #F0F0F0 solid; padding:0px; vertical-align: top; background-color: #F7F7F7\"><td style=\"vertical-align: top; text-align : left; background-color: #F7F7F7; border: 0px #F0F0F0 solid; padding:0px 4px 0px 4px; white-space: nowrap; background-image: url(tbl_bck010.png)\" class=\"hierarchy\"><img src=\"tbl_spacer.png\" alt=\".\" style=\"background-color: inherit\" class=\"hierarchy\"/><img src=\"tbl_blank.png\" alt=\".\" style=\"background-color: inherit\" class=\"hierarchy\"/><img src=\"tbl_vjoin.png\" alt=\".\" style=\"background-color: inherit\" class=\"hierarchy\"/><img src=\"icon_primitive.png\" alt=\".\" style=\"background-color: #F7F7F7; background-color: inherit\" title=\"Primitive Data Type\" class=\"hierarchy\"/> <a href=\"StructureDefinition-DDCCCoreDataSet.VS-definitions.html#DDCCCoreDataSet.vaccination.dose\" title=\"Vaccine dose number.\">dose</a><a name=\"DDCCCoreDataSet.vaccination.dose\"> </a></td><td style=\"vertical-align: top; text-align : left; background-color: #F7F7F7; border: 0px #F0F0F0 solid; padding:0px 4px 0px 4px\" class=\"hierarchy\"><span style=\"padding-left: 3px; padding-right: 3px; color: black; null\" title=\"This element is included in summaries\">Σ</span></td><td style=\"vertical-align: top; text-align : left; background-color: #F7F7F7; border: 0px #F0F0F0 solid; padding:0px 4px 0px 4px\" class=\"hierarchy\">1..1</td><td style=\"vertical-align: top; text-align : left; background-color: #F7F7F7; border: 0px #F0F0F0 solid; padding:0px 4px 0px 4px\" class=\"hierarchy\"><a href=\"http://hl7.org/fhir/R4/datatypes.html#positiveInt\">positiveInt</a></td><td style=\"vertical-align: top; text-align : left; background-color: #F7F7F7; border: 0px #F0F0F0 solid; padding:0px 4px 0px 4px\" class=\"hierarchy\">Dose number</td></tr>\r\n<tr style=\"border: 0px #F0F0F0 solid; padding:0px; vertical-align: top; background-color: white\"><td style=\"vertical-align: top; text-align : left; background-color: white; border: 0px #F0F0F0 solid; padding:0px 4px 0px 4px; white-space: nowrap; background-image: url(tbl_bck010.png)\" class=\"hierarchy\"><img src=\"tbl_spacer.png\" alt=\".\" style=\"background-color: inherit\" class=\"hierarchy\"/><img src=\"tbl_blank.png\" alt=\".\" style=\"background-color: inherit\" class=\"hierarchy\"/><img src=\"tbl_vjoin.png\" alt=\".\" style=\"background-color: inherit\" class=\"hierarchy\"/><img src=\"icon_primitive.png\" alt=\".\" style=\"background-color: white; background-color: inherit\" title=\"Primitive Data Type\" class=\"hierarchy\"/> <a href=\"StructureDefinition-DDCCCoreDataSet.VS-definitions.html#DDCCCoreDataSet.vaccination.totalDoses\" title=\"Total expected doses as defined by Member State care plan and immunization programme policies.\">totalDoses</a><a name=\"DDCCCoreDataSet.vaccination.totalDoses\"> </a></td><td style=\"vertical-align: top; text-align : left; background-color: white; border: 0px #F0F0F0 solid; padding:0px 4px 0px 4px\" class=\"hierarchy\"/><td style=\"vertical-align: top; text-align : left; background-color: white; border: 0px #F0F0F0 solid; padding:0px 4px 0px 4px\" class=\"hierarchy\">0..1</td><td style=\"vertical-align: top; text-align : left; background-color: white; border: 0px #F0F0F0 solid; padding:0px 4px 0px 4px\" class=\"hierarchy\"><a href=\"http://hl7.org/fhir/R4/datatypes.html#positiveInt\">positiveInt</a></td><td style=\"vertical-align: top; text-align : left; background-color: white; border: 0px #F0F0F0 solid; padding:0px 4px 0px 4px\" class=\"hierarchy\">Total doses</td></tr>\r\n<tr style=\"border: 0px #F0F0F0 solid; padding:0px; vertical-align: top; background-color: #F7F7F7\"><td style=\"vertical-align: top; text-align : left; background-color: #F7F7F7; border: 0px #F0F0F0 solid; padding:0px 4px 0px 4px; white-space: nowrap; background-image: url(tbl_bck010.png)\" class=\"hierarchy\"><img src=\"tbl_spacer.png\" alt=\".\" style=\"background-color: inherit\" class=\"hierarchy\"/><img src=\"tbl_blank.png\" alt=\".\" style=\"background-color: inherit\" class=\"hierarchy\"/><img src=\"tbl_vjoin.png\" alt=\".\" style=\"background-color: inherit\" class=\"hierarchy\"/><img src=\"icon_datatype.gif\" alt=\".\" style=\"background-color: #F7F7F7; background-color: inherit\" title=\"Data Type\" class=\"hierarchy\"/> <a href=\"StructureDefinition-DDCCCoreDataSet.VS-definitions.html#DDCCCoreDataSet.vaccination.country\" title=\"The country in which the individual has been vaccinated.\">country</a><a name=\"DDCCCoreDataSet.vaccination.country\"> </a></td><td style=\"vertical-align: top; text-align : left; background-color: #F7F7F7; border: 0px #F0F0F0 solid; padding:0px 4px 0px 4px\" class=\"hierarchy\"><span style=\"padding-left: 3px; padding-right: 3px; color: black; null\" title=\"This element is included in summaries\">Σ</span></td><td style=\"vertical-align: top; text-align : left; background-color: #F7F7F7; border: 0px #F0F0F0 solid; padding:0px 4px 0px 4px\" class=\"hierarchy\">1..1</td><td style=\"vertical-align: top; text-align : left; background-color: #F7F7F7; border: 0px #F0F0F0 solid; padding:0px 4px 0px 4px\" class=\"hierarchy\"><a href=\"http://hl7.org/fhir/R4/datatypes.html#Coding\">Coding</a></td><td style=\"vertical-align: top; text-align : left; background-color: #F7F7F7; border: 0px #F0F0F0 solid; padding:0px 4px 0px 4px\" class=\"hierarchy\">Country of vaccination<br/><span style=\"font-weight:bold\">Binding: </span><a href=\"http://hl7.org/fhir/R4/valueset-iso3166-1-3.html\">Iso3166-1-3</a> (<a href=\"http://hl7.org/fhir/R4/terminologies.html#preferred\" title=\"Instances are encouraged to draw from the specified codes for interoperability purposes but are not required to do so to be considered conformant.\">preferred</a>)</td></tr>\r\n<tr style=\"border: 0px #F0F0F0 solid; padding:0px; vertical-align: top; background-color: white\"><td style=\"vertical-align: top; text-align : left; background-color: white; border: 0px #F0F0F0 solid; padding:0px 4px 0px 4px; white-space: nowrap; background-image: url(tbl_bck010.png)\" class=\"hierarchy\"><img src=\"tbl_spacer.png\" alt=\".\" style=\"background-color: inherit\" class=\"hierarchy\"/><img src=\"tbl_blank.png\" alt=\".\" style=\"background-color: inherit\" class=\"hierarchy\"/><img src=\"tbl_vjoin.png\" alt=\".\" style=\"background-color: inherit\" class=\"hierarchy\"/><img src=\"icon_primitive.png\" alt=\".\" style=\"background-color: white; background-color: inherit\" title=\"Primitive Data Type\" class=\"hierarchy\"/> <a href=\"StructureDefinition-DDCCCoreDataSet.VS-definitions.html#DDCCCoreDataSet.vaccination.centre\" title=\"The name or identifier of the vaccination facility responsible for providing the vaccination.\">centre</a><a name=\"DDCCCoreDataSet.vaccination.centre\"> </a></td><td style=\"vertical-align: top; text-align : left; background-color: white; border: 0px #F0F0F0 solid; padding:0px 4px 0px 4px\" class=\"hierarchy\"/><td style=\"vertical-align: top; text-align : left; background-color: white; border: 0px #F0F0F0 solid; padding:0px 4px 0px 4px\" class=\"hierarchy\">0..1</td><td style=\"vertical-align: top; text-align : left; background-color: white; border: 0px #F0F0F0 solid; padding:0px 4px 0px 4px\" class=\"hierarchy\"><a href=\"http://hl7.org/fhir/R4/datatypes.html#string\">string</a></td><td style=\"vertical-align: top; text-align : left; background-color: white; border: 0px #F0F0F0 solid; padding:0px 4px 0px 4px\" class=\"hierarchy\">Administering centre</td></tr>\r\n<tr style=\"border: 0px #F0F0F0 solid; padding:0px; vertical-align: top; background-color: #F7F7F7\"><td style=\"vertical-align: top; text-align : left; background-color: #F7F7F7; border: 0px #F0F0F0 solid; padding:0px 4px 0px 4px; white-space: nowrap; background-image: url(tbl_bck010.png)\" class=\"hierarchy\"><img src=\"tbl_spacer.png\" alt=\".\" style=\"background-color: inherit\" class=\"hierarchy\"/><img src=\"tbl_blank.png\" alt=\".\" style=\"background-color: inherit\" class=\"hierarchy\"/><img src=\"tbl_vjoin.png\" alt=\".\" style=\"background-color: inherit\" class=\"hierarchy\"/><img src=\"icon_datatype.gif\" alt=\".\" style=\"background-color: #F7F7F7; background-color: inherit\" title=\"Data Type\" class=\"hierarchy\"/> <a href=\"StructureDefinition-DDCCCoreDataSet.VS-definitions.html#DDCCCoreDataSet.vaccination.signature\" title=\"REQUIRED for PAPER vaccination certificates ONLY. The health worker who provided the vaccination or the supervising clinician's hand-written signature.\">signature</a><a name=\"DDCCCoreDataSet.vaccination.signature\"> </a></td><td style=\"vertical-align: top; text-align : left; background-color: #F7F7F7; border: 0px #F0F0F0 solid; padding:0px 4px 0px 4px\" class=\"hierarchy\"/><td style=\"vertical-align: top; text-align : left; background-color: #F7F7F7; border: 0px #F0F0F0 solid; padding:0px 4px 0px 4px\" class=\"hierarchy\">0..1</td><td style=\"vertical-align: top; text-align : left; background-color: #F7F7F7; border: 0px #F0F0F0 solid; padding:0px 4px 0px 4px\" class=\"hierarchy\"><a href=\"http://hl7.org/fhir/R4/datatypes.html#Signature\">Signature</a></td><td style=\"vertical-align: top; text-align : left; background-color: #F7F7F7; border: 0px #F0F0F0 solid; padding:0px 4px 0px 4px\" class=\"hierarchy\">Signature of health worker</td></tr>\r\n<tr style=\"border: 0px #F0F0F0 solid; padding:0px; vertical-align: top; background-color: white\"><td style=\"vertical-align: top; text-align : left; background-color: white; border: 0px #F0F0F0 solid; padding:0px 4px 0px 4px; white-space: nowrap; background-image: url(tbl_bck010.png)\" class=\"hierarchy\"><img src=\"tbl_spacer.png\" alt=\".\" style=\"background-color: inherit\" class=\"hierarchy\"/><img src=\"tbl_blank.png\" alt=\".\" style=\"background-color: inherit\" class=\"hierarchy\"/><img src=\"tbl_vjoin.png\" alt=\".\" style=\"background-color: inherit\" class=\"hierarchy\"/><img src=\"icon_datatype.gif\" alt=\".\" style=\"background-color: white; background-color: inherit\" title=\"Data Type\" class=\"hierarchy\"/> <a href=\"StructureDefinition-DDCCCoreDataSet.VS-definitions.html#DDCCCoreDataSet.vaccination.practitioner\" title=\"OPTIONAL for DIGITAL and PAPER vaccination certificates. The unique identifier for the health worker as determined by the member state. There can be more than one unique identifier used. (e.g. system generated ID, health profession number, cryptographic signature, or any other form of health worker unique identifier). This can be used in lieu of a paper-based signature.\">practitioner</a><a name=\"DDCCCoreDataSet.vaccination.practitioner\"> </a></td><td style=\"vertical-align: top; text-align : left; background-color: white; border: 0px #F0F0F0 solid; padding:0px 4px 0px 4px\" class=\"hierarchy\"/><td style=\"vertical-align: top; text-align : left; background-color: white; border: 0px #F0F0F0 solid; padding:0px 4px 0px 4px\" class=\"hierarchy\">0..1</td><td style=\"vertical-align: top; text-align : left; background-color: white; border: 0px #F0F0F0 solid; padding:0px 4px 0px 4px\" class=\"hierarchy\"><a href=\"http://hl7.org/fhir/R4/datatypes.html#Identifier\">Identifier</a></td><td style=\"vertical-align: top; text-align : left; background-color: white; border: 0px #F0F0F0 solid; padding:0px 4px 0px 4px\" class=\"hierarchy\">Health worker identifier</td></tr>\r\n<tr style=\"border: 0px #F0F0F0 solid; padding:0px; vertical-align: top; background-color: #F7F7F7\"><td style=\"vertical-align: top; text-align : left; background-color: #F7F7F7; border: 0px #F0F0F0 solid; padding:0px 4px 0px 4px; white-space: nowrap; background-image: url(tbl_bck010.png)\" class=\"hierarchy\"><img src=\"tbl_spacer.png\" alt=\".\" style=\"background-color: inherit\" class=\"hierarchy\"/><img src=\"tbl_blank.png\" alt=\".\" style=\"background-color: inherit\" class=\"hierarchy\"/><img src=\"tbl_vjoin.png\" alt=\".\" style=\"background-color: inherit\" class=\"hierarchy\"/><img src=\"icon_datatype.gif\" alt=\".\" style=\"background-color: #F7F7F7; background-color: inherit\" title=\"Data Type\" class=\"hierarchy\"/> <a href=\"StructureDefinition-DDCCCoreDataSet.VS-definitions.html#DDCCCoreDataSet.vaccination.disease\" title=\"Name of disease vaccinated against (such as COVID-19).\">disease</a><a name=\"DDCCCoreDataSet.vaccination.disease\"> </a></td><td style=\"vertical-align: top; text-align : left; background-color: #F7F7F7; border: 0px #F0F0F0 solid; padding:0px 4px 0px 4px\" class=\"hierarchy\"/><td style=\"vertical-align: top; text-align : left; background-color: #F7F7F7; border: 0px #F0F0F0 solid; padding:0px 4px 0px 4px\" class=\"hierarchy\">0..1</td><td style=\"vertical-align: top; text-align : left; background-color: #F7F7F7; border: 0px #F0F0F0 solid; padding:0px 4px 0px 4px\" class=\"hierarchy\"><a href=\"http://hl7.org/fhir/R4/datatypes.html#Coding\">Coding</a></td><td style=\"vertical-align: top; text-align : left; background-color: #F7F7F7; border: 0px #F0F0F0 solid; padding:0px 4px 0px 4px\" class=\"hierarchy\">Disease or agent targeted<br/><span style=\"font-weight:bold\">Binding: </span><a href=\"ValueSet-who-ddcc-disease-targeted-covid-19.html\">WHO Disease or Agent Targeted (COVID-19)</a> (<a href=\"http://hl7.org/fhir/R4/terminologies.html#preferred\" title=\"Instances are encouraged to draw from the specified codes for interoperability purposes but are not required to do so to be considered conformant.\">preferred</a>)</td></tr>\r\n<tr style=\"border: 0px #F0F0F0 solid; padding:0px; vertical-align: top; background-color: white\"><td style=\"vertical-align: top; text-align : left; background-color: white; border: 0px #F0F0F0 solid; padding:0px 4px 0px 4px; white-space: nowrap; background-image: url(tbl_bck000.png)\" class=\"hierarchy\"><img src=\"tbl_spacer.png\" alt=\".\" style=\"background-color: inherit\" class=\"hierarchy\"/><img src=\"tbl_blank.png\" alt=\".\" style=\"background-color: inherit\" class=\"hierarchy\"/><img src=\"tbl_vjoin_end.png\" alt=\".\" style=\"background-color: inherit\" class=\"hierarchy\"/><img src=\"icon_primitive.png\" alt=\".\" style=\"background-color: white; background-color: inherit\" title=\"Primitive Data Type\" class=\"hierarchy\"/> <a href=\"StructureDefinition-DDCCCoreDataSet.VS-definitions.html#DDCCCoreDataSet.vaccination.nextDose\" title=\"Date on which the next vaccination should be administered, if a next dose is REQUIRED.\">nextDose</a><a name=\"DDCCCoreDataSet.vaccination.nextDose\"> </a></td><td style=\"vertical-align: top; text-align : left; background-color: white; border: 0px #F0F0F0 solid; padding:0px 4px 0px 4px\" class=\"hierarchy\"/><td style=\"vertical-align: top; text-align : left; background-color: white; border: 0px #F0F0F0 solid; padding:0px 4px 0px 4px\" class=\"hierarchy\">0..1</td><td style=\"vertical-align: top; text-align : left; background-color: white; border: 0px #F0F0F0 solid; padding:0px 4px 0px 4px\" class=\"hierarchy\"><a href=\"http://hl7.org/fhir/R4/datatypes.html#date\">date</a></td><td style=\"vertical-align: top; text-align : left; background-color: white; border: 0px #F0F0F0 solid; padding:0px 4px 0px 4px\" class=\"hierarchy\">Due date of next dose</td></tr>\r\n<tr><td colspan=\"5\" class=\"hierarchy\"><br/><a href=\"http://build.fhir.org/ig/FHIR/ig-guidance/readingIgs.html#table-views\" title=\"Legend for this format\"><img src=\"http://hl7.org/fhir/R4/help16.png\" alt=\"doco\" style=\"background-color: inherit\"/> Documentation for this format</a></td></tr></table></div>"
  },
  "url" : "http://worldhealthorganization.github.io/ddcc/StructureDefinition/DDCCCoreDataSet.VS",
  "version" : "1.0.0",
  "name" : "DDCCCoreDataSet_VS",
  "title" : "DDCC Core Data Set Logical Model for Vaccination Status",
  "status" : "draft",
  "date" : "2023-01-11T17:29:28+00:00",
  "publisher" : "WHO",
  "contact" : [{
    "name" : "WHO",
    "telecom" : [{
      "system" : "url",
      "value" : "http://who.int"
    }]
  }],
  "description" : "Data elements for the DDCC Core Data Set for Vaccination Status.",
  "jurisdiction" : [{
    "coding" : [{
      "system" : "http://unstats.un.org/unsd/methods/m49/m49.htm",
      "code" : "001"
    }]
  }],
  "fhirVersion" : "4.0.1",
  "mapping" : [{
    "identity" : "rim",
    "uri" : "http://hl7.org/v3",
    "name" : "RIM Mapping"
  },
  {
    "identity" : "ddcc-immunization",
    "uri" : "http://worldhealthorganization.github.io/ddcc/StructureDefinition/DDCCImmunization",
    "name" : "WHO Digital Documentation of COVID Certificates"
  },
  {
    "identity" : "ddcc-immunization-recommendation",
    "uri" : "http://worldhealthorganization.github.io/ddcc/StructureDefinition/DDCCImmunizationRecommendation",
    "name" : "WHO Digital Documentation of COVID Certificates"
  },
  {
    "identity" : "ddcc-composition",
    "uri" : "http://worldhealthorganization.github.io/ddcc/StructureDefinition/DDCCComposition",
    "name" : "WHO Digital Documentation of COVID Certificates"
  },
  {
    "identity" : "ddcc-patient",
    "uri" : "http://worldhealthorganization.github.io/ddcc/StructureDefinition/DDCCPatient",
    "name" : "WHO Digital Documentation of COVID Certificates"
  }],
  "kind" : "logical",
  "abstract" : true,
  "type" : "DDCCCoreDataSet",
  "baseDefinition" : "http://worldhealthorganization.github.io/ddcc/StructureDefinition/DDCCCoreDataSet",
  "derivation" : "specialization",
  "snapshot" : {
    "element" : [{
      "id" : "DDCCCoreDataSet",
      "path" : "DDCCCoreDataSet",
      "short" : "DDCC Core Data Set Logical Model for Vaccination Status",
      "definition" : "Data elements for the DDCC Core Data Set for Vaccination Status.",
      "min" : 0,
      "max" : "*",
      "base" : {
        "path" : "Base",
        "min" : 0,
        "max" : "*"
      },
      "isModifier" : false
    },
    {
      "id" : "DDCCCoreDataSet.name",
      "path" : "DDCCCoreDataSet.name",
      "short" : "Name",
      "definition" : "The full name of the person.",
      "min" : 1,
      "max" : "1",
      "base" : {
        "path" : "DDCCCoreDataSet.name",
        "min" : 1,
        "max" : "1"
      },
      "type" : [{
        "code" : "string"
      }],
      "isSummary" : true,
      "mapping" : [{
        "identity" : "ddcc-patient",
        "map" : "Patient.name.text"
      }]
    },
    {
      "id" : "DDCCCoreDataSet.birthDate",
      "path" : "DDCCCoreDataSet.birthDate",
      "short" : "Date of birth",
      "definition" : "The person's date of birth (DOB) if known. If unknown, use given DOB for administrative purposes",
      "min" : 0,
      "max" : "1",
      "base" : {
        "path" : "DDCCCoreDataSet.birthDate",
        "min" : 0,
        "max" : "1"
      },
      "type" : [{
        "code" : "date"
      }],
      "isSummary" : true,
      "mapping" : [{
        "identity" : "ddcc-patient",
        "map" : "Patient.birthDate"
      }]
    },
    {
      "id" : "DDCCCoreDataSet.identifier",
      "path" : "DDCCCoreDataSet.identifier",
      "short" : "Unique identifier",
      "definition" : "Unique identifier for the person, according to the policies applicable to each country. There can be more than one unique identifier used to link records. (e.g. national ID, health ID, immunization information system ID, medical record ID).",
      "min" : 0,
      "max" : "1",
      "base" : {
        "path" : "DDCCCoreDataSet.identifier",
        "min" : 0,
        "max" : "1"
      },
      "type" : [{
        "code" : "Identifier"
      }],
      "isSummary" : true,
      "mapping" : [{
        "identity" : "ddcc-patient",
        "map" : "Patient.identifier"
      }]
    },
    {
      "id" : "DDCCCoreDataSet.certificate",
      "path" : "DDCCCoreDataSet.certificate",
      "short" : "Certificate Metadata",
      "definition" : "Metadata associated with the certificate",
      "min" : 0,
      "max" : "1",
      "base" : {
        "path" : "DDCCCoreDataSet.certificate",
        "min" : 0,
        "max" : "1"
      },
      "type" : [{
        "code" : "BackboneElement"
      }],
      "constraint" : [{
        "key" : "ele-1",
        "severity" : "error",
        "human" : "All FHIR elements must have a @value or children",
        "expression" : "hasValue() or (children().count() > id.count())",
        "xpath" : "@value|f:*|h:div",
        "source" : "http://hl7.org/fhir/StructureDefinition/Element"
      }],
      "isSummary" : true
    },
    {
      "id" : "DDCCCoreDataSet.certificate.id",
      "path" : "DDCCCoreDataSet.certificate.id",
      "representation" : ["xmlAttr"],
      "short" : "Unique id for inter-element referencing",
      "definition" : "Unique id for the element within a resource (for internal references). This may be any string value that does not contain spaces.",
      "min" : 0,
      "max" : "1",
      "base" : {
        "path" : "Element.id",
        "min" : 0,
        "max" : "1"
      },
      "type" : [{
        "extension" : [{
          "url" : "http://hl7.org/fhir/StructureDefinition/structuredefinition-fhir-type",
          "valueUrl" : "string"
        }],
        "code" : "http://hl7.org/fhirpath/System.String"
      }],
      "isModifier" : false,
      "isSummary" : false,
      "mapping" : [{
        "identity" : "rim",
        "map" : "n/a"
      }]
    },
    {
      "id" : "DDCCCoreDataSet.certificate.extension",
      "path" : "DDCCCoreDataSet.certificate.extension",
      "slicing" : {
        "discriminator" : [{
          "type" : "value",
          "path" : "url"
        }],
        "description" : "Extensions are always sliced by (at least) url",
        "rules" : "open"
      },
      "short" : "Additional content defined by implementations",
      "definition" : "May be used to represent additional information that is not part of the basic definition of the element. To make the use of extensions safe and manageable, there is a strict set of governance  applied to the definition and use of extensions. Though any implementer can define an extension, there is a set of requirements that SHALL be met as part of the definition of the extension.",
      "comment" : "There can be no stigma associated with the use of extensions by any application, project, or standard - regardless of the institution or jurisdiction that uses or defines the extensions.  The use of extensions is what allows the FHIR specification to retain a core level of simplicity for everyone.",
      "alias" : ["extensions",
      "user content"],
      "min" : 0,
      "max" : "*",
      "base" : {
        "path" : "Element.extension",
        "min" : 0,
        "max" : "*"
      },
      "type" : [{
        "code" : "Extension"
      }],
      "constraint" : [{
        "key" : "ele-1",
        "severity" : "error",
        "human" : "All FHIR elements must have a @value or children",
        "expression" : "hasValue() or (children().count() > id.count())",
        "xpath" : "@value|f:*|h:div",
        "source" : "http://hl7.org/fhir/StructureDefinition/Element"
      },
      {
        "key" : "ext-1",
        "severity" : "error",
        "human" : "Must have either extensions or value[x], not both",
        "expression" : "extension.exists() != value.exists()",
        "xpath" : "exists(f:extension)!=exists(f:*[starts-with(local-name(.), \"value\")])",
        "source" : "http://hl7.org/fhir/StructureDefinition/Extension"
      }],
      "isModifier" : false,
      "isSummary" : false,
      "mapping" : [{
        "identity" : "rim",
        "map" : "n/a"
      }]
    },
    {
      "id" : "DDCCCoreDataSet.certificate.modifierExtension",
      "path" : "DDCCCoreDataSet.certificate.modifierExtension",
      "short" : "Extensions that cannot be ignored even if unrecognized",
      "definition" : "May be used to represent additional information that is not part of the basic definition of the element and that modifies the understanding of the element in which it is contained and/or the understanding of the containing element's descendants. Usually modifier elements provide negation or qualification. To make the use of extensions safe and manageable, there is a strict set of governance applied to the definition and use of extensions. Though any implementer can define an extension, there is a set of requirements that SHALL be met as part of the definition of the extension. Applications processing a resource are required to check for modifier extensions.\n\nModifier extensions SHALL NOT change the meaning of any elements on Resource or DomainResource (including cannot change the meaning of modifierExtension itself).",
      "comment" : "There can be no stigma associated with the use of extensions by any application, project, or standard - regardless of the institution or jurisdiction that uses or defines the extensions.  The use of extensions is what allows the FHIR specification to retain a core level of simplicity for everyone.",
      "requirements" : "Modifier extensions allow for extensions that *cannot* be safely ignored to be clearly distinguished from the vast majority of extensions which can be safely ignored.  This promotes interoperability by eliminating the need for implementers to prohibit the presence of extensions. For further information, see the [definition of modifier extensions](http://hl7.org/fhir/R4/extensibility.html#modifierExtension).",
      "alias" : ["extensions",
      "user content",
      "modifiers"],
      "min" : 0,
      "max" : "*",
      "base" : {
        "path" : "BackboneElement.modifierExtension",
        "min" : 0,
        "max" : "*"
      },
      "type" : [{
        "code" : "Extension"
      }],
      "constraint" : [{
        "key" : "ele-1",
        "severity" : "error",
        "human" : "All FHIR elements must have a @value or children",
        "expression" : "hasValue() or (children().count() > id.count())",
        "xpath" : "@value|f:*|h:div",
        "source" : "http://hl7.org/fhir/StructureDefinition/Element"
      },
      {
        "key" : "ext-1",
        "severity" : "error",
        "human" : "Must have either extensions or value[x], not both",
        "expression" : "extension.exists() != value.exists()",
        "xpath" : "exists(f:extension)!=exists(f:*[starts-with(local-name(.), \"value\")])",
        "source" : "http://hl7.org/fhir/StructureDefinition/Extension"
      }],
      "isModifier" : true,
      "isModifierReason" : "Modifier extensions are expected to modify the meaning or interpretation of the element that contains them",
      "isSummary" : true,
      "mapping" : [{
        "identity" : "rim",
        "map" : "N/A"
      }]
    },
    {
      "id" : "DDCCCoreDataSet.certificate.issuer",
      "path" : "DDCCCoreDataSet.certificate.issuer",
      "short" : "Certificate issuer",
      "definition" : "Certificate issuer.",
      "min" : 1,
      "max" : "1",
      "base" : {
        "path" : "DDCCCoreDataSet.certificate.issuer",
        "min" : 1,
        "max" : "1"
      },
      "type" : [{
        "code" : "Reference",
        "targetProfile" : ["http://worldhealthorganization.github.io/ddcc/StructureDefinition/DDCCOrganization"]
      }],
      "isSummary" : true,
      "mapping" : [{
        "identity" : "ddcc-composition",
        "map" : "Composition.author.identifier"
      },
      {
        "identity" : "ddcc-immunization",
        "map" : "Immunization.protocolApplied.authority.identifier"
      }]
    },
    {
      "id" : "DDCCCoreDataSet.certificate.hcid",
      "path" : "DDCCCoreDataSet.certificate.hcid",
      "short" : "Health certificate identifier (HCID)",
      "definition" : "Health certificate identifier (HCID).",
      "min" : 1,
      "max" : "1",
      "base" : {
        "path" : "DDCCCoreDataSet.certificate.hcid",
        "min" : 1,
        "max" : "1"
      },
      "type" : [{
        "code" : "Identifier"
      }],
      "isSummary" : true
    },
    {
      "id" : "DDCCCoreDataSet.certificate.ddccid",
      "path" : "DDCCCoreDataSet.certificate.ddccid",
      "short" : "DDCC Identifier",
      "definition" : "DDCC Identifier",
      "min" : 0,
      "max" : "1",
      "base" : {
        "path" : "DDCCCoreDataSet.certificate.ddccid",
        "min" : 0,
        "max" : "1"
      },
      "type" : [{
        "code" : "Identifier"
      }],
      "isSummary" : true
    },
    {
      "id" : "DDCCCoreDataSet.certificate.version",
      "path" : "DDCCCoreDataSet.certificate.version",
      "short" : "Certificate schema version",
      "definition" : "Certificate schema version",
      "min" : 1,
      "max" : "1",
      "base" : {
        "path" : "DDCCCoreDataSet.certificate.version",
        "min" : 1,
        "max" : "1"
      },
      "type" : [{
        "code" : "string"
      }],
      "isSummary" : true
    },
    {
      "id" : "DDCCCoreDataSet.certificate.period",
      "path" : "DDCCCoreDataSet.certificate.period",
      "short" : "Certificate Validity Period",
      "definition" : "Certificate validity period.",
      "min" : 0,
      "max" : "1",
      "base" : {
        "path" : "DDCCCoreDataSet.certificate.period",
        "min" : 0,
        "max" : "1"
      },
      "type" : [{
        "code" : "Period"
      }],
      "constraint" : [{
        "key" : "ele-1",
        "severity" : "error",
        "human" : "All FHIR elements must have a @value or children",
        "expression" : "hasValue() or (children().count() > id.count())",
        "xpath" : "@value|f:*|h:div",
        "source" : "http://hl7.org/fhir/StructureDefinition/Element"
      },
      {
        "key" : "per-1",
        "severity" : "error",
        "human" : "If present, start SHALL have a lower value than end",
        "expression" : "start.hasValue().not() or end.hasValue().not() or (start <= end)",
        "xpath" : "not(exists(f:start/@value)) or not(exists(f:end/@value)) or (xs:dateTime(f:start/@value) <= xs:dateTime(f:end/@value))",
        "source" : "http://worldhealthorganization.github.io/ddcc/StructureDefinition/DDCCCoreDataSet"
      }],
      "mapping" : [{
        "identity" : "ddcc-composition",
        "map" : "Composition.event.period"
      }]
    },
    {
      "id" : "DDCCCoreDataSet.certificate.period.id",
      "path" : "DDCCCoreDataSet.certificate.period.id",
      "representation" : ["xmlAttr"],
      "short" : "Unique id for inter-element referencing",
      "definition" : "Unique id for the element within a resource (for internal references). This may be any string value that does not contain spaces.",
      "min" : 0,
      "max" : "1",
      "base" : {
        "path" : "Element.id",
        "min" : 0,
        "max" : "1"
      },
      "type" : [{
        "extension" : [{
          "url" : "http://hl7.org/fhir/StructureDefinition/structuredefinition-fhir-type",
          "valueUrl" : "string"
        }],
        "code" : "http://hl7.org/fhirpath/System.String"
      }],
      "isModifier" : false,
      "isSummary" : false,
      "mapping" : [{
        "identity" : "rim",
        "map" : "n/a"
      }]
    },
    {
      "id" : "DDCCCoreDataSet.certificate.period.extension",
      "path" : "DDCCCoreDataSet.certificate.period.extension",
      "slicing" : {
        "discriminator" : [{
          "type" : "value",
          "path" : "url"
        }],
        "description" : "Extensions are always sliced by (at least) url",
        "rules" : "open"
      },
      "short" : "Additional content defined by implementations",
      "definition" : "May be used to represent additional information that is not part of the basic definition of the element. To make the use of extensions safe and manageable, there is a strict set of governance  applied to the definition and use of extensions. Though any implementer can define an extension, there is a set of requirements that SHALL be met as part of the definition of the extension.",
      "comment" : "There can be no stigma associated with the use of extensions by any application, project, or standard - regardless of the institution or jurisdiction that uses or defines the extensions.  The use of extensions is what allows the FHIR specification to retain a core level of simplicity for everyone.",
      "alias" : ["extensions",
      "user content"],
      "min" : 0,
      "max" : "*",
      "base" : {
        "path" : "Element.extension",
        "min" : 0,
        "max" : "*"
      },
      "type" : [{
        "code" : "Extension"
      }],
      "constraint" : [{
        "key" : "ele-1",
        "severity" : "error",
        "human" : "All FHIR elements must have a @value or children",
        "expression" : "hasValue() or (children().count() > id.count())",
        "xpath" : "@value|f:*|h:div",
        "source" : "http://hl7.org/fhir/StructureDefinition/Element"
      },
      {
        "key" : "ext-1",
        "severity" : "error",
        "human" : "Must have either extensions or value[x], not both",
        "expression" : "extension.exists() != value.exists()",
        "xpath" : "exists(f:extension)!=exists(f:*[starts-with(local-name(.), \"value\")])",
        "source" : "http://hl7.org/fhir/StructureDefinition/Extension"
      }],
      "isModifier" : false,
      "isSummary" : false,
      "mapping" : [{
        "identity" : "rim",
        "map" : "n/a"
      }]
    },
    {
      "id" : "DDCCCoreDataSet.certificate.period.start",
      "path" : "DDCCCoreDataSet.certificate.period.start",
      "short" : "Starting time with inclusive boundary",
      "definition" : "The start of the period. The boundary is inclusive.",
      "comment" : "If the low element is missing, the meaning is that the low boundary is not known.",
      "min" : 0,
      "max" : "1",
      "base" : {
        "path" : "Period.start",
        "min" : 0,
        "max" : "1"
      },
      "type" : [{
        "code" : "dateTime"
      }],
      "condition" : ["per-1"],
      "constraint" : [{
        "key" : "ele-1",
        "severity" : "error",
        "human" : "All FHIR elements must have a @value or children",
        "expression" : "hasValue() or (children().count() > id.count())",
        "xpath" : "@value|f:*|h:div",
        "source" : "http://hl7.org/fhir/StructureDefinition/Element"
      }],
      "isModifier" : false,
      "isSummary" : true,
      "mapping" : [{
        "identity" : "v2",
        "map" : "DR.1"
      },
      {
        "identity" : "rim",
        "map" : "./low"
      }]
    },
    {
      "id" : "DDCCCoreDataSet.certificate.period.end",
      "path" : "DDCCCoreDataSet.certificate.period.end",
      "short" : "End time with inclusive boundary, if not ongoing",
      "definition" : "The end of the period. If the end of the period is missing, it means no end was known or planned at the time the instance was created. The start may be in the past, and the end date in the future, which means that period is expected/planned to end at that time.",
      "comment" : "The high value includes any matching date/time. i.e. 2012-02-03T10:00:00 is in a period that has an end value of 2012-02-03.",
      "min" : 0,
      "max" : "1",
      "base" : {
        "path" : "Period.end",
        "min" : 0,
        "max" : "1"
      },
      "type" : [{
        "code" : "dateTime"
      }],
      "meaningWhenMissing" : "If the end of the period is missing, it means that the period is ongoing",
      "condition" : ["per-1"],
      "constraint" : [{
        "key" : "ele-1",
        "severity" : "error",
        "human" : "All FHIR elements must have a @value or children",
        "expression" : "hasValue() or (children().count() > id.count())",
        "xpath" : "@value|f:*|h:div",
        "source" : "http://hl7.org/fhir/StructureDefinition/Element"
      }],
      "isModifier" : false,
      "isSummary" : true,
      "mapping" : [{
        "identity" : "v2",
        "map" : "DR.2"
      },
      {
        "identity" : "rim",
        "map" : "./high"
      }]
    },
    {
      "id" : "DDCCCoreDataSet.certificate.period.start",
      "path" : "DDCCCoreDataSet.certificate.period.start",
      "short" : "Certificate valid from",
      "definition" : "Start date of certificate validity.",
      "min" : 0,
      "max" : "1",
      "base" : {
        "path" : "DDCCCoreDataSet.certificate.period.start",
        "min" : 0,
        "max" : "1"
      },
      "type" : [{
        "code" : "date"
      }]
    },
    {
      "id" : "DDCCCoreDataSet.certificate.period.end",
      "path" : "DDCCCoreDataSet.certificate.period.end",
      "short" : "Certificate valid until",
      "definition" : "End date of certificate validity.",
      "min" : 0,
      "max" : "1",
      "base" : {
        "path" : "DDCCCoreDataSet.certificate.period.end",
        "min" : 0,
        "max" : "1"
      },
      "type" : [{
        "code" : "date"
      }]
    },
    {
      "id" : "DDCCCoreDataSet.vaccination",
      "path" : "DDCCCoreDataSet.vaccination",
      "short" : "Vaccination Event",
      "definition" : "A vaccination event.",
      "min" : 1,
      "max" : "1",
      "base" : {
        "path" : "DDCCCoreDataSet.vaccination",
        "min" : 1,
        "max" : "1"
      },
      "type" : [{
        "code" : "BackboneElement"
      }],
      "constraint" : [{
        "key" : "who-ddcc-data-1",
        "severity" : "error",
        "human" : "Manufacturer or Market Authorization Holder SHALL be present",
        "expression" : "manufacturer.exists() or maholder.exists()",
        "source" : "http://worldhealthorganization.github.io/ddcc/StructureDefinition/DDCCCoreDataSet.VS"
      },
      {
        "key" : "ele-1",
        "severity" : "error",
        "human" : "All FHIR elements must have a @value or children",
        "expression" : "hasValue() or (children().count() > id.count())",
        "xpath" : "@value|f:*|h:div",
        "source" : "http://hl7.org/fhir/StructureDefinition/Element"
      }],
      "isSummary" : true
    },
    {
      "id" : "DDCCCoreDataSet.vaccination.id",
      "path" : "DDCCCoreDataSet.vaccination.id",
      "representation" : ["xmlAttr"],
      "short" : "Unique id for inter-element referencing",
      "definition" : "Unique id for the element within a resource (for internal references). This may be any string value that does not contain spaces.",
      "min" : 0,
      "max" : "1",
      "base" : {
        "path" : "Element.id",
        "min" : 0,
        "max" : "1"
      },
      "type" : [{
        "extension" : [{
          "url" : "http://hl7.org/fhir/StructureDefinition/structuredefinition-fhir-type",
          "valueUrl" : "string"
        }],
        "code" : "http://hl7.org/fhirpath/System.String"
      }],
      "isModifier" : false,
      "isSummary" : false,
      "mapping" : [{
        "identity" : "rim",
        "map" : "n/a"
      }]
    },
    {
      "id" : "DDCCCoreDataSet.vaccination.extension",
      "path" : "DDCCCoreDataSet.vaccination.extension",
      "slicing" : {
        "discriminator" : [{
          "type" : "value",
          "path" : "url"
        }],
        "description" : "Extensions are always sliced by (at least) url",
        "rules" : "open"
      },
      "short" : "Additional content defined by implementations",
      "definition" : "May be used to represent additional information that is not part of the basic definition of the element. To make the use of extensions safe and manageable, there is a strict set of governance  applied to the definition and use of extensions. Though any implementer can define an extension, there is a set of requirements that SHALL be met as part of the definition of the extension.",
      "comment" : "There can be no stigma associated with the use of extensions by any application, project, or standard - regardless of the institution or jurisdiction that uses or defines the extensions.  The use of extensions is what allows the FHIR specification to retain a core level of simplicity for everyone.",
      "alias" : ["extensions",
      "user content"],
      "min" : 0,
      "max" : "*",
      "base" : {
        "path" : "Element.extension",
        "min" : 0,
        "max" : "*"
      },
      "type" : [{
        "code" : "Extension"
      }],
      "constraint" : [{
        "key" : "ele-1",
        "severity" : "error",
        "human" : "All FHIR elements must have a @value or children",
        "expression" : "hasValue() or (children().count() > id.count())",
        "xpath" : "@value|f:*|h:div",
        "source" : "http://hl7.org/fhir/StructureDefinition/Element"
      },
      {
        "key" : "ext-1",
        "severity" : "error",
        "human" : "Must have either extensions or value[x], not both",
        "expression" : "extension.exists() != value.exists()",
        "xpath" : "exists(f:extension)!=exists(f:*[starts-with(local-name(.), \"value\")])",
        "source" : "http://hl7.org/fhir/StructureDefinition/Extension"
      }],
      "isModifier" : false,
      "isSummary" : false,
      "mapping" : [{
        "identity" : "rim",
        "map" : "n/a"
      }]
    },
    {
      "id" : "DDCCCoreDataSet.vaccination.modifierExtension",
      "path" : "DDCCCoreDataSet.vaccination.modifierExtension",
      "short" : "Extensions that cannot be ignored even if unrecognized",
      "definition" : "May be used to represent additional information that is not part of the basic definition of the element and that modifies the understanding of the element in which it is contained and/or the understanding of the containing element's descendants. Usually modifier elements provide negation or qualification. To make the use of extensions safe and manageable, there is a strict set of governance applied to the definition and use of extensions. Though any implementer can define an extension, there is a set of requirements that SHALL be met as part of the definition of the extension. Applications processing a resource are required to check for modifier extensions.\n\nModifier extensions SHALL NOT change the meaning of any elements on Resource or DomainResource (including cannot change the meaning of modifierExtension itself).",
      "comment" : "There can be no stigma associated with the use of extensions by any application, project, or standard - regardless of the institution or jurisdiction that uses or defines the extensions.  The use of extensions is what allows the FHIR specification to retain a core level of simplicity for everyone.",
      "requirements" : "Modifier extensions allow for extensions that *cannot* be safely ignored to be clearly distinguished from the vast majority of extensions which can be safely ignored.  This promotes interoperability by eliminating the need for implementers to prohibit the presence of extensions. For further information, see the [definition of modifier extensions](http://hl7.org/fhir/R4/extensibility.html#modifierExtension).",
      "alias" : ["extensions",
      "user content",
      "modifiers"],
      "min" : 0,
      "max" : "*",
      "base" : {
        "path" : "BackboneElement.modifierExtension",
        "min" : 0,
        "max" : "*"
      },
      "type" : [{
        "code" : "Extension"
      }],
      "constraint" : [{
        "key" : "ele-1",
        "severity" : "error",
        "human" : "All FHIR elements must have a @value or children",
        "expression" : "hasValue() or (children().count() > id.count())",
        "xpath" : "@value|f:*|h:div",
        "source" : "http://hl7.org/fhir/StructureDefinition/Element"
      },
      {
        "key" : "ext-1",
        "severity" : "error",
        "human" : "Must have either extensions or value[x], not both",
        "expression" : "extension.exists() != value.exists()",
        "xpath" : "exists(f:extension)!=exists(f:*[starts-with(local-name(.), \"value\")])",
        "source" : "http://hl7.org/fhir/StructureDefinition/Extension"
      }],
      "isModifier" : true,
      "isModifierReason" : "Modifier extensions are expected to modify the meaning or interpretation of the element that contains them",
      "isSummary" : true,
      "mapping" : [{
        "identity" : "rim",
        "map" : "N/A"
      }]
    },
    {
      "id" : "DDCCCoreDataSet.vaccination.vaccine",
      "path" : "DDCCCoreDataSet.vaccination.vaccine",
      "short" : "Vaccine or prophylaxis",
      "definition" : "Generic description of the vaccine or vaccine sub-type. e.g. COVID-19 mRNA vaccine, HPV vaccine.",
      "min" : 1,
      "max" : "1",
      "base" : {
        "path" : "DDCCCoreDataSet.vaccination.vaccine",
        "min" : 1,
        "max" : "1"
      },
      "type" : [{
        "code" : "Coding"
      }],
      "isSummary" : true,
      "binding" : {
        "strength" : "preferred",
        "valueSet" : "http://worldhealthorganization.github.io/ddcc/ValueSet/who-ddcc-vaccines-covid-19"
      },
      "mapping" : [{
        "identity" : "ddcc-immunization",
        "map" : "Immunization.vaccineCode"
      }]
    },
    {
      "id" : "DDCCCoreDataSet.vaccination.brand",
      "path" : "DDCCCoreDataSet.vaccination.brand",
      "short" : "Vaccine brand",
      "definition" : "The brand or trade name used to refer to the vaccine received.",
      "min" : 1,
      "max" : "1",
      "base" : {
        "path" : "DDCCCoreDataSet.vaccination.brand",
        "min" : 1,
        "max" : "1"
      },
      "type" : [{
        "code" : "Coding"
      }],
      "isSummary" : true,
      "mapping" : [{
        "identity" : "ddcc-immunization",
        "map" : "Immunization.extension[https://worldhealthorganization.github.io/ddcc/StructureDefinition/DDCCEventBrand]"
      }]
    },
    {
      "id" : "DDCCCoreDataSet.vaccination.manufacturer",
      "path" : "DDCCCoreDataSet.vaccination.manufacturer",
      "short" : "Vaccine manufacturer",
      "definition" : "Name of the manufacturer of the vaccine received. e.g. Serum institute of India, AstraZeneca. If vaccine manufacturer is unknown, market authorization holder is REQUIRED.",
      "min" : 0,
      "max" : "1",
      "base" : {
        "path" : "DDCCCoreDataSet.vaccination.manufacturer",
        "min" : 0,
        "max" : "1"
      },
      "type" : [{
        "code" : "Coding"
      }],
      "isSummary" : true,
      "mapping" : [{
        "identity" : "ddcc-immunization",
        "map" : "Immunization.manufacturer"
      }]
    },
    {
      "id" : "DDCCCoreDataSet.vaccination.maholder",
      "path" : "DDCCCoreDataSet.vaccination.maholder",
      "short" : "Vaccine market authorization holder",
      "definition" : "Name of the market authorization holder of the vaccine received. If market authorization holder is unknown, vaccine manufacturer is REQUIRED.",
      "min" : 0,
      "max" : "1",
      "base" : {
        "path" : "DDCCCoreDataSet.vaccination.maholder",
        "min" : 0,
        "max" : "1"
      },
      "type" : [{
        "code" : "Coding"
      }],
      "isSummary" : true,
      "mapping" : [{
        "identity" : "ddcc-immunization",
        "map" : "Immunization.extension[https://worldhealthorganization.github.io/ddcc/StructureDefinition/DDCCVaccineMarketAuthorization]"
      }]
    },
    {
      "id" : "DDCCCoreDataSet.vaccination.lot",
      "path" : "DDCCCoreDataSet.vaccination.lot",
      "short" : "Vaccine lot number",
      "definition" : "Lot number or batch number of vaccination.",
      "min" : 1,
      "max" : "1",
      "base" : {
        "path" : "DDCCCoreDataSet.vaccination.lot",
        "min" : 1,
        "max" : "1"
      },
      "type" : [{
        "code" : "string"
      }],
      "isSummary" : true,
      "mapping" : [{
        "identity" : "ddcc-immunization",
        "map" : "Immunization.lotNumber"
      }]
    },
    {
      "id" : "DDCCCoreDataSet.vaccination.date",
      "path" : "DDCCCoreDataSet.vaccination.date",
      "short" : "Date of vaccination",
      "definition" : "Date in which the vaccine was provided.",
      "min" : 1,
      "max" : "1",
      "base" : {
        "path" : "DDCCCoreDataSet.vaccination.date",
        "min" : 1,
        "max" : "1"
      },
      "type" : [{
        "code" : "dateTime"
      }],
      "isSummary" : true,
      "mapping" : [{
        "identity" : "ddcc-immunization",
        "map" : "Immunization.occurrence"
      }]
    },
    {
      "id" : "DDCCCoreDataSet.vaccination.validFrom",
      "path" : "DDCCCoreDataSet.vaccination.validFrom",
      "short" : "Vaccination valid from",
      "definition" : "Date upon which provided vaccination is considered valid.",
      "min" : 0,
      "max" : "1",
      "base" : {
        "path" : "DDCCCoreDataSet.vaccination.validFrom",
        "min" : 0,
        "max" : "1"
      },
      "type" : [{
        "code" : "date"
      }],
      "mapping" : [{
        "identity" : "ddcc-immunization",
        "map" : "Immunization.extension[https://worldhealthorganization.github.io/ddcc/StructureDefinition/DDCCVaccineValidFrom]"
      }]
    },
    {
      "id" : "DDCCCoreDataSet.vaccination.dose",
      "path" : "DDCCCoreDataSet.vaccination.dose",
      "short" : "Dose number",
      "definition" : "Vaccine dose number.",
      "min" : 1,
      "max" : "1",
      "base" : {
        "path" : "DDCCCoreDataSet.vaccination.dose",
        "min" : 1,
        "max" : "1"
      },
      "type" : [{
        "code" : "positiveInt"
      }],
      "isSummary" : true,
      "mapping" : [{
        "identity" : "ddcc-immunization",
        "map" : "Immunization.protocolApplied.doseNumber"
      }]
    },
    {
      "id" : "DDCCCoreDataSet.vaccination.totalDoses",
      "path" : "DDCCCoreDataSet.vaccination.totalDoses",
      "short" : "Total doses",
      "definition" : "Total expected doses as defined by Member State care plan and immunization programme policies.",
      "min" : 0,
      "max" : "1",
      "base" : {
        "path" : "DDCCCoreDataSet.vaccination.totalDoses",
        "min" : 0,
        "max" : "1"
      },
      "type" : [{
        "code" : "positiveInt"
      }],
      "mapping" : [{
        "identity" : "ddcc-immunization",
        "map" : "Immunization.protocolApplied.seriesDoses"
      }]
    },
    {
      "id" : "DDCCCoreDataSet.vaccination.country",
      "path" : "DDCCCoreDataSet.vaccination.country",
      "short" : "Country of vaccination",
      "definition" : "The country in which the individual has been vaccinated.",
      "min" : 1,
      "max" : "1",
      "base" : {
        "path" : "DDCCCoreDataSet.vaccination.country",
        "min" : 1,
        "max" : "1"
      },
      "type" : [{
        "code" : "Coding"
      }],
      "isSummary" : true,
      "binding" : {
        "strength" : "preferred",
        "valueSet" : "http://hl7.org/fhir/ValueSet/iso3166-1-3"
      },
      "mapping" : [{
        "identity" : "ddcc",
        "map" : "Immunization.extension.where(url='https://worldhealthorganization.github.io/ddcc/StructureDefinition/DDCCCountryOfVaccination')"
      },
      {
        "identity" : "ddcc-immunization",
        "map" : "Immunization.extension[https://worldhealthorganization.github.io/ddcc/StructureDefinition/DDCCCountryOfEvent]"
      }]
    },
    {
      "id" : "DDCCCoreDataSet.vaccination.centre",
      "path" : "DDCCCoreDataSet.vaccination.centre",
      "short" : "Administering centre",
      "definition" : "The name or identifier of the vaccination facility responsible for providing the vaccination.",
      "min" : 0,
      "max" : "1",
      "base" : {
        "path" : "DDCCCoreDataSet.vaccination.centre",
        "min" : 0,
        "max" : "1"
      },
      "type" : [{
        "code" : "string"
      }],
      "mapping" : [{
        "identity" : "ddcc-immunization",
        "map" : "Immunization.location"
      }]
    },
    {
      "id" : "DDCCCoreDataSet.vaccination.signature",
      "path" : "DDCCCoreDataSet.vaccination.signature",
      "short" : "Signature of health worker",
      "definition" : "REQUIRED for PAPER vaccination certificates ONLY. The health worker who provided the vaccination or the supervising clinician's hand-written signature.",
      "min" : 0,
      "max" : "1",
      "base" : {
        "path" : "DDCCCoreDataSet.vaccination.signature",
        "min" : 0,
        "max" : "1"
      },
      "type" : [{
        "code" : "Signature"
      }]
    },
    {
      "id" : "DDCCCoreDataSet.vaccination.practitioner",
      "path" : "DDCCCoreDataSet.vaccination.practitioner",
      "short" : "Health worker identifier",
      "definition" : "OPTIONAL for DIGITAL and PAPER vaccination certificates. The unique identifier for the health worker as determined by the member state. There can be more than one unique identifier used. (e.g. system generated ID, health profession number, cryptographic signature, or any other form of health worker unique identifier). This can be used in lieu of a paper-based signature.",
      "min" : 0,
      "max" : "1",
      "base" : {
        "path" : "DDCCCoreDataSet.vaccination.practitioner",
        "min" : 0,
        "max" : "1"
      },
      "type" : [{
        "code" : "Identifier"
      }],
      "mapping" : [{
        "identity" : "ddcc-immunization",
        "map" : "Immunization.performer.actor"
      }]
    },
    {
      "id" : "DDCCCoreDataSet.vaccination.disease",
      "path" : "DDCCCoreDataSet.vaccination.disease",
      "short" : "Disease or agent targeted",
      "definition" : "Name of disease vaccinated against (such as COVID-19).",
      "min" : 0,
      "max" : "1",
      "base" : {
        "path" : "DDCCCoreDataSet.vaccination.disease",
        "min" : 0,
        "max" : "1"
      },
      "type" : [{
        "code" : "Coding"
      }],
      "binding" : {
        "strength" : "preferred",
        "valueSet" : "http://worldhealthorganization.github.io/ddcc/ValueSet/who-ddcc-disease-targeted-covid-19"
      },
      "mapping" : [{
        "identity" : "ddcc-immunization",
        "map" : "Immunization.protocolApplied.targetDisease"
      }]
    },
    {
      "id" : "DDCCCoreDataSet.vaccination.nextDose",
      "path" : "DDCCCoreDataSet.vaccination.nextDose",
      "short" : "Due date of next dose",
      "definition" : "Date on which the next vaccination should be administered, if a next dose is REQUIRED.",
      "min" : 0,
      "max" : "1",
      "base" : {
        "path" : "DDCCCoreDataSet.vaccination.nextDose",
        "min" : 0,
        "max" : "1"
      },
      "type" : [{
        "code" : "date"
      }],
      "mapping" : [{
        "identity" : "ddcc-immunization-recommendation",
        "map" : "ImmunizationRecommendation.dateCriterion.value"
      }]
    }]
  },
  "differential" : {
    "element" : [{
      "id" : "DDCCCoreDataSet",
      "path" : "DDCCCoreDataSet",
      "short" : "DDCC Core Data Set Logical Model for Vaccination Status",
      "definition" : "Data elements for the DDCC Core Data Set for Vaccination Status."
    },
    {
      "id" : "DDCCCoreDataSet.certificate.issuer",
      "path" : "DDCCCoreDataSet.certificate.issuer",
      "mapping" : [{
        "identity" : "ddcc-immunization",
        "map" : "Immunization.protocolApplied.authority.identifier"
      }]
    },
    {
      "id" : "DDCCCoreDataSet.vaccination",
      "path" : "DDCCCoreDataSet.vaccination",
      "short" : "Vaccination Event",
      "definition" : "A vaccination event.",
      "min" : 1,
      "max" : "1",
      "type" : [{
        "code" : "BackboneElement"
      }],
      "constraint" : [{
        "key" : "who-ddcc-data-1",
        "severity" : "error",
        "human" : "Manufacturer or Market Authorization Holder SHALL be present",
        "expression" : "manufacturer.exists() or maholder.exists()",
        "source" : "http://worldhealthorganization.github.io/ddcc/StructureDefinition/DDCCCoreDataSet.VS"
      }],
      "isSummary" : true
    },
    {
      "id" : "DDCCCoreDataSet.vaccination.vaccine",
      "path" : "DDCCCoreDataSet.vaccination.vaccine",
      "short" : "Vaccine or prophylaxis",
      "definition" : "Generic description of the vaccine or vaccine sub-type. e.g. COVID-19 mRNA vaccine, HPV vaccine.",
      "min" : 1,
      "max" : "1",
      "type" : [{
        "code" : "Coding"
      }],
      "isSummary" : true,
      "binding" : {
        "strength" : "preferred",
        "valueSet" : "http://worldhealthorganization.github.io/ddcc/ValueSet/who-ddcc-vaccines-covid-19"
      },
      "mapping" : [{
        "identity" : "ddcc-immunization",
        "map" : "Immunization.vaccineCode"
      }]
    },
    {
      "id" : "DDCCCoreDataSet.vaccination.brand",
      "path" : "DDCCCoreDataSet.vaccination.brand",
      "short" : "Vaccine brand",
      "definition" : "The brand or trade name used to refer to the vaccine received.",
      "min" : 1,
      "max" : "1",
      "type" : [{
        "code" : "Coding"
      }],
      "isSummary" : true,
      "mapping" : [{
        "identity" : "ddcc-immunization",
        "map" : "Immunization.extension[https://worldhealthorganization.github.io/ddcc/StructureDefinition/DDCCEventBrand]"
      }]
    },
    {
      "id" : "DDCCCoreDataSet.vaccination.manufacturer",
      "path" : "DDCCCoreDataSet.vaccination.manufacturer",
      "short" : "Vaccine manufacturer",
      "definition" : "Name of the manufacturer of the vaccine received. e.g. Serum institute of India, AstraZeneca. If vaccine manufacturer is unknown, market authorization holder is REQUIRED.",
      "min" : 0,
      "max" : "1",
      "type" : [{
        "code" : "Coding"
      }],
      "isSummary" : true,
      "mapping" : [{
        "identity" : "ddcc-immunization",
        "map" : "Immunization.manufacturer"
      }]
    },
    {
      "id" : "DDCCCoreDataSet.vaccination.maholder",
      "path" : "DDCCCoreDataSet.vaccination.maholder",
      "short" : "Vaccine market authorization holder",
      "definition" : "Name of the market authorization holder of the vaccine received. If market authorization holder is unknown, vaccine manufacturer is REQUIRED.",
      "min" : 0,
      "max" : "1",
      "type" : [{
        "code" : "Coding"
      }],
      "isSummary" : true,
      "mapping" : [{
        "identity" : "ddcc-immunization",
        "map" : "Immunization.extension[https://worldhealthorganization.github.io/ddcc/StructureDefinition/DDCCVaccineMarketAuthorization]"
      }]
    },
    {
      "id" : "DDCCCoreDataSet.vaccination.lot",
      "path" : "DDCCCoreDataSet.vaccination.lot",
      "short" : "Vaccine lot number",
      "definition" : "Lot number or batch number of vaccination.",
      "min" : 1,
      "max" : "1",
      "type" : [{
        "code" : "string"
      }],
      "isSummary" : true,
      "mapping" : [{
        "identity" : "ddcc-immunization",
        "map" : "Immunization.lotNumber"
      }]
    },
    {
      "id" : "DDCCCoreDataSet.vaccination.date",
      "path" : "DDCCCoreDataSet.vaccination.date",
      "short" : "Date of vaccination",
      "definition" : "Date in which the vaccine was provided.",
      "min" : 1,
      "max" : "1",
      "type" : [{
        "code" : "dateTime"
      }],
      "isSummary" : true,
      "mapping" : [{
        "identity" : "ddcc-immunization",
        "map" : "Immunization.occurrence"
      }]
    },
    {
      "id" : "DDCCCoreDataSet.vaccination.validFrom",
      "path" : "DDCCCoreDataSet.vaccination.validFrom",
      "short" : "Vaccination valid from",
      "definition" : "Date upon which provided vaccination is considered valid.",
      "min" : 0,
      "max" : "1",
      "type" : [{
        "code" : "date"
      }],
      "mapping" : [{
        "identity" : "ddcc-immunization",
        "map" : "Immunization.extension[https://worldhealthorganization.github.io/ddcc/StructureDefinition/DDCCVaccineValidFrom]"
      }]
    },
    {
      "id" : "DDCCCoreDataSet.vaccination.dose",
      "path" : "DDCCCoreDataSet.vaccination.dose",
      "short" : "Dose number",
      "definition" : "Vaccine dose number.",
      "min" : 1,
      "max" : "1",
      "type" : [{
        "code" : "positiveInt"
      }],
      "isSummary" : true,
      "mapping" : [{
        "identity" : "ddcc-immunization",
        "map" : "Immunization.protocolApplied.doseNumber"
      }]
    },
    {
      "id" : "DDCCCoreDataSet.vaccination.totalDoses",
      "path" : "DDCCCoreDataSet.vaccination.totalDoses",
      "short" : "Total doses",
      "definition" : "Total expected doses as defined by Member State care plan and immunization programme policies.",
      "min" : 0,
      "max" : "1",
      "type" : [{
        "code" : "positiveInt"
      }],
      "mapping" : [{
        "identity" : "ddcc-immunization",
        "map" : "Immunization.protocolApplied.seriesDoses"
      }]
    },
    {
      "id" : "DDCCCoreDataSet.vaccination.country",
      "path" : "DDCCCoreDataSet.vaccination.country",
      "short" : "Country of vaccination",
      "definition" : "The country in which the individual has been vaccinated.",
      "min" : 1,
      "max" : "1",
      "type" : [{
        "code" : "Coding"
      }],
      "isSummary" : true,
      "binding" : {
        "strength" : "preferred",
        "valueSet" : "http://hl7.org/fhir/ValueSet/iso3166-1-3"
      },
      "mapping" : [{
        "identity" : "ddcc",
        "map" : "Immunization.extension.where(url='https://worldhealthorganization.github.io/ddcc/StructureDefinition/DDCCCountryOfVaccination')"
      },
      {
        "identity" : "ddcc-immunization",
        "map" : "Immunization.extension[https://worldhealthorganization.github.io/ddcc/StructureDefinition/DDCCCountryOfEvent]"
      }]
    },
    {
      "id" : "DDCCCoreDataSet.vaccination.centre",
      "path" : "DDCCCoreDataSet.vaccination.centre",
      "short" : "Administering centre",
      "definition" : "The name or identifier of the vaccination facility responsible for providing the vaccination.",
      "min" : 0,
      "max" : "1",
      "type" : [{
        "code" : "string"
      }],
      "mapping" : [{
        "identity" : "ddcc-immunization",
        "map" : "Immunization.location"
      }]
    },
    {
      "id" : "DDCCCoreDataSet.vaccination.signature",
      "path" : "DDCCCoreDataSet.vaccination.signature",
      "short" : "Signature of health worker",
      "definition" : "REQUIRED for PAPER vaccination certificates ONLY. The health worker who provided the vaccination or the supervising clinician's hand-written signature.",
      "min" : 0,
      "max" : "1",
      "type" : [{
        "code" : "Signature"
      }]
    },
    {
      "id" : "DDCCCoreDataSet.vaccination.practitioner",
      "path" : "DDCCCoreDataSet.vaccination.practitioner",
      "short" : "Health worker identifier",
      "definition" : "OPTIONAL for DIGITAL and PAPER vaccination certificates. The unique identifier for the health worker as determined by the member state. There can be more than one unique identifier used. (e.g. system generated ID, health profession number, cryptographic signature, or any other form of health worker unique identifier). This can be used in lieu of a paper-based signature.",
      "min" : 0,
      "max" : "1",
      "type" : [{
        "code" : "Identifier"
      }],
      "mapping" : [{
        "identity" : "ddcc-immunization",
        "map" : "Immunization.performer.actor"
      }]
    },
    {
      "id" : "DDCCCoreDataSet.vaccination.disease",
      "path" : "DDCCCoreDataSet.vaccination.disease",
      "short" : "Disease or agent targeted",
      "definition" : "Name of disease vaccinated against (such as COVID-19).",
      "min" : 0,
      "max" : "1",
      "type" : [{
        "code" : "Coding"
      }],
      "binding" : {
        "strength" : "preferred",
        "valueSet" : "http://worldhealthorganization.github.io/ddcc/ValueSet/who-ddcc-disease-targeted-covid-19"
      },
      "mapping" : [{
        "identity" : "ddcc-immunization",
        "map" : "Immunization.protocolApplied.targetDisease"
      }]
    },
    {
      "id" : "DDCCCoreDataSet.vaccination.nextDose",
      "path" : "DDCCCoreDataSet.vaccination.nextDose",
      "short" : "Due date of next dose",
      "definition" : "Date on which the next vaccination should be administered, if a next dose is REQUIRED.",
      "min" : 0,
      "max" : "1",
      "type" : [{
        "code" : "date"
      }],
      "mapping" : [{
        "identity" : "ddcc-immunization-recommendation",
        "map" : "ImmunizationRecommendation.dateCriterion.value"
      }]
    }]
  }
}