{
  "resourceType": "ValueSet",
  "id": "DDCC-Composition-Category-ValueSet",
  "text": {
    "status": "generated",
    "div": "<div xmlns=\"http://www.w3.org/1999/xhtml\"><ul><li>Include all codes defined in <a href=\"CodeSystem-DDCC-Composition-Category-CodeSystem.html\"><code>http://worldhealthorganization.github.io/ddcc/CodeSystem/DDCC-Composition-Category-CodeSystem</code></a></li></ul></div>"
  },
  "url": "http://worldhealthorganization.github.io/ddcc/ValueSet/DDCC-Composition-Category-ValueSet",
  "version": "1.0.0",
  "name": "DDCC_Composition_Category_ValueSet",
  "title": "DDCC Composition Category Codes",
  "status": "active",
  "date": "2022-03-23T18:40:06+00:00",
  "publisher": "WHO",
  "contact": [
    {
      "name": "WHO",
      "telecom": [
        {
          "system": "url",
          "value": "http://who.int"
        }
      ]
    }
  ],
  "description": "Categorization of DDCC Composition",
  "jurisdiction": [
    {
      "coding": [
        {
          "system": "http://unstats.un.org/unsd/methods/m49/m49.htm",
          "code": "001"
        }
      ]
    }
  ],
  "compose": {
    "include": [
      {
        "system": "http://worldhealthorganization.github.io/ddcc/CodeSystem/DDCC-Composition-Category-CodeSystem"
      }
    ]
  }
}