{
  "resourceType" : "Bundle",
  "id" : "197aaf1f-036b-44b9-aacc-24a8763e24e4",
  "meta" : {
    "lastUpdated" : "2022-03-22T20:54:15.737+00:00"
  },
  "type" : "collection",
  "entry" : [{
    "fullUrl" : "http://worldhealthorganization.github.io/ddcc/ValueSet/DDCC-Composition-Category-ValueSet",
    "resource" : {
      "resourceType" : "ValueSet",
      "id" : "DDCC-Composition-Category-ValueSet",
      "text" : {
        "status" : "generated",
        "div" : "<div xmlns=\"http://www.w3.org/1999/xhtml\"><p>This value set contains 2 concepts</p><p style=\"border: black 1px dotted; background-color: #EEEEEE; padding: 8px; margin-bottom: 8px\">Expansion based on <a href=\"CodeSystem-DDCC-Composition-Category-CodeSystem.html\">DDCC Composition Category Codes v1.0.0 (CodeSystem)</a></p><p>All codes in this table are from the system <a href=\"CodeSystem-DDCC-Composition-Category-CodeSystem.html\"><code>http://worldhealthorganization.github.io/ddcc/CodeSystem/DDCC-Composition-Category-CodeSystem</code></a></p><table class=\"codes\"><tr><td style=\"white-space:nowrap\"><b>Code</b></td><td><b>Display</b></td></tr><tr><td style=\"white-space:nowrap\"><a name=\"http---worldhealthorganization.github.io-ddcc-CodeSystem-DDCC-Composition-Category-CodeSystem-ddcc-vs\"> </a>  <a href=\"CodeSystem-DDCC-Composition-Category-CodeSystem.html#DDCC-Composition-Category-CodeSystem-ddcc-vs\">ddcc-vs</a></td><td>DDCC:VS</td></tr><tr><td style=\"white-space:nowrap\"><a name=\"http---worldhealthorganization.github.io-ddcc-CodeSystem-DDCC-Composition-Category-CodeSystem-ddcc-tr\"> </a>  <a href=\"CodeSystem-DDCC-Composition-Category-CodeSystem.html#DDCC-Composition-Category-CodeSystem-ddcc-tr\">ddcc-tr</a></td><td>DDCC:TR</td></tr></table></div>"
      },
      "url" : "http://worldhealthorganization.github.io/ddcc/ValueSet/DDCC-Composition-Category-ValueSet",
      "version" : "1.0.0",
      "name" : "DDCC_Composition_Category_ValueSet",
      "title" : "DDCC Composition Category Codes",
      "status" : "active",
      "date" : "2022-03-22T20:54:15+00:00",
      "publisher" : "WHO",
      "contact" : [{
        "name" : "WHO",
        "telecom" : [{
          "system" : "url",
          "value" : "http://who.int"
        }]
      }],
      "description" : "Categorization of DDCC Composition",
      "jurisdiction" : [{
        "coding" : [{
          "system" : "http://unstats.un.org/unsd/methods/m49/m49.htm",
          "code" : "001"
        }]
      }],
      "expansion" : {
        "identifier" : "urn:uuid:9ad01558-38c5-45b5-90db-1257ac2de9af",
        "timestamp" : "2022-03-22T20:55:36+00:00",
        "total" : 2,
        "parameter" : [{
          "name" : "excludeNested",
          "valueBoolean" : false
        },
        {
          "name" : "version",
          "valueUri" : "http://worldhealthorganization.github.io/ddcc/CodeSystem/DDCC-Composition-Category-CodeSystem|1.0.0"
        }],
        "contains" : [{
          "system" : "http://worldhealthorganization.github.io/ddcc/CodeSystem/DDCC-Composition-Category-CodeSystem",
          "code" : "ddcc-vs",
          "display" : "DDCC:VS"
        },
        {
          "system" : "http://worldhealthorganization.github.io/ddcc/CodeSystem/DDCC-Composition-Category-CodeSystem",
          "code" : "ddcc-tr",
          "display" : "DDCC:TR"
        }]
      }
    }
  },
  {
    "fullUrl" : "http://worldhealthorganization.github.io/ddcc/ValueSet/DDCC-Device-Property-ValueSet",
    "resource" : {
      "resourceType" : "ValueSet",
      "id" : "DDCC-Device-Property-ValueSet",
      "text" : {
        "status" : "generated",
        "div" : "<div xmlns=\"http://www.w3.org/1999/xhtml\"><p>This value set contains 2 concepts</p><p style=\"border: black 1px dotted; background-color: #EEEEEE; padding: 8px; margin-bottom: 8px\">Expansion based on <a href=\"CodeSystem-DDCC-Device-Property-CodeSystem.html\">DDCC Device Property Codes v1.0.0 (CodeSystem)</a></p><p>All codes in this table are from the system <a href=\"CodeSystem-DDCC-Device-Property-CodeSystem.html\"><code>http://worldhealthorganization.github.io/ddcc/CodeSystem/DDCC-Device-Property-CodeSystem</code></a></p><table class=\"codes\"><tr><td style=\"white-space:nowrap\"><b>Code</b></td><td><b>Display</b></td></tr><tr><td style=\"white-space:nowrap\"><a name=\"http---worldhealthorganization.github.io-ddcc-CodeSystem-DDCC-Device-Property-CodeSystem-pathogen\"> </a>  <a href=\"CodeSystem-DDCC-Device-Property-CodeSystem.html#DDCC-Device-Property-CodeSystem-pathogen\">pathogen</a></td><td>Pathogen Targeted</td></tr><tr><td style=\"white-space:nowrap\"><a name=\"http---worldhealthorganization.github.io-ddcc-CodeSystem-DDCC-Device-Property-CodeSystem-brand\"> </a>  <a href=\"CodeSystem-DDCC-Device-Property-CodeSystem.html#DDCC-Device-Property-CodeSystem-brand\">brand</a></td><td>Test Brand</td></tr></table></div>"
      },
      "url" : "http://worldhealthorganization.github.io/ddcc/ValueSet/DDCC-Device-Property-ValueSet",
      "version" : "1.0.0",
      "name" : "DDCC_Device_Property_ValueSet",
      "title" : "DDCC Device Property Codes",
      "status" : "active",
      "date" : "2022-03-22T20:54:15+00:00",
      "publisher" : "WHO",
      "contact" : [{
        "name" : "WHO",
        "telecom" : [{
          "system" : "url",
          "value" : "http://who.int"
        }]
      }],
      "description" : "Properties of DDCC devices",
      "jurisdiction" : [{
        "coding" : [{
          "system" : "http://unstats.un.org/unsd/methods/m49/m49.htm",
          "code" : "001"
        }]
      }],
      "expansion" : {
        "identifier" : "urn:uuid:4217ddcb-fafd-4337-9389-b82d1baf3e67",
        "timestamp" : "2022-03-22T20:55:36+00:00",
        "total" : 2,
        "parameter" : [{
          "name" : "excludeNested",
          "valueBoolean" : false
        },
        {
          "name" : "version",
          "valueUri" : "http://worldhealthorganization.github.io/ddcc/CodeSystem/DDCC-Device-Property-CodeSystem|1.0.0"
        }],
        "contains" : [{
          "system" : "http://worldhealthorganization.github.io/ddcc/CodeSystem/DDCC-Device-Property-CodeSystem",
          "code" : "pathogen",
          "display" : "Pathogen Targeted"
        },
        {
          "system" : "http://worldhealthorganization.github.io/ddcc/CodeSystem/DDCC-Device-Property-CodeSystem",
          "code" : "brand",
          "display" : "Test Brand"
        }]
      }
    }
  },
  {
    "fullUrl" : "http://worldhealthorganization.github.io/ddcc/ValueSet/DDCC-Folder-DesignationType",
    "resource" : {
      "resourceType" : "ValueSet",
      "id" : "DDCC-Folder-DesignationType",
      "text" : {
        "status" : "generated",
        "div" : "<div xmlns=\"http://www.w3.org/1999/xhtml\"><p>This value set contains 1 concepts</p><p style=\"border: black 1px dotted; background-color: #EEEEEE; padding: 8px; margin-bottom: 8px\">Expansion based on <a href=\"CodeSystem-DDCC-Folder-DesignationType.html\">DDCC Designation Types for Folder v1.0.0 (CodeSystem)</a></p><p>All codes in this table are from the system <a href=\"CodeSystem-DDCC-Folder-DesignationType.html\"><code>http://worldhealthorganization.github.io/ddcc/CodeSystem/DDCC-Folder-DesignationType</code></a></p><table class=\"codes\"><tr><td style=\"white-space:nowrap\"><b>Code</b></td><td><b>Display</b></td></tr><tr><td style=\"white-space:nowrap\"><a name=\"http---worldhealthorganization.github.io-ddcc-CodeSystem-DDCC-Folder-DesignationType-ddcc\"> </a>  <a href=\"CodeSystem-DDCC-Folder-DesignationType.html#DDCC-Folder-DesignationType-ddcc\">ddcc</a></td><td>DDCC</td></tr></table></div>"
      },
      "url" : "http://worldhealthorganization.github.io/ddcc/ValueSet/DDCC-Folder-DesignationType",
      "version" : "1.0.0",
      "name" : "DDCC_Folder_DesignationType_ValueSet",
      "title" : "DDCC DesignationTypes for Folder",
      "status" : "active",
      "date" : "2022-03-22T20:54:15+00:00",
      "publisher" : "WHO",
      "contact" : [{
        "name" : "WHO",
        "telecom" : [{
          "system" : "url",
          "value" : "http://who.int"
        }]
      }],
      "description" : "DDCC Designation Types ValueSet for DDCC Folders.",
      "jurisdiction" : [{
        "coding" : [{
          "system" : "http://unstats.un.org/unsd/methods/m49/m49.htm",
          "code" : "001"
        }]
      }],
      "expansion" : {
        "identifier" : "urn:uuid:8f71eaec-21d3-4155-9fb5-858e6e8ac5be",
        "timestamp" : "2022-03-22T20:55:36+00:00",
        "total" : 1,
        "parameter" : [{
          "name" : "excludeNested",
          "valueBoolean" : false
        },
        {
          "name" : "version",
          "valueUri" : "http://worldhealthorganization.github.io/ddcc/CodeSystem/DDCC-Folder-DesignationType|1.0.0"
        }],
        "contains" : [{
          "system" : "http://worldhealthorganization.github.io/ddcc/CodeSystem/DDCC-Folder-DesignationType",
          "code" : "ddcc",
          "display" : "DDCC"
        }]
      }
    }
  },
  {
    "fullUrl" : "http://worldhealthorganization.github.io/ddcc/ValueSet/DDCC-QR-Format-ValueSet",
    "resource" : {
      "resourceType" : "ValueSet",
      "id" : "DDCC-QR-Format-ValueSet",
      "text" : {
        "status" : "generated",
        "div" : "<div xmlns=\"http://www.w3.org/1999/xhtml\"><p>This value set contains 3 concepts</p><p style=\"border: black 1px dotted; background-color: #EEEEEE; padding: 8px; margin-bottom: 8px\">Expansion based on <a href=\"CodeSystem-DDCC-QR-Format-CodeSystem.html\">DDCC QR Format Codes v1.0.0 (CodeSystem)</a></p><p>All codes in this table are from the system <a href=\"CodeSystem-DDCC-QR-Format-CodeSystem.html\"><code>http://worldhealthorganization.github.io/ddcc/CodeSystem/DDCC-QR-Format-CodeSystem</code></a></p><table class=\"codes\"><tr><td style=\"white-space:nowrap\"><b>Code</b></td><td><b>Display</b></td></tr><tr><td style=\"white-space:nowrap\"><a name=\"http---worldhealthorganization.github.io-ddcc-CodeSystem-DDCC-QR-Format-CodeSystem-image\"> </a>  <a href=\"CodeSystem-DDCC-QR-Format-CodeSystem.html#DDCC-QR-Format-CodeSystem-image\">image</a></td><td>Image</td></tr><tr><td style=\"white-space:nowrap\"><a name=\"http---worldhealthorganization.github.io-ddcc-CodeSystem-DDCC-QR-Format-CodeSystem-serialized\"> </a>  <a href=\"CodeSystem-DDCC-QR-Format-CodeSystem.html#DDCC-QR-Format-CodeSystem-serialized\">serialized</a></td><td>Serialized QR Content</td></tr><tr><td style=\"white-space:nowrap\"><a name=\"http---worldhealthorganization.github.io-ddcc-CodeSystem-DDCC-QR-Format-CodeSystem-pdf\"> </a>  <a href=\"CodeSystem-DDCC-QR-Format-CodeSystem.html#DDCC-QR-Format-CodeSystem-pdf\">pdf</a></td><td>PDF version of the QR image</td></tr></table></div>"
      },
      "url" : "http://worldhealthorganization.github.io/ddcc/ValueSet/DDCC-QR-Format-ValueSet",
      "version" : "1.0.0",
      "name" : "DDCC_QR_Format_ValueSet",
      "title" : "DDCC QR Format Codes",
      "status" : "active",
      "date" : "2022-03-22T20:54:15+00:00",
      "publisher" : "WHO",
      "contact" : [{
        "name" : "WHO",
        "telecom" : [{
          "system" : "url",
          "value" : "http://who.int"
        }]
      }],
      "description" : "Format of the representation of QR code",
      "jurisdiction" : [{
        "coding" : [{
          "system" : "http://unstats.un.org/unsd/methods/m49/m49.htm",
          "code" : "001"
        }]
      }],
      "expansion" : {
        "identifier" : "urn:uuid:8e18bfb8-df2f-4190-8aa5-12ff961e68fd",
        "timestamp" : "2022-03-22T20:55:36+00:00",
        "total" : 3,
        "parameter" : [{
          "name" : "excludeNested",
          "valueBoolean" : false
        },
        {
          "name" : "version",
          "valueUri" : "http://worldhealthorganization.github.io/ddcc/CodeSystem/DDCC-QR-Format-CodeSystem|1.0.0"
        }],
        "contains" : [{
          "system" : "http://worldhealthorganization.github.io/ddcc/CodeSystem/DDCC-QR-Format-CodeSystem",
          "code" : "image",
          "display" : "Image"
        },
        {
          "system" : "http://worldhealthorganization.github.io/ddcc/CodeSystem/DDCC-QR-Format-CodeSystem",
          "code" : "serialized",
          "display" : "Serialized QR Content"
        },
        {
          "system" : "http://worldhealthorganization.github.io/ddcc/CodeSystem/DDCC-QR-Format-CodeSystem",
          "code" : "pdf",
          "display" : "PDF version of the QR image"
        }]
      }
    }
  },
  {
    "fullUrl" : "http://worldhealthorganization.github.io/ddcc/ValueSet/DDCC-QR-Type-ValueSet",
    "resource" : {
      "resourceType" : "ValueSet",
      "id" : "DDCC-QR-Type-ValueSet",
      "text" : {
        "status" : "generated",
        "div" : "<div xmlns=\"http://www.w3.org/1999/xhtml\"><p>This value set contains 6 concepts</p><p style=\"border: black 1px dotted; background-color: #EEEEEE; padding: 8px; margin-bottom: 8px\">Expansion based on <a href=\"CodeSystem-DDCC-QR-Type-CodeSystem.html\">DDCC QR Category Usage Codes v1.0.0 (CodeSystem)</a></p><p>All codes in this table are from the system <a href=\"CodeSystem-DDCC-QR-Type-CodeSystem.html\"><code>http://worldhealthorganization.github.io/ddcc/CodeSystem/DDCC-QR-Type-CodeSystem</code></a></p><table class=\"codes\"><tr><td style=\"white-space:nowrap\"><b>Code</b></td><td><b>Display</b></td></tr><tr><td style=\"white-space:nowrap\"><a name=\"http---worldhealthorganization.github.io-ddcc-CodeSystem-DDCC-QR-Type-CodeSystem-who\"> </a>  <a href=\"CodeSystem-DDCC-QR-Type-CodeSystem.html#DDCC-QR-Type-CodeSystem-who\">who</a></td><td>WHO DDCC</td></tr><tr><td style=\"white-space:nowrap\"><a name=\"http---worldhealthorganization.github.io-ddcc-CodeSystem-DDCC-QR-Type-CodeSystem-dcc\"> </a>  <a href=\"CodeSystem-DDCC-QR-Type-CodeSystem.html#DDCC-QR-Type-CodeSystem-dcc\">dcc</a></td><td>EU DCC</td></tr><tr><td style=\"white-space:nowrap\"><a name=\"http---worldhealthorganization.github.io-ddcc-CodeSystem-DDCC-QR-Type-CodeSystem-icao\"> </a>  <a href=\"CodeSystem-DDCC-QR-Type-CodeSystem.html#DDCC-QR-Type-CodeSystem-icao\">icao</a></td><td>ICAO</td></tr><tr><td style=\"white-space:nowrap\"><a name=\"http---worldhealthorganization.github.io-ddcc-CodeSystem-DDCC-QR-Type-CodeSystem-au\"> </a>  <a href=\"CodeSystem-DDCC-QR-Type-CodeSystem.html#DDCC-QR-Type-CodeSystem-au\">au</a></td><td>AU</td></tr><tr><td style=\"white-space:nowrap\"><a name=\"http---worldhealthorganization.github.io-ddcc-CodeSystem-DDCC-QR-Type-CodeSystem-shc\"> </a>  <a href=\"CodeSystem-DDCC-QR-Type-CodeSystem.html#DDCC-QR-Type-CodeSystem-shc\">shc</a></td><td>SMART Health Card</td></tr><tr><td style=\"white-space:nowrap\"><a name=\"http---worldhealthorganization.github.io-ddcc-CodeSystem-DDCC-QR-Type-CodeSystem-divoc\"> </a>  <a href=\"CodeSystem-DDCC-QR-Type-CodeSystem.html#DDCC-QR-Type-CodeSystem-divoc\">divoc</a></td><td>DIVOC</td></tr></table></div>"
      },
      "url" : "http://worldhealthorganization.github.io/ddcc/ValueSet/DDCC-QR-Type-ValueSet",
      "version" : "1.0.0",
      "name" : "DDCC_QR_Type_ValueSet",
      "title" : "DDCC QR Type Codes",
      "status" : "active",
      "date" : "2022-03-22T20:54:15+00:00",
      "publisher" : "WHO",
      "contact" : [{
        "name" : "WHO",
        "telecom" : [{
          "system" : "url",
          "value" : "http://who.int"
        }]
      }],
      "description" : "Type of QR codes by their business usage",
      "jurisdiction" : [{
        "coding" : [{
          "system" : "http://unstats.un.org/unsd/methods/m49/m49.htm",
          "code" : "001"
        }]
      }],
      "expansion" : {
        "identifier" : "urn:uuid:b0b631a6-ab6f-4463-8c74-21ca6b2d0626",
        "timestamp" : "2022-03-22T20:55:36+00:00",
        "total" : 6,
        "parameter" : [{
          "name" : "excludeNested",
          "valueBoolean" : false
        },
        {
          "name" : "version",
          "valueUri" : "http://worldhealthorganization.github.io/ddcc/CodeSystem/DDCC-QR-Type-CodeSystem|1.0.0"
        }],
        "contains" : [{
          "system" : "http://worldhealthorganization.github.io/ddcc/CodeSystem/DDCC-QR-Type-CodeSystem",
          "code" : "who",
          "display" : "WHO DDCC"
        },
        {
          "system" : "http://worldhealthorganization.github.io/ddcc/CodeSystem/DDCC-QR-Type-CodeSystem",
          "code" : "dcc",
          "display" : "EU DCC"
        },
        {
          "system" : "http://worldhealthorganization.github.io/ddcc/CodeSystem/DDCC-QR-Type-CodeSystem",
          "code" : "icao",
          "display" : "ICAO"
        },
        {
          "system" : "http://worldhealthorganization.github.io/ddcc/CodeSystem/DDCC-QR-Type-CodeSystem",
          "code" : "au",
          "display" : "AU"
        },
        {
          "system" : "http://worldhealthorganization.github.io/ddcc/CodeSystem/DDCC-QR-Type-CodeSystem",
          "code" : "shc",
          "display" : "SMART Health Card"
        },
        {
          "system" : "http://worldhealthorganization.github.io/ddcc/CodeSystem/DDCC-QR-Type-CodeSystem",
          "code" : "divoc",
          "display" : "DIVOC"
        }]
      }
    }
  }]
}