{
  "resourceType" : "Bundle",
  "id" : "7e61b6a6-076c-47f7-bfdf-93ee816bd9ab",
  "meta" : {
    "lastUpdated" : "2022-09-27T20:30:57.974+00:00"
  },
  "type" : "collection",
  "entry" : [{
    "fullUrl" : "http://worldhealthorganization.github.io/ddcc/ValueSet/DDCC-Composition-Category-ValueSet",
    "resource" : {
      "resourceType" : "ValueSet",
      "id" : "DDCC-Composition-Category-ValueSet",
      "text" : {
        "status" : "generated",
        "div" : "<div xmlns=\"http://www.w3.org/1999/xhtml\"><p>This value set contains 2 concepts</p><p style=\"border: black 1px dotted; background-color: #EEEEEE; padding: 8px; margin-bottom: 8px\">Expansion based on <a href=\"CodeSystem-DDCC-Composition-Category-CodeSystem.html\">DDCC Composition Category Codes v1.0.0 (CodeSystem)</a></p><table class=\"codes\"><tr><td style=\"white-space:nowrap\"><b>Code</b></td><td><b>System</b></td><td><b>Display</b></td></tr><tr><td style=\"white-space:nowrap\"><a name=\"http---worldhealthorganization.github.io-ddcc-CodeSystem-DDCC-Composition-Category-CodeSystem-ddcc-vs\"> </a>  <a href=\"CodeSystem-DDCC-Composition-Category-CodeSystem.html#DDCC-Composition-Category-CodeSystem-ddcc-vs\">ddcc-vs</a></td><td>http://worldhealthorganization.github.io/ddcc/CodeSystem/DDCC-Composition-Category-CodeSystem</td><td>DDCC:VS</td></tr><tr><td style=\"white-space:nowrap\"><a name=\"http---worldhealthorganization.github.io-ddcc-CodeSystem-DDCC-Composition-Category-CodeSystem-ddcc-tr\"> </a>  <a href=\"CodeSystem-DDCC-Composition-Category-CodeSystem.html#DDCC-Composition-Category-CodeSystem-ddcc-tr\">ddcc-tr</a></td><td>http://worldhealthorganization.github.io/ddcc/CodeSystem/DDCC-Composition-Category-CodeSystem</td><td>DDCC:TR</td></tr></table></div>"
      },
      "url" : "http://worldhealthorganization.github.io/ddcc/ValueSet/DDCC-Composition-Category-ValueSet",
      "version" : "1.0.0",
      "name" : "DDCC_Composition_Category_ValueSet",
      "title" : "DDCC Composition Category Codes",
      "status" : "active",
      "date" : "2022-09-27T20:30:57+00:00",
      "publisher" : "WHO",
      "contact" : [{
        "name" : "WHO",
        "telecom" : [{
          "system" : "url",
          "value" : "http://who.int"
        }]
      }],
      "description" : "Categorization of DDCC Composition",
      "jurisdiction" : [{
        "coding" : [{
          "system" : "http://unstats.un.org/unsd/methods/m49/m49.htm",
          "code" : "001"
        }]
      }],
      "expansion" : {
        "identifier" : "urn:uuid:9fdde9ed-42b8-454d-a44e-3473197bf7ed",
        "timestamp" : "2022-09-27T20:32:47+00:00",
        "total" : 2,
        "parameter" : [{
          "name" : "excludeNested",
          "valueBoolean" : false
        },
        {
          "name" : "version",
          "valueUri" : "http://worldhealthorganization.github.io/ddcc/CodeSystem/DDCC-Composition-Category-CodeSystem|1.0.0"
        }],
        "contains" : [{
          "system" : "http://worldhealthorganization.github.io/ddcc/CodeSystem/DDCC-Composition-Category-CodeSystem",
          "code" : "ddcc-vs",
          "display" : "DDCC:VS"
        },
        {
          "system" : "http://worldhealthorganization.github.io/ddcc/CodeSystem/DDCC-Composition-Category-CodeSystem",
          "code" : "ddcc-tr",
          "display" : "DDCC:TR"
        }]
      }
    }
  },
  {
    "fullUrl" : "http://worldhealthorganization.github.io/ddcc/ValueSet/DDCC-Device-Property-ValueSet",
    "resource" : {
      "resourceType" : "ValueSet",
      "id" : "DDCC-Device-Property-ValueSet",
      "text" : {
        "status" : "generated",
        "div" : "<div xmlns=\"http://www.w3.org/1999/xhtml\"><p>This value set contains 2 concepts</p><p style=\"border: black 1px dotted; background-color: #EEEEEE; padding: 8px; margin-bottom: 8px\">Expansion based on <a href=\"CodeSystem-DDCC-Device-Property-CodeSystem.html\">DDCC Device Property Codes v1.0.0 (CodeSystem)</a></p><table class=\"codes\"><tr><td style=\"white-space:nowrap\"><b>Code</b></td><td><b>System</b></td><td><b>Display</b></td></tr><tr><td style=\"white-space:nowrap\"><a name=\"http---worldhealthorganization.github.io-ddcc-CodeSystem-DDCC-Device-Property-CodeSystem-pathogen\"> </a>  <a href=\"CodeSystem-DDCC-Device-Property-CodeSystem.html#DDCC-Device-Property-CodeSystem-pathogen\">pathogen</a></td><td>http://worldhealthorganization.github.io/ddcc/CodeSystem/DDCC-Device-Property-CodeSystem</td><td>Pathogen Targeted</td></tr><tr><td style=\"white-space:nowrap\"><a name=\"http---worldhealthorganization.github.io-ddcc-CodeSystem-DDCC-Device-Property-CodeSystem-brand\"> </a>  <a href=\"CodeSystem-DDCC-Device-Property-CodeSystem.html#DDCC-Device-Property-CodeSystem-brand\">brand</a></td><td>http://worldhealthorganization.github.io/ddcc/CodeSystem/DDCC-Device-Property-CodeSystem</td><td>Test Brand</td></tr></table></div>"
      },
      "url" : "http://worldhealthorganization.github.io/ddcc/ValueSet/DDCC-Device-Property-ValueSet",
      "version" : "1.0.0",
      "name" : "DDCC_Device_Property_ValueSet",
      "title" : "DDCC Device Property Codes",
      "status" : "active",
      "date" : "2022-09-27T20:30:57+00:00",
      "publisher" : "WHO",
      "contact" : [{
        "name" : "WHO",
        "telecom" : [{
          "system" : "url",
          "value" : "http://who.int"
        }]
      }],
      "description" : "Properties of DDCC devices",
      "jurisdiction" : [{
        "coding" : [{
          "system" : "http://unstats.un.org/unsd/methods/m49/m49.htm",
          "code" : "001"
        }]
      }],
      "expansion" : {
        "identifier" : "urn:uuid:6630f830-a719-4732-8bcc-c87ec3b2332b",
        "timestamp" : "2022-09-27T20:32:47+00:00",
        "total" : 2,
        "parameter" : [{
          "name" : "excludeNested",
          "valueBoolean" : false
        },
        {
          "name" : "version",
          "valueUri" : "http://worldhealthorganization.github.io/ddcc/CodeSystem/DDCC-Device-Property-CodeSystem|1.0.0"
        }],
        "contains" : [{
          "system" : "http://worldhealthorganization.github.io/ddcc/CodeSystem/DDCC-Device-Property-CodeSystem",
          "code" : "pathogen",
          "display" : "Pathogen Targeted"
        },
        {
          "system" : "http://worldhealthorganization.github.io/ddcc/CodeSystem/DDCC-Device-Property-CodeSystem",
          "code" : "brand",
          "display" : "Test Brand"
        }]
      }
    }
  },
  {
    "fullUrl" : "http://worldhealthorganization.github.io/ddcc/ValueSet/DDCC-Folder-DesignationType",
    "resource" : {
      "resourceType" : "ValueSet",
      "id" : "DDCC-Folder-DesignationType",
      "text" : {
        "status" : "generated",
        "div" : "<div xmlns=\"http://www.w3.org/1999/xhtml\"><p>This value set contains 1 concepts</p><p style=\"border: black 1px dotted; background-color: #EEEEEE; padding: 8px; margin-bottom: 8px\">Expansion based on <a href=\"CodeSystem-DDCC-Folder-DesignationType.html\">DDCC Designation Types for Folder v1.0.0 (CodeSystem)</a></p><table class=\"codes\"><tr><td style=\"white-space:nowrap\"><b>Code</b></td><td><b>System</b></td><td><b>Display</b></td></tr><tr><td style=\"white-space:nowrap\"><a name=\"http---worldhealthorganization.github.io-ddcc-CodeSystem-DDCC-Folder-DesignationType-ddcc\"> </a>  <a href=\"CodeSystem-DDCC-Folder-DesignationType.html#DDCC-Folder-DesignationType-ddcc\">ddcc</a></td><td>http://worldhealthorganization.github.io/ddcc/CodeSystem/DDCC-Folder-DesignationType</td><td>DDCC</td></tr></table></div>"
      },
      "url" : "http://worldhealthorganization.github.io/ddcc/ValueSet/DDCC-Folder-DesignationType",
      "version" : "1.0.0",
      "name" : "DDCC_Folder_DesignationType_ValueSet",
      "title" : "DDCC DesignationTypes for Folder",
      "status" : "active",
      "date" : "2022-09-27T20:30:57+00:00",
      "publisher" : "WHO",
      "contact" : [{
        "name" : "WHO",
        "telecom" : [{
          "system" : "url",
          "value" : "http://who.int"
        }]
      }],
      "description" : "DDCC Designation Types ValueSet for DDCC Folders.",
      "jurisdiction" : [{
        "coding" : [{
          "system" : "http://unstats.un.org/unsd/methods/m49/m49.htm",
          "code" : "001"
        }]
      }],
      "expansion" : {
        "identifier" : "urn:uuid:1ae60851-52d9-44f5-a1bc-4571dced708a",
        "timestamp" : "2022-09-27T20:32:47+00:00",
        "total" : 1,
        "parameter" : [{
          "name" : "excludeNested",
          "valueBoolean" : false
        },
        {
          "name" : "version",
          "valueUri" : "http://worldhealthorganization.github.io/ddcc/CodeSystem/DDCC-Folder-DesignationType|1.0.0"
        }],
        "contains" : [{
          "system" : "http://worldhealthorganization.github.io/ddcc/CodeSystem/DDCC-Folder-DesignationType",
          "code" : "ddcc",
          "display" : "DDCC"
        }]
      }
    }
  },
  {
    "fullUrl" : "http://worldhealthorganization.github.io/ddcc/ValueSet/DDCC-QR-Format-ValueSet",
    "resource" : {
      "resourceType" : "ValueSet",
      "id" : "DDCC-QR-Format-ValueSet",
      "text" : {
        "status" : "generated",
        "div" : "<div xmlns=\"http://www.w3.org/1999/xhtml\"><p>This value set contains 3 concepts</p><p style=\"border: black 1px dotted; background-color: #EEEEEE; padding: 8px; margin-bottom: 8px\">Expansion based on <a href=\"CodeSystem-DDCC-QR-Format-CodeSystem.html\">DDCC QR Format Codes v1.0.0 (CodeSystem)</a></p><table class=\"codes\"><tr><td style=\"white-space:nowrap\"><b>Code</b></td><td><b>System</b></td><td><b>Display</b></td></tr><tr><td style=\"white-space:nowrap\"><a name=\"http---worldhealthorganization.github.io-ddcc-CodeSystem-DDCC-QR-Format-CodeSystem-image\"> </a>  <a href=\"CodeSystem-DDCC-QR-Format-CodeSystem.html#DDCC-QR-Format-CodeSystem-image\">image</a></td><td>http://worldhealthorganization.github.io/ddcc/CodeSystem/DDCC-QR-Format-CodeSystem</td><td>Image</td></tr><tr><td style=\"white-space:nowrap\"><a name=\"http---worldhealthorganization.github.io-ddcc-CodeSystem-DDCC-QR-Format-CodeSystem-serialized\"> </a>  <a href=\"CodeSystem-DDCC-QR-Format-CodeSystem.html#DDCC-QR-Format-CodeSystem-serialized\">serialized</a></td><td>http://worldhealthorganization.github.io/ddcc/CodeSystem/DDCC-QR-Format-CodeSystem</td><td>Serialized QR Content</td></tr><tr><td style=\"white-space:nowrap\"><a name=\"http---worldhealthorganization.github.io-ddcc-CodeSystem-DDCC-QR-Format-CodeSystem-pdf\"> </a>  <a href=\"CodeSystem-DDCC-QR-Format-CodeSystem.html#DDCC-QR-Format-CodeSystem-pdf\">pdf</a></td><td>http://worldhealthorganization.github.io/ddcc/CodeSystem/DDCC-QR-Format-CodeSystem</td><td>PDF version of the QR image</td></tr></table></div>"
      },
      "url" : "http://worldhealthorganization.github.io/ddcc/ValueSet/DDCC-QR-Format-ValueSet",
      "version" : "1.0.0",
      "name" : "DDCC_QR_Format_ValueSet",
      "title" : "DDCC QR Format Codes",
      "status" : "active",
      "date" : "2022-09-27T20:30:57+00:00",
      "publisher" : "WHO",
      "contact" : [{
        "name" : "WHO",
        "telecom" : [{
          "system" : "url",
          "value" : "http://who.int"
        }]
      }],
      "description" : "Format of the representation of QR code",
      "jurisdiction" : [{
        "coding" : [{
          "system" : "http://unstats.un.org/unsd/methods/m49/m49.htm",
          "code" : "001"
        }]
      }],
      "expansion" : {
        "identifier" : "urn:uuid:b02e8f2a-fc37-4fa0-8c5c-2e1a49feca83",
        "timestamp" : "2022-09-27T20:32:47+00:00",
        "total" : 3,
        "parameter" : [{
          "name" : "excludeNested",
          "valueBoolean" : false
        },
        {
          "name" : "version",
          "valueUri" : "http://worldhealthorganization.github.io/ddcc/CodeSystem/DDCC-QR-Format-CodeSystem|1.0.0"
        }],
        "contains" : [{
          "system" : "http://worldhealthorganization.github.io/ddcc/CodeSystem/DDCC-QR-Format-CodeSystem",
          "code" : "image",
          "display" : "Image"
        },
        {
          "system" : "http://worldhealthorganization.github.io/ddcc/CodeSystem/DDCC-QR-Format-CodeSystem",
          "code" : "serialized",
          "display" : "Serialized QR Content"
        },
        {
          "system" : "http://worldhealthorganization.github.io/ddcc/CodeSystem/DDCC-QR-Format-CodeSystem",
          "code" : "pdf",
          "display" : "PDF version of the QR image"
        }]
      }
    }
  },
  {
    "fullUrl" : "http://worldhealthorganization.github.io/ddcc/ValueSet/DDCC-QR-Type-ValueSet",
    "resource" : {
      "resourceType" : "ValueSet",
      "id" : "DDCC-QR-Type-ValueSet",
      "text" : {
        "status" : "generated",
        "div" : "<div xmlns=\"http://www.w3.org/1999/xhtml\"><p>This value set contains 6 concepts</p><p style=\"border: black 1px dotted; background-color: #EEEEEE; padding: 8px; margin-bottom: 8px\">Expansion based on <a href=\"CodeSystem-DDCC-QR-Type-CodeSystem.html\">DDCC QR Category Usage Codes v1.0.0 (CodeSystem)</a></p><table class=\"codes\"><tr><td style=\"white-space:nowrap\"><b>Code</b></td><td><b>System</b></td><td><b>Display</b></td></tr><tr><td style=\"white-space:nowrap\"><a name=\"http---worldhealthorganization.github.io-ddcc-CodeSystem-DDCC-QR-Type-CodeSystem-who\"> </a>  <a href=\"CodeSystem-DDCC-QR-Type-CodeSystem.html#DDCC-QR-Type-CodeSystem-who\">who</a></td><td>http://worldhealthorganization.github.io/ddcc/CodeSystem/DDCC-QR-Type-CodeSystem</td><td>WHO DDCC</td></tr><tr><td style=\"white-space:nowrap\"><a name=\"http---worldhealthorganization.github.io-ddcc-CodeSystem-DDCC-QR-Type-CodeSystem-dcc\"> </a>  <a href=\"CodeSystem-DDCC-QR-Type-CodeSystem.html#DDCC-QR-Type-CodeSystem-dcc\">dcc</a></td><td>http://worldhealthorganization.github.io/ddcc/CodeSystem/DDCC-QR-Type-CodeSystem</td><td>EU DCC</td></tr><tr><td style=\"white-space:nowrap\"><a name=\"http---worldhealthorganization.github.io-ddcc-CodeSystem-DDCC-QR-Type-CodeSystem-icao\"> </a>  <a href=\"CodeSystem-DDCC-QR-Type-CodeSystem.html#DDCC-QR-Type-CodeSystem-icao\">icao</a></td><td>http://worldhealthorganization.github.io/ddcc/CodeSystem/DDCC-QR-Type-CodeSystem</td><td>ICAO</td></tr><tr><td style=\"white-space:nowrap\"><a name=\"http---worldhealthorganization.github.io-ddcc-CodeSystem-DDCC-QR-Type-CodeSystem-au\"> </a>  <a href=\"CodeSystem-DDCC-QR-Type-CodeSystem.html#DDCC-QR-Type-CodeSystem-au\">au</a></td><td>http://worldhealthorganization.github.io/ddcc/CodeSystem/DDCC-QR-Type-CodeSystem</td><td>AU</td></tr><tr><td style=\"white-space:nowrap\"><a name=\"http---worldhealthorganization.github.io-ddcc-CodeSystem-DDCC-QR-Type-CodeSystem-shc\"> </a>  <a href=\"CodeSystem-DDCC-QR-Type-CodeSystem.html#DDCC-QR-Type-CodeSystem-shc\">shc</a></td><td>http://worldhealthorganization.github.io/ddcc/CodeSystem/DDCC-QR-Type-CodeSystem</td><td>SMART Health Card</td></tr><tr><td style=\"white-space:nowrap\"><a name=\"http---worldhealthorganization.github.io-ddcc-CodeSystem-DDCC-QR-Type-CodeSystem-divoc\"> </a>  <a href=\"CodeSystem-DDCC-QR-Type-CodeSystem.html#DDCC-QR-Type-CodeSystem-divoc\">divoc</a></td><td>http://worldhealthorganization.github.io/ddcc/CodeSystem/DDCC-QR-Type-CodeSystem</td><td>DIVOC</td></tr></table></div>"
      },
      "url" : "http://worldhealthorganization.github.io/ddcc/ValueSet/DDCC-QR-Type-ValueSet",
      "version" : "1.0.0",
      "name" : "DDCC_QR_Type_ValueSet",
      "title" : "DDCC QR Type Codes",
      "status" : "active",
      "date" : "2022-09-27T20:30:57+00:00",
      "publisher" : "WHO",
      "contact" : [{
        "name" : "WHO",
        "telecom" : [{
          "system" : "url",
          "value" : "http://who.int"
        }]
      }],
      "description" : "Type of QR codes by their business usage",
      "jurisdiction" : [{
        "coding" : [{
          "system" : "http://unstats.un.org/unsd/methods/m49/m49.htm",
          "code" : "001"
        }]
      }],
      "expansion" : {
        "identifier" : "urn:uuid:5a3e6f0f-0f6d-481b-bd93-655cd9dc40bd",
        "timestamp" : "2022-09-27T20:32:47+00:00",
        "total" : 6,
        "parameter" : [{
          "name" : "excludeNested",
          "valueBoolean" : false
        },
        {
          "name" : "version",
          "valueUri" : "http://worldhealthorganization.github.io/ddcc/CodeSystem/DDCC-QR-Type-CodeSystem|1.0.0"
        }],
        "contains" : [{
          "system" : "http://worldhealthorganization.github.io/ddcc/CodeSystem/DDCC-QR-Type-CodeSystem",
          "code" : "who",
          "display" : "WHO DDCC"
        },
        {
          "system" : "http://worldhealthorganization.github.io/ddcc/CodeSystem/DDCC-QR-Type-CodeSystem",
          "code" : "dcc",
          "display" : "EU DCC"
        },
        {
          "system" : "http://worldhealthorganization.github.io/ddcc/CodeSystem/DDCC-QR-Type-CodeSystem",
          "code" : "icao",
          "display" : "ICAO"
        },
        {
          "system" : "http://worldhealthorganization.github.io/ddcc/CodeSystem/DDCC-QR-Type-CodeSystem",
          "code" : "au",
          "display" : "AU"
        },
        {
          "system" : "http://worldhealthorganization.github.io/ddcc/CodeSystem/DDCC-QR-Type-CodeSystem",
          "code" : "shc",
          "display" : "SMART Health Card"
        },
        {
          "system" : "http://worldhealthorganization.github.io/ddcc/CodeSystem/DDCC-QR-Type-CodeSystem",
          "code" : "divoc",
          "display" : "DIVOC"
        }]
      }
    }
  },
  {
    "fullUrl" : "http://worldhealthorganization.github.io/ddcc/ValueSet/who-ddcc-agent-targeted-covid-19",
    "resource" : {
      "resourceType" : "ValueSet",
      "id" : "who-ddcc-agent-targeted-covid-19",
      "text" : {
        "status" : "generated",
        "div" : "<div xmlns=\"http://www.w3.org/1999/xhtml\"><p>This value set contains 14 concepts</p><p style=\"border: black 1px dotted; background-color: #EEEEEE; padding: 8px; margin-bottom: 8px\">Expansion based on <a href=\"CodeSystem-DDCC-ICD11-CodeSystem.html\">DDCC Codes for ICD11 v1.0.0 (CodeSystem)</a></p><table class=\"codes\"><tr><td style=\"white-space:nowrap\"><b>Code</b></td><td><b>System</b></td><td><b>Display</b></td></tr><tr><td style=\"white-space:nowrap\"><a name=\"http---id.who.int-icd11-mms-XN109\"> </a>  <a href=\"CodeSystem-DDCC-ICD11-CodeSystem.html#DDCC-ICD11-CodeSystem-XN109\">XN109</a></td><td>http://id.who.int/icd11/mms</td><td>SARS-CoV-2</td></tr><tr><td style=\"white-space:nowrap\"><a name=\"http---id.who.int-icd11-mms-XN0HL\"> </a>  <a href=\"CodeSystem-DDCC-ICD11-CodeSystem.html#DDCC-ICD11-CodeSystem-XN0HL\">XN0HL</a></td><td>http://id.who.int/icd11/mms</td><td>SARS-CoV-2 Alpha</td></tr><tr><td style=\"white-space:nowrap\"><a name=\"http---id.who.int-icd11-mms-XN4Q7\"> </a>  <a href=\"CodeSystem-DDCC-ICD11-CodeSystem.html#DDCC-ICD11-CodeSystem-XN4Q7\">XN4Q7</a></td><td>http://id.who.int/icd11/mms</td><td>SARS-CoV-2 Beta</td></tr><tr><td style=\"white-space:nowrap\"><a name=\"http---id.who.int-icd11-mms-XN5BQ\"> </a>  <a href=\"CodeSystem-DDCC-ICD11-CodeSystem.html#DDCC-ICD11-CodeSystem-XN5BQ\">XN5BQ</a></td><td>http://id.who.int/icd11/mms</td><td>SARS-CoV-2 Gamma</td></tr><tr><td style=\"white-space:nowrap\"><a name=\"http---id.who.int-icd11-mms-XN8V6\"> </a>  <a href=\"CodeSystem-DDCC-ICD11-CodeSystem.html#DDCC-ICD11-CodeSystem-XN8V6\">XN8V6</a></td><td>http://id.who.int/icd11/mms</td><td>SARS-CoV-2 Delta</td></tr><tr><td style=\"white-space:nowrap\"><a name=\"http---id.who.int-icd11-mms-XN1GK\"> </a>  <a href=\"CodeSystem-DDCC-ICD11-CodeSystem.html#DDCC-ICD11-CodeSystem-XN1GK\">XN1GK</a></td><td>http://id.who.int/icd11/mms</td><td>SARS-CoV-2 Epsilon</td></tr><tr><td style=\"white-space:nowrap\"><a name=\"http---id.who.int-icd11-mms-XN3ZE\"> </a>  <a href=\"CodeSystem-DDCC-ICD11-CodeSystem.html#DDCC-ICD11-CodeSystem-XN3ZE\">XN3ZE</a></td><td>http://id.who.int/icd11/mms</td><td>SARS-CoV-2 Zeta</td></tr><tr><td style=\"white-space:nowrap\"><a name=\"http---id.who.int-icd11-mms-XN2V4\"> </a>  <a href=\"CodeSystem-DDCC-ICD11-CodeSystem.html#DDCC-ICD11-CodeSystem-XN2V4\">XN2V4</a></td><td>http://id.who.int/icd11/mms</td><td>SARS-CoV-2 Eta</td></tr><tr><td style=\"white-space:nowrap\"><a name=\"http---id.who.int-icd11-mms-XN4Q1\"> </a>  <a href=\"CodeSystem-DDCC-ICD11-CodeSystem.html#DDCC-ICD11-CodeSystem-XN4Q1\">XN4Q1</a></td><td>http://id.who.int/icd11/mms</td><td>SARS-CoV-2 Theta</td></tr><tr><td style=\"white-space:nowrap\"><a name=\"http---id.who.int-icd11-mms-XN3UD\"> </a>  <a href=\"CodeSystem-DDCC-ICD11-CodeSystem.html#DDCC-ICD11-CodeSystem-XN3UD\">XN3UD</a></td><td>http://id.who.int/icd11/mms</td><td>SARS-CoV-2 Iota</td></tr><tr><td style=\"white-space:nowrap\"><a name=\"http---id.who.int-icd11-mms-XN9L8\"> </a>  <a href=\"CodeSystem-DDCC-ICD11-CodeSystem.html#DDCC-ICD11-CodeSystem-XN9L8\">XN9L8</a></td><td>http://id.who.int/icd11/mms</td><td>SARS-CoV-2 Kappa</td></tr><tr><td style=\"white-space:nowrap\"><a name=\"http---id.who.int-icd11-mms-XN6AM\"> </a>  <a href=\"CodeSystem-DDCC-ICD11-CodeSystem.html#DDCC-ICD11-CodeSystem-XN6AM\">XN6AM</a></td><td>http://id.who.int/icd11/mms</td><td>SARS-CoV-2 Lambda</td></tr><tr><td style=\"white-space:nowrap\"><a name=\"http---id.who.int-icd11-mms-XN39J\"> </a>  <a href=\"CodeSystem-DDCC-ICD11-CodeSystem.html#DDCC-ICD11-CodeSystem-XN39J\">XN39J</a></td><td>http://id.who.int/icd11/mms</td><td>SARS-CoV-2 Mu</td></tr><tr><td style=\"white-space:nowrap\"><a name=\"http---id.who.int-icd11-mms-XN161\"> </a>  <a href=\"CodeSystem-DDCC-ICD11-CodeSystem.html#DDCC-ICD11-CodeSystem-XN161\">XN161</a></td><td>http://id.who.int/icd11/mms</td><td>SARS-CoV-2 Omicron</td></tr></table></div>"
      },
      "url" : "http://worldhealthorganization.github.io/ddcc/ValueSet/who-ddcc-agent-targeted-covid-19",
      "version" : "1.0.0",
      "name" : "WHO_DDCC_Agent_Targeted_COVID_19",
      "title" : "WHO Agent Targeted (COVID-19)",
      "status" : "draft",
      "date" : "2022-09-27T20:30:57+00:00",
      "publisher" : "WHO",
      "contact" : [{
        "name" : "WHO",
        "telecom" : [{
          "system" : "url",
          "value" : "http://who.int"
        }]
      }],
      "description" : "WHO Agent Targeted List (COVID-19) from [ICD 11](https://icd.who.int/browse11)",
      "jurisdiction" : [{
        "coding" : [{
          "system" : "http://unstats.un.org/unsd/methods/m49/m49.htm",
          "code" : "001"
        }]
      }],
      "expansion" : {
        "identifier" : "urn:uuid:040c1c18-0366-4180-8853-ea1d590f1d35",
        "timestamp" : "2022-09-27T20:32:47+00:00",
        "total" : 14,
        "parameter" : [{
          "name" : "excludeNested",
          "valueBoolean" : false
        },
        {
          "name" : "version",
          "valueUri" : "http://id.who.int/icd11/mms|1.0.0"
        }],
        "contains" : [{
          "system" : "http://id.who.int/icd11/mms",
          "code" : "XN109",
          "display" : "SARS-CoV-2"
        },
        {
          "system" : "http://id.who.int/icd11/mms",
          "code" : "XN0HL",
          "display" : "SARS-CoV-2 Alpha"
        },
        {
          "system" : "http://id.who.int/icd11/mms",
          "code" : "XN4Q7",
          "display" : "SARS-CoV-2 Beta"
        },
        {
          "system" : "http://id.who.int/icd11/mms",
          "code" : "XN5BQ",
          "display" : "SARS-CoV-2 Gamma"
        },
        {
          "system" : "http://id.who.int/icd11/mms",
          "code" : "XN8V6",
          "display" : "SARS-CoV-2 Delta"
        },
        {
          "system" : "http://id.who.int/icd11/mms",
          "code" : "XN1GK",
          "display" : "SARS-CoV-2 Epsilon"
        },
        {
          "system" : "http://id.who.int/icd11/mms",
          "code" : "XN3ZE",
          "display" : "SARS-CoV-2 Zeta"
        },
        {
          "system" : "http://id.who.int/icd11/mms",
          "code" : "XN2V4",
          "display" : "SARS-CoV-2 Eta"
        },
        {
          "system" : "http://id.who.int/icd11/mms",
          "code" : "XN4Q1",
          "display" : "SARS-CoV-2 Theta"
        },
        {
          "system" : "http://id.who.int/icd11/mms",
          "code" : "XN3UD",
          "display" : "SARS-CoV-2 Iota"
        },
        {
          "system" : "http://id.who.int/icd11/mms",
          "code" : "XN9L8",
          "display" : "SARS-CoV-2 Kappa"
        },
        {
          "system" : "http://id.who.int/icd11/mms",
          "code" : "XN6AM",
          "display" : "SARS-CoV-2 Lambda"
        },
        {
          "system" : "http://id.who.int/icd11/mms",
          "code" : "XN39J",
          "display" : "SARS-CoV-2 Mu"
        },
        {
          "system" : "http://id.who.int/icd11/mms",
          "code" : "XN161",
          "display" : "SARS-CoV-2 Omicron"
        }]
      }
    }
  },
  {
    "fullUrl" : "http://worldhealthorganization.github.io/ddcc/ValueSet/who-ddcc-allowed-vaccines-covid-19",
    "resource" : {
      "resourceType" : "ValueSet",
      "id" : "who-ddcc-allowed-vaccines-covid-19",
      "text" : {
        "status" : "generated",
        "div" : "<div xmlns=\"http://www.w3.org/1999/xhtml\"><p>This value set contains 32 concepts</p><div style=\"border: black 1px dotted; background-color: #EEEEEE; padding: 8px; margin-bottom: 8px\"><p>Expansion based on: </p><ul><li><a href=\"CodeSystem-DDCC-ICD11-CodeSystem.html\">DDCC Codes for ICD11 v1.0.0 (CodeSystem)</a></li><li><a href=\"ValueSet-who-ddcc-vaccines-covid-19.html\">WHO Vaccine List (COVID-19) v1.0.0 (ValueSet)</a></li><li>http://hl7.org/fhir/sid/cvx version 20210406</li></ul></div><table class=\"codes\"><tr><td style=\"white-space:nowrap\"><b>Code</b></td><td><b>System</b></td><td><b>Display</b></td></tr><tr><td style=\"white-space:nowrap\"><a name=\"http---id.who.int-icd11-mms-XM68M6\"> </a>  <a href=\"CodeSystem-DDCC-ICD11-CodeSystem.html#DDCC-ICD11-CodeSystem-XM68M6\">XM68M6</a></td><td>http://id.who.int/icd11/mms</td><td>COVID-19 vaccine</td></tr><tr><td style=\"white-space:nowrap\"><a name=\"http---id.who.int-icd11-mms-XM1NL1\"> </a>  <a href=\"CodeSystem-DDCC-ICD11-CodeSystem.html#DDCC-ICD11-CodeSystem-XM1NL1\">XM1NL1</a></td><td>http://id.who.int/icd11/mms</td><td>COVID-19 vaccine, inactivated virus</td></tr><tr><td style=\"white-space:nowrap\"><a name=\"http---id.who.int-icd11-mms-XM7HT3\"> </a>  <a href=\"CodeSystem-DDCC-ICD11-CodeSystem.html#DDCC-ICD11-CodeSystem-XM7HT3\">XM7HT3</a></td><td>http://id.who.int/icd11/mms</td><td>CoronaVac®</td></tr><tr><td style=\"white-space:nowrap\"><a name=\"http---id.who.int-icd11-mms-XM8866\"> </a>  <a href=\"CodeSystem-DDCC-ICD11-CodeSystem.html#DDCC-ICD11-CodeSystem-XM8866\">XM8866</a></td><td>http://id.who.int/icd11/mms</td><td>BBIBP-CorV</td></tr><tr><td style=\"white-space:nowrap\"><a name=\"http---id.who.int-icd11-mms-XM9TQ1\"> </a>  <a href=\"CodeSystem-DDCC-ICD11-CodeSystem.html#DDCC-ICD11-CodeSystem-XM9TQ1\">XM9TQ1</a></td><td>http://id.who.int/icd11/mms</td><td>KCONVAC</td></tr><tr><td style=\"white-space:nowrap\"><a name=\"http---id.who.int-icd11-mms-XM1G90\"> </a>  <a href=\"CodeSystem-DDCC-ICD11-CodeSystem.html#DDCC-ICD11-CodeSystem-XM1G90\">XM1G90</a></td><td>http://id.who.int/icd11/mms</td><td>Covaxin</td></tr><tr><td style=\"white-space:nowrap\"><a name=\"http---id.who.int-icd11-mms-XM85P5\"> </a>  <a href=\"CodeSystem-DDCC-ICD11-CodeSystem.html#DDCC-ICD11-CodeSystem-XM85P5\">XM85P5</a></td><td>http://id.who.int/icd11/mms</td><td>Covi-Vac</td></tr><tr><td style=\"white-space:nowrap\"><a name=\"http---id.who.int-icd11-mms-XM9FQ7\"> </a>  <a href=\"CodeSystem-DDCC-ICD11-CodeSystem.html#DDCC-ICD11-CodeSystem-XM9FQ7\">XM9FQ7</a></td><td>http://id.who.int/icd11/mms</td><td>Hayat-Vax</td></tr><tr><td style=\"white-space:nowrap\"><a name=\"http---id.who.int-icd11-mms-XM97N6\"> </a>  <a href=\"CodeSystem-DDCC-ICD11-CodeSystem.html#DDCC-ICD11-CodeSystem-XM97N6\">XM97N6</a></td><td>http://id.who.int/icd11/mms</td><td>QazVac</td></tr><tr><td style=\"white-space:nowrap\"><a name=\"http---id.who.int-icd11-mms-XM2YG8\"> </a>  <a href=\"CodeSystem-DDCC-ICD11-CodeSystem.html#DDCC-ICD11-CodeSystem-XM2YG8\">XM2YG8</a></td><td>http://id.who.int/icd11/mms</td><td>COVIran Barakat</td></tr><tr><td style=\"white-space:nowrap\"><a name=\"http---id.who.int-icd11-mms-XM3U61\"> </a>  <a href=\"CodeSystem-DDCC-ICD11-CodeSystem.html#DDCC-ICD11-CodeSystem-XM3U61\">XM3U61</a></td><td>http://id.who.int/icd11/mms</td><td>Inactivated SARS-CoV-2 vaccine</td></tr><tr><td style=\"white-space:nowrap\"><a name=\"http---id.who.int-icd11-mms-XM5DF6\"> </a>  <a href=\"CodeSystem-DDCC-ICD11-CodeSystem.html#DDCC-ICD11-CodeSystem-XM5DF6\">XM5DF6</a></td><td>http://id.who.int/icd11/mms</td><td>COVID-19 vaccine, live attenuated virus</td></tr><tr><td style=\"white-space:nowrap\"><a name=\"http---id.who.int-icd11-mms-XM9QW8\"> </a>  <a href=\"CodeSystem-DDCC-ICD11-CodeSystem.html#DDCC-ICD11-CodeSystem-XM9QW8\">XM9QW8</a></td><td>http://id.who.int/icd11/mms</td><td>COVID-19 vaccine, non-replicating viral vector</td></tr><tr><td style=\"white-space:nowrap\"><a name=\"http---id.who.int-icd11-mms-XM4YL8\"> </a>  <a href=\"CodeSystem-DDCC-ICD11-CodeSystem.html#DDCC-ICD11-CodeSystem-XM4YL8\">XM4YL8</a></td><td>http://id.who.int/icd11/mms</td><td>COVID-19 Vaccine AstraZeneca</td></tr><tr><td style=\"white-space:nowrap\"><a name=\"http---id.who.int-icd11-mms-XM97T2\"> </a>  <a href=\"CodeSystem-DDCC-ICD11-CodeSystem.html#DDCC-ICD11-CodeSystem-XM97T2\">XM97T2</a></td><td>http://id.who.int/icd11/mms</td><td>Covishield®</td></tr><tr><td style=\"white-space:nowrap\"><a name=\"http---id.who.int-icd11-mms-XM6QV1\"> </a>  <a href=\"CodeSystem-DDCC-ICD11-CodeSystem.html#DDCC-ICD11-CodeSystem-XM6QV1\">XM6QV1</a></td><td>http://id.who.int/icd11/mms</td><td>COVID-19 Vaccine Janssen</td></tr><tr><td style=\"white-space:nowrap\"><a name=\"http---id.who.int-icd11-mms-XM1AG7\"> </a>  <a href=\"CodeSystem-DDCC-ICD11-CodeSystem.html#DDCC-ICD11-CodeSystem-XM1AG7\">XM1AG7</a></td><td>http://id.who.int/icd11/mms</td><td>Convidecia</td></tr><tr><td style=\"white-space:nowrap\"><a name=\"http---id.who.int-icd11-mms-XM5ZJ4\"> </a>  <a href=\"CodeSystem-DDCC-ICD11-CodeSystem.html#DDCC-ICD11-CodeSystem-XM5ZJ4\">XM5ZJ4</a></td><td>http://id.who.int/icd11/mms</td><td>Gam-Covid-Vac</td></tr><tr><td style=\"white-space:nowrap\"><a name=\"http---id.who.int-icd11-mms-XM5QM6\"> </a>  <a href=\"CodeSystem-DDCC-ICD11-CodeSystem.html#DDCC-ICD11-CodeSystem-XM5QM6\">XM5QM6</a></td><td>http://id.who.int/icd11/mms</td><td>Sputnik-Light</td></tr><tr><td style=\"white-space:nowrap\"><a name=\"http---id.who.int-icd11-mms-XM0CX4\"> </a>  <a href=\"CodeSystem-DDCC-ICD11-CodeSystem.html#DDCC-ICD11-CodeSystem-XM0CX4\">XM0CX4</a></td><td>http://id.who.int/icd11/mms</td><td>COVID-19 vaccine, replicating viral vector</td></tr><tr><td style=\"white-space:nowrap\"><a name=\"http---id.who.int-icd11-mms-XM5JC5\"> </a>  <a href=\"CodeSystem-DDCC-ICD11-CodeSystem.html#DDCC-ICD11-CodeSystem-XM5JC5\">XM5JC5</a></td><td>http://id.who.int/icd11/mms</td><td>COVID-19 vaccine, virus protein subunit</td></tr><tr><td style=\"white-space:nowrap\"><a name=\"http---id.who.int-icd11-mms-XM3CT4\"> </a>  <a href=\"CodeSystem-DDCC-ICD11-CodeSystem.html#DDCC-ICD11-CodeSystem-XM3CT4\">XM3CT4</a></td><td>http://id.who.int/icd11/mms</td><td>Recombinant SARS-CoV-2 vaccine</td></tr><tr><td style=\"white-space:nowrap\"><a name=\"http---id.who.int-icd11-mms-XM3PG0\"> </a>  <a href=\"CodeSystem-DDCC-ICD11-CodeSystem.html#DDCC-ICD11-CodeSystem-XM3PG0\">XM3PG0</a></td><td>http://id.who.int/icd11/mms</td><td>Soberana-02</td></tr><tr><td style=\"white-space:nowrap\"><a name=\"http---id.who.int-icd11-mms-XM4EC8\"> </a>  <a href=\"CodeSystem-DDCC-ICD11-CodeSystem.html#DDCC-ICD11-CodeSystem-XM4EC8\">XM4EC8</a></td><td>http://id.who.int/icd11/mms</td><td>MVC-COV1901</td></tr><tr><td style=\"white-space:nowrap\"><a name=\"http---id.who.int-icd11-mms-XM6SZ8\"> </a>  <a href=\"CodeSystem-DDCC-ICD11-CodeSystem.html#DDCC-ICD11-CodeSystem-XM6SZ8\">XM6SZ8</a></td><td>http://id.who.int/icd11/mms</td><td>EpiVacCorona</td></tr><tr><td style=\"white-space:nowrap\"><a name=\"http---id.who.int-icd11-mms-XM1J92\"> </a>  <a href=\"CodeSystem-DDCC-ICD11-CodeSystem.html#DDCC-ICD11-CodeSystem-XM1J92\">XM1J92</a></td><td>http://id.who.int/icd11/mms</td><td>COVID-19 vaccine, virus like particle (VLP)</td></tr><tr><td style=\"white-space:nowrap\"><a name=\"http---id.who.int-icd11-mms-XM6AT1\"> </a>  <a href=\"CodeSystem-DDCC-ICD11-CodeSystem.html#DDCC-ICD11-CodeSystem-XM6AT1\">XM6AT1</a></td><td>http://id.who.int/icd11/mms</td><td>COVID-19 vaccine, DNA based</td></tr><tr><td style=\"white-space:nowrap\"><a name=\"http---id.who.int-icd11-mms-XM52P3\"> </a>  <a href=\"CodeSystem-DDCC-ICD11-CodeSystem.html#DDCC-ICD11-CodeSystem-XM52P3\">XM52P3</a></td><td>http://id.who.int/icd11/mms</td><td>ZyCov-D</td></tr><tr><td style=\"white-space:nowrap\"><a name=\"http---id.who.int-icd11-mms-XM0GQ8\"> </a>  <a href=\"CodeSystem-DDCC-ICD11-CodeSystem.html#DDCC-ICD11-CodeSystem-XM0GQ8\">XM0GQ8</a></td><td>http://id.who.int/icd11/mms</td><td>COVID-19 vaccine, RNA based</td></tr><tr><td style=\"white-space:nowrap\"><a name=\"http---id.who.int-icd11-mms-XM8NQ0\"> </a>  <a href=\"CodeSystem-DDCC-ICD11-CodeSystem.html#DDCC-ICD11-CodeSystem-XM8NQ0\">XM8NQ0</a></td><td>http://id.who.int/icd11/mms</td><td>Comirnaty®</td></tr><tr><td style=\"white-space:nowrap\"><a name=\"http---id.who.int-icd11-mms-XM3DT5\"> </a>  <a href=\"CodeSystem-DDCC-ICD11-CodeSystem.html#DDCC-ICD11-CodeSystem-XM3DT5\">XM3DT5</a></td><td>http://id.who.int/icd11/mms</td><td>COVID-19 Vaccine Moderna</td></tr><tr><td style=\"white-space:nowrap\"><a name=\"http---hl7.org-fhir-sid-cvx-208\"> </a>  208</td><td>http://hl7.org/fhir/sid/cvx</td><td>SARS-COV-2 (COVID-19) vaccine, mRNA, spike protein, LNP, preservative free, 30 mcg/0.3mL dose</td></tr></table></div>"
      },
      "url" : "http://worldhealthorganization.github.io/ddcc/ValueSet/who-ddcc-allowed-vaccines-covid-19",
      "version" : "1.0.0",
      "name" : "WHO_DDCC_Allowed_Vaccines_COVID_19",
      "title" : "WHO DDCC Allowed Vaccine List (COVID-19)",
      "status" : "draft",
      "date" : "2022-09-27T20:30:57+00:00",
      "publisher" : "WHO",
      "contact" : [{
        "name" : "WHO",
        "telecom" : [{
          "system" : "url",
          "value" : "http://who.int"
        }]
      }],
      "description" : "WHO DDCC Allowed Vaccine List (COVID-19) for importing from other valuesets.  Any not\nin who-ddcc-vaccines-covid-19 should be included in the ConceptMap so it can be\ntranslated into an ICD-11 code.",
      "jurisdiction" : [{
        "coding" : [{
          "system" : "http://unstats.un.org/unsd/methods/m49/m49.htm",
          "code" : "001"
        }]
      }],
      "expansion" : {
        "identifier" : "urn:uuid:32f46ac2-670f-49fd-bb5b-5a1d2df9917e",
        "timestamp" : "2022-09-27T20:32:47+00:00",
        "total" : 32,
        "parameter" : [{
          "name" : "excludeNested",
          "valueBoolean" : false
        },
        {
          "name" : "version",
          "valueUri" : "http://worldhealthorganization.github.io/ddcc/ValueSet/who-ddcc-vaccines-covid-19|1.0.0"
        },
        {
          "name" : "version",
          "valueUri" : "http://id.who.int/icd11/mms|1.0.0"
        },
        {
          "name" : "limitedExpansion",
          "valueBoolean" : true
        },
        {
          "name" : "excludeNested",
          "valueBoolean" : true
        },
        {
          "name" : "version",
          "valueUri" : "http://hl7.org/fhir/sid/cvx|20210406"
        }],
        "contains" : [{
          "system" : "http://id.who.int/icd11/mms",
          "code" : "XM68M6",
          "display" : "COVID-19 vaccine"
        },
        {
          "system" : "http://id.who.int/icd11/mms",
          "code" : "XM1NL1",
          "display" : "COVID-19 vaccine, inactivated virus"
        },
        {
          "system" : "http://id.who.int/icd11/mms",
          "code" : "XM7HT3",
          "display" : "CoronaVac®"
        },
        {
          "system" : "http://id.who.int/icd11/mms",
          "code" : "XM8866",
          "display" : "BBIBP-CorV"
        },
        {
          "system" : "http://id.who.int/icd11/mms",
          "code" : "XM9TQ1",
          "display" : "KCONVAC"
        },
        {
          "system" : "http://id.who.int/icd11/mms",
          "code" : "XM1G90",
          "display" : "Covaxin"
        },
        {
          "system" : "http://id.who.int/icd11/mms",
          "code" : "XM85P5",
          "display" : "Covi-Vac"
        },
        {
          "system" : "http://id.who.int/icd11/mms",
          "code" : "XM9FQ7",
          "display" : "Hayat-Vax"
        },
        {
          "system" : "http://id.who.int/icd11/mms",
          "code" : "XM97N6",
          "display" : "QazVac"
        },
        {
          "system" : "http://id.who.int/icd11/mms",
          "code" : "XM2YG8",
          "display" : "COVIran Barakat"
        },
        {
          "system" : "http://id.who.int/icd11/mms",
          "code" : "XM3U61",
          "display" : "Inactivated SARS-CoV-2 vaccine"
        },
        {
          "system" : "http://id.who.int/icd11/mms",
          "code" : "XM5DF6",
          "display" : "COVID-19 vaccine, live attenuated virus"
        },
        {
          "system" : "http://id.who.int/icd11/mms",
          "code" : "XM9QW8",
          "display" : "COVID-19 vaccine, non-replicating viral vector"
        },
        {
          "system" : "http://id.who.int/icd11/mms",
          "code" : "XM4YL8",
          "display" : "COVID-19 Vaccine AstraZeneca"
        },
        {
          "system" : "http://id.who.int/icd11/mms",
          "code" : "XM97T2",
          "display" : "Covishield®"
        },
        {
          "system" : "http://id.who.int/icd11/mms",
          "code" : "XM6QV1",
          "display" : "COVID-19 Vaccine Janssen"
        },
        {
          "system" : "http://id.who.int/icd11/mms",
          "code" : "XM1AG7",
          "display" : "Convidecia"
        },
        {
          "system" : "http://id.who.int/icd11/mms",
          "code" : "XM5ZJ4",
          "display" : "Gam-Covid-Vac"
        },
        {
          "system" : "http://id.who.int/icd11/mms",
          "code" : "XM5QM6",
          "display" : "Sputnik-Light"
        },
        {
          "system" : "http://id.who.int/icd11/mms",
          "code" : "XM0CX4",
          "display" : "COVID-19 vaccine, replicating viral vector"
        },
        {
          "system" : "http://id.who.int/icd11/mms",
          "code" : "XM5JC5",
          "display" : "COVID-19 vaccine, virus protein subunit"
        },
        {
          "system" : "http://id.who.int/icd11/mms",
          "code" : "XM3CT4",
          "display" : "Recombinant SARS-CoV-2 vaccine"
        },
        {
          "system" : "http://id.who.int/icd11/mms",
          "code" : "XM3PG0",
          "display" : "Soberana-02"
        },
        {
          "system" : "http://id.who.int/icd11/mms",
          "code" : "XM4EC8",
          "display" : "MVC-COV1901"
        },
        {
          "system" : "http://id.who.int/icd11/mms",
          "code" : "XM6SZ8",
          "display" : "EpiVacCorona"
        },
        {
          "system" : "http://id.who.int/icd11/mms",
          "code" : "XM1J92",
          "display" : "COVID-19 vaccine, virus like particle (VLP)"
        },
        {
          "system" : "http://id.who.int/icd11/mms",
          "code" : "XM6AT1",
          "display" : "COVID-19 vaccine, DNA based"
        },
        {
          "system" : "http://id.who.int/icd11/mms",
          "code" : "XM52P3",
          "display" : "ZyCov-D"
        },
        {
          "system" : "http://id.who.int/icd11/mms",
          "code" : "XM0GQ8",
          "display" : "COVID-19 vaccine, RNA based"
        },
        {
          "system" : "http://id.who.int/icd11/mms",
          "code" : "XM8NQ0",
          "display" : "Comirnaty®"
        },
        {
          "system" : "http://id.who.int/icd11/mms",
          "code" : "XM3DT5",
          "display" : "COVID-19 Vaccine Moderna"
        },
        {
          "system" : "http://hl7.org/fhir/sid/cvx",
          "code" : "208",
          "display" : "SARS-COV-2 (COVID-19) vaccine, mRNA, spike protein, LNP, preservative free, 30 mcg/0.3mL dose"
        }]
      }
    }
  },
  {
    "fullUrl" : "http://worldhealthorganization.github.io/ddcc/ValueSet/who-ddcc-brands-covid-19",
    "resource" : {
      "resourceType" : "ValueSet",
      "id" : "who-ddcc-brands-covid-19",
      "text" : {
        "status" : "generated",
        "div" : "<div xmlns=\"http://www.w3.org/1999/xhtml\"><p>This value set contains 20 concepts</p><p style=\"border: black 1px dotted; background-color: #EEEEEE; padding: 8px; margin-bottom: 8px\">Expansion based on <a href=\"CodeSystem-DDCC-ICD11-CodeSystem.html\">DDCC Codes for ICD11 v1.0.0 (CodeSystem)</a></p><table class=\"codes\"><tr><td style=\"white-space:nowrap\"><b>Code</b></td><td><b>System</b></td><td><b>Display</b></td></tr><tr><td style=\"white-space:nowrap\"><a name=\"http---id.who.int-icd11-mms-XM7HT3\"> </a>  <a href=\"CodeSystem-DDCC-ICD11-CodeSystem.html#DDCC-ICD11-CodeSystem-XM7HT3\">XM7HT3</a></td><td>http://id.who.int/icd11/mms</td><td>CoronaVac®</td></tr><tr><td style=\"white-space:nowrap\"><a name=\"http---id.who.int-icd11-mms-XM8866\"> </a>  <a href=\"CodeSystem-DDCC-ICD11-CodeSystem.html#DDCC-ICD11-CodeSystem-XM8866\">XM8866</a></td><td>http://id.who.int/icd11/mms</td><td>BBIBP-CorV</td></tr><tr><td style=\"white-space:nowrap\"><a name=\"http---id.who.int-icd11-mms-XM9TQ1\"> </a>  <a href=\"CodeSystem-DDCC-ICD11-CodeSystem.html#DDCC-ICD11-CodeSystem-XM9TQ1\">XM9TQ1</a></td><td>http://id.who.int/icd11/mms</td><td>KCONVAC</td></tr><tr><td style=\"white-space:nowrap\"><a name=\"http---id.who.int-icd11-mms-XM1G90\"> </a>  <a href=\"CodeSystem-DDCC-ICD11-CodeSystem.html#DDCC-ICD11-CodeSystem-XM1G90\">XM1G90</a></td><td>http://id.who.int/icd11/mms</td><td>Covaxin</td></tr><tr><td style=\"white-space:nowrap\"><a name=\"http---id.who.int-icd11-mms-XM85P5\"> </a>  <a href=\"CodeSystem-DDCC-ICD11-CodeSystem.html#DDCC-ICD11-CodeSystem-XM85P5\">XM85P5</a></td><td>http://id.who.int/icd11/mms</td><td>Covi-Vac</td></tr><tr><td style=\"white-space:nowrap\"><a name=\"http---id.who.int-icd11-mms-XM9FQ7\"> </a>  <a href=\"CodeSystem-DDCC-ICD11-CodeSystem.html#DDCC-ICD11-CodeSystem-XM9FQ7\">XM9FQ7</a></td><td>http://id.who.int/icd11/mms</td><td>Hayat-Vax</td></tr><tr><td style=\"white-space:nowrap\"><a name=\"http---id.who.int-icd11-mms-XM97N6\"> </a>  <a href=\"CodeSystem-DDCC-ICD11-CodeSystem.html#DDCC-ICD11-CodeSystem-XM97N6\">XM97N6</a></td><td>http://id.who.int/icd11/mms</td><td>QazVac</td></tr><tr><td style=\"white-space:nowrap\"><a name=\"http---id.who.int-icd11-mms-XM2YG8\"> </a>  <a href=\"CodeSystem-DDCC-ICD11-CodeSystem.html#DDCC-ICD11-CodeSystem-XM2YG8\">XM2YG8</a></td><td>http://id.who.int/icd11/mms</td><td>COVIran Barakat</td></tr><tr><td style=\"white-space:nowrap\"><a name=\"http---id.who.int-icd11-mms-XM4YL8\"> </a>  <a href=\"CodeSystem-DDCC-ICD11-CodeSystem.html#DDCC-ICD11-CodeSystem-XM4YL8\">XM4YL8</a></td><td>http://id.who.int/icd11/mms</td><td>AstraZeneca</td></tr><tr><td style=\"white-space:nowrap\"><a name=\"http---id.who.int-icd11-mms-XM97T2\"> </a>  <a href=\"CodeSystem-DDCC-ICD11-CodeSystem.html#DDCC-ICD11-CodeSystem-XM97T2\">XM97T2</a></td><td>http://id.who.int/icd11/mms</td><td>Covishield®</td></tr><tr><td style=\"white-space:nowrap\"><a name=\"http---id.who.int-icd11-mms-XM6QV1\"> </a>  <a href=\"CodeSystem-DDCC-ICD11-CodeSystem.html#DDCC-ICD11-CodeSystem-XM6QV1\">XM6QV1</a></td><td>http://id.who.int/icd11/mms</td><td>Janssen</td></tr><tr><td style=\"white-space:nowrap\"><a name=\"http---id.who.int-icd11-mms-XM1AG7\"> </a>  <a href=\"CodeSystem-DDCC-ICD11-CodeSystem.html#DDCC-ICD11-CodeSystem-XM1AG7\">XM1AG7</a></td><td>http://id.who.int/icd11/mms</td><td>Convidecia</td></tr><tr><td style=\"white-space:nowrap\"><a name=\"http---id.who.int-icd11-mms-XM5ZJ4\"> </a>  <a href=\"CodeSystem-DDCC-ICD11-CodeSystem.html#DDCC-ICD11-CodeSystem-XM5ZJ4\">XM5ZJ4</a></td><td>http://id.who.int/icd11/mms</td><td>Gam-Covid-Vac</td></tr><tr><td style=\"white-space:nowrap\"><a name=\"http---id.who.int-icd11-mms-XM5QM6\"> </a>  <a href=\"CodeSystem-DDCC-ICD11-CodeSystem.html#DDCC-ICD11-CodeSystem-XM5QM6\">XM5QM6</a></td><td>http://id.who.int/icd11/mms</td><td>Sputnik-Light</td></tr><tr><td style=\"white-space:nowrap\"><a name=\"http---id.who.int-icd11-mms-XM3PG0\"> </a>  <a href=\"CodeSystem-DDCC-ICD11-CodeSystem.html#DDCC-ICD11-CodeSystem-XM3PG0\">XM3PG0</a></td><td>http://id.who.int/icd11/mms</td><td>Soberana-02</td></tr><tr><td style=\"white-space:nowrap\"><a name=\"http---id.who.int-icd11-mms-XM4EC8\"> </a>  <a href=\"CodeSystem-DDCC-ICD11-CodeSystem.html#DDCC-ICD11-CodeSystem-XM4EC8\">XM4EC8</a></td><td>http://id.who.int/icd11/mms</td><td>MVC-COV1901</td></tr><tr><td style=\"white-space:nowrap\"><a name=\"http---id.who.int-icd11-mms-XM6SZ8\"> </a>  <a href=\"CodeSystem-DDCC-ICD11-CodeSystem.html#DDCC-ICD11-CodeSystem-XM6SZ8\">XM6SZ8</a></td><td>http://id.who.int/icd11/mms</td><td>EpiVacCorona</td></tr><tr><td style=\"white-space:nowrap\"><a name=\"http---id.who.int-icd11-mms-XM52P3\"> </a>  <a href=\"CodeSystem-DDCC-ICD11-CodeSystem.html#DDCC-ICD11-CodeSystem-XM52P3\">XM52P3</a></td><td>http://id.who.int/icd11/mms</td><td>ZyCov-D</td></tr><tr><td style=\"white-space:nowrap\"><a name=\"http---id.who.int-icd11-mms-XM8NQ0\"> </a>  <a href=\"CodeSystem-DDCC-ICD11-CodeSystem.html#DDCC-ICD11-CodeSystem-XM8NQ0\">XM8NQ0</a></td><td>http://id.who.int/icd11/mms</td><td>Comirnaty®</td></tr><tr><td style=\"white-space:nowrap\"><a name=\"http---id.who.int-icd11-mms-XM3DT5\"> </a>  <a href=\"CodeSystem-DDCC-ICD11-CodeSystem.html#DDCC-ICD11-CodeSystem-XM3DT5\">XM3DT5</a></td><td>http://id.who.int/icd11/mms</td><td>Moderna</td></tr></table></div>"
      },
      "url" : "http://worldhealthorganization.github.io/ddcc/ValueSet/who-ddcc-brands-covid-19",
      "version" : "1.0.0",
      "name" : "WHO_DDCC_Brands_COVID_19",
      "title" : "WHO DDCC Brand List (COVID-19)",
      "status" : "draft",
      "date" : "2022-09-27T20:30:57+00:00",
      "publisher" : "WHO",
      "contact" : [{
        "name" : "WHO",
        "telecom" : [{
          "system" : "url",
          "value" : "http://who.int"
        }]
      }],
      "description" : "WHO DDCC Brand List (COVID-19) from [ICD 11](https://icd.who.int/browse11)",
      "jurisdiction" : [{
        "coding" : [{
          "system" : "http://unstats.un.org/unsd/methods/m49/m49.htm",
          "code" : "001"
        }]
      }],
      "expansion" : {
        "identifier" : "urn:uuid:7d965b98-751d-4b36-89e0-193ceb74ff4d",
        "timestamp" : "2022-09-27T20:32:47+00:00",
        "total" : 20,
        "parameter" : [{
          "name" : "excludeNested",
          "valueBoolean" : false
        },
        {
          "name" : "version",
          "valueUri" : "http://id.who.int/icd11/mms|1.0.0"
        }],
        "contains" : [{
          "system" : "http://id.who.int/icd11/mms",
          "code" : "XM7HT3",
          "display" : "CoronaVac®"
        },
        {
          "system" : "http://id.who.int/icd11/mms",
          "code" : "XM8866",
          "display" : "BBIBP-CorV"
        },
        {
          "system" : "http://id.who.int/icd11/mms",
          "code" : "XM9TQ1",
          "display" : "KCONVAC"
        },
        {
          "system" : "http://id.who.int/icd11/mms",
          "code" : "XM1G90",
          "display" : "Covaxin"
        },
        {
          "system" : "http://id.who.int/icd11/mms",
          "code" : "XM85P5",
          "display" : "Covi-Vac"
        },
        {
          "system" : "http://id.who.int/icd11/mms",
          "code" : "XM9FQ7",
          "display" : "Hayat-Vax"
        },
        {
          "system" : "http://id.who.int/icd11/mms",
          "code" : "XM97N6",
          "display" : "QazVac"
        },
        {
          "system" : "http://id.who.int/icd11/mms",
          "code" : "XM2YG8",
          "display" : "COVIran Barakat"
        },
        {
          "system" : "http://id.who.int/icd11/mms",
          "code" : "XM4YL8",
          "display" : "AstraZeneca"
        },
        {
          "system" : "http://id.who.int/icd11/mms",
          "code" : "XM97T2",
          "display" : "Covishield®"
        },
        {
          "system" : "http://id.who.int/icd11/mms",
          "code" : "XM6QV1",
          "display" : "Janssen"
        },
        {
          "system" : "http://id.who.int/icd11/mms",
          "code" : "XM1AG7",
          "display" : "Convidecia"
        },
        {
          "system" : "http://id.who.int/icd11/mms",
          "code" : "XM5ZJ4",
          "display" : "Gam-Covid-Vac"
        },
        {
          "system" : "http://id.who.int/icd11/mms",
          "code" : "XM5QM6",
          "display" : "Sputnik-Light"
        },
        {
          "system" : "http://id.who.int/icd11/mms",
          "code" : "XM3PG0",
          "display" : "Soberana-02"
        },
        {
          "system" : "http://id.who.int/icd11/mms",
          "code" : "XM4EC8",
          "display" : "MVC-COV1901"
        },
        {
          "system" : "http://id.who.int/icd11/mms",
          "code" : "XM6SZ8",
          "display" : "EpiVacCorona"
        },
        {
          "system" : "http://id.who.int/icd11/mms",
          "code" : "XM52P3",
          "display" : "ZyCov-D"
        },
        {
          "system" : "http://id.who.int/icd11/mms",
          "code" : "XM8NQ0",
          "display" : "Comirnaty®"
        },
        {
          "system" : "http://id.who.int/icd11/mms",
          "code" : "XM3DT5",
          "display" : "Moderna"
        }]
      }
    }
  },
  {
    "fullUrl" : "http://worldhealthorganization.github.io/ddcc/ValueSet/who-ddcc-disease-targeted-covid-19",
    "resource" : {
      "resourceType" : "ValueSet",
      "id" : "who-ddcc-disease-targeted-covid-19",
      "text" : {
        "status" : "generated",
        "div" : "<div xmlns=\"http://www.w3.org/1999/xhtml\"><p>This value set contains 1 concepts</p><p style=\"border: black 1px dotted; background-color: #EEEEEE; padding: 8px; margin-bottom: 8px\">Expansion based on <a href=\"CodeSystem-DDCC-ICD11-CodeSystem.html\">DDCC Codes for ICD11 v1.0.0 (CodeSystem)</a></p><table class=\"codes\"><tr><td style=\"white-space:nowrap\"><b>Code</b></td><td><b>System</b></td><td><b>Display</b></td></tr><tr><td style=\"white-space:nowrap\"><a name=\"http---id.who.int-icd11-mms-RA01\"> </a>  <a href=\"CodeSystem-DDCC-ICD11-CodeSystem.html#DDCC-ICD11-CodeSystem-RA01\">RA01</a></td><td>http://id.who.int/icd11/mms</td><td>COVID-19</td></tr></table></div>"
      },
      "url" : "http://worldhealthorganization.github.io/ddcc/ValueSet/who-ddcc-disease-targeted-covid-19",
      "version" : "1.0.0",
      "name" : "WHO_DDCC_Disease_Targeted_COVID_19",
      "title" : "WHO Disease or Agent Targeted (COVID-19)",
      "status" : "draft",
      "date" : "2022-09-27T20:30:57+00:00",
      "publisher" : "WHO",
      "contact" : [{
        "name" : "WHO",
        "telecom" : [{
          "system" : "url",
          "value" : "http://who.int"
        }]
      }],
      "description" : "WHO Disease or Agent Targeted List (COVID-19) from [ICD 11](https://icd.who.int/browse11)",
      "jurisdiction" : [{
        "coding" : [{
          "system" : "http://unstats.un.org/unsd/methods/m49/m49.htm",
          "code" : "001"
        }]
      }],
      "expansion" : {
        "identifier" : "urn:uuid:7fb2195f-0d42-4662-913b-9362a9993e28",
        "timestamp" : "2022-09-27T20:32:47+00:00",
        "total" : 1,
        "parameter" : [{
          "name" : "excludeNested",
          "valueBoolean" : false
        },
        {
          "name" : "version",
          "valueUri" : "http://id.who.int/icd11/mms|1.0.0"
        }],
        "contains" : [{
          "system" : "http://id.who.int/icd11/mms",
          "code" : "RA01",
          "display" : "COVID-19"
        }]
      }
    }
  },
  {
    "fullUrl" : "http://worldhealthorganization.github.io/ddcc/ValueSet/who-ddcc-test-result-covid-19",
    "resource" : {
      "resourceType" : "ValueSet",
      "id" : "who-ddcc-test-result-covid-19",
      "text" : {
        "status" : "generated",
        "div" : "<div xmlns=\"http://www.w3.org/1999/xhtml\"><p>This value set contains 2 concepts</p><p style=\"border: black 1px dotted; background-color: #EEEEEE; padding: 8px; margin-bottom: 8px\">Expansion based on <a href=\"CodeSystem-DDCC-ICD11-CodeSystem.html\">DDCC Codes for ICD11 v1.0.0 (CodeSystem)</a></p><table class=\"codes\"><tr><td style=\"white-space:nowrap\"><b>Code</b></td><td><b>System</b></td><td><b>Display</b></td></tr><tr><td style=\"white-space:nowrap\"><a name=\"http---id.who.int-icd11-mms-RA01.0\"> </a>  <a href=\"CodeSystem-DDCC-ICD11-CodeSystem.html#DDCC-ICD11-CodeSystem-RA01.460\">RA01.0</a></td><td>http://id.who.int/icd11/mms</td><td>Detected</td></tr><tr><td style=\"white-space:nowrap\"><a name=\"http---id.who.int-icd11-mms-QA02\"> </a>  <a href=\"CodeSystem-DDCC-ICD11-CodeSystem.html#DDCC-ICD11-CodeSystem-QA02\">QA02</a></td><td>http://id.who.int/icd11/mms</td><td>Not Detected</td></tr></table></div>"
      },
      "url" : "http://worldhealthorganization.github.io/ddcc/ValueSet/who-ddcc-test-result-covid-19",
      "version" : "1.0.0",
      "name" : "WHO_DDCC_Test_Result_COVID_19",
      "title" : "WHO Test Result (COVID-19)",
      "status" : "draft",
      "date" : "2022-09-27T20:30:57+00:00",
      "publisher" : "WHO",
      "contact" : [{
        "name" : "WHO",
        "telecom" : [{
          "system" : "url",
          "value" : "http://who.int"
        }]
      }],
      "description" : "WHO COVID-19 Test Result from [ICD 11](https://icd.who.int/browse11)",
      "jurisdiction" : [{
        "coding" : [{
          "system" : "http://unstats.un.org/unsd/methods/m49/m49.htm",
          "code" : "001"
        }]
      }],
      "expansion" : {
        "identifier" : "urn:uuid:a8a14184-586d-4f2f-b43d-4a55d4e9c009",
        "timestamp" : "2022-09-27T20:32:50+00:00",
        "total" : 2,
        "parameter" : [{
          "name" : "excludeNested",
          "valueBoolean" : false
        },
        {
          "name" : "version",
          "valueUri" : "http://id.who.int/icd11/mms|1.0.0"
        }],
        "contains" : [{
          "system" : "http://id.who.int/icd11/mms",
          "code" : "RA01.0",
          "display" : "Detected"
        },
        {
          "system" : "http://id.who.int/icd11/mms",
          "code" : "QA02",
          "display" : "Not Detected"
        }]
      }
    }
  },
  {
    "fullUrl" : "http://worldhealthorganization.github.io/ddcc/ValueSet/who-ddcc-vaccines-covid-19",
    "resource" : {
      "resourceType" : "ValueSet",
      "id" : "who-ddcc-vaccines-covid-19",
      "text" : {
        "status" : "generated",
        "div" : "<div xmlns=\"http://www.w3.org/1999/xhtml\"><p>This value set contains 31 concepts</p><p style=\"border: black 1px dotted; background-color: #EEEEEE; padding: 8px; margin-bottom: 8px\">Expansion based on <a href=\"CodeSystem-DDCC-ICD11-CodeSystem.html\">DDCC Codes for ICD11 v1.0.0 (CodeSystem)</a></p><table class=\"codes\"><tr><td style=\"white-space:nowrap\"><b>Code</b></td><td><b>System</b></td><td><b>Display</b></td></tr><tr><td style=\"white-space:nowrap\"><a name=\"http---id.who.int-icd11-mms-XM68M6\"> </a>  <a href=\"CodeSystem-DDCC-ICD11-CodeSystem.html#DDCC-ICD11-CodeSystem-XM68M6\">XM68M6</a></td><td>http://id.who.int/icd11/mms</td><td>COVID-19 vaccine</td></tr><tr><td style=\"white-space:nowrap\"><a name=\"http---id.who.int-icd11-mms-XM1NL1\"> </a>  <a href=\"CodeSystem-DDCC-ICD11-CodeSystem.html#DDCC-ICD11-CodeSystem-XM1NL1\">XM1NL1</a></td><td>http://id.who.int/icd11/mms</td><td>COVID-19 vaccine, inactivated virus</td></tr><tr><td style=\"white-space:nowrap\"><a name=\"http---id.who.int-icd11-mms-XM7HT3\"> </a>  <a href=\"CodeSystem-DDCC-ICD11-CodeSystem.html#DDCC-ICD11-CodeSystem-XM7HT3\">XM7HT3</a></td><td>http://id.who.int/icd11/mms</td><td>CoronaVac®</td></tr><tr><td style=\"white-space:nowrap\"><a name=\"http---id.who.int-icd11-mms-XM8866\"> </a>  <a href=\"CodeSystem-DDCC-ICD11-CodeSystem.html#DDCC-ICD11-CodeSystem-XM8866\">XM8866</a></td><td>http://id.who.int/icd11/mms</td><td>BBIBP-CorV</td></tr><tr><td style=\"white-space:nowrap\"><a name=\"http---id.who.int-icd11-mms-XM9TQ1\"> </a>  <a href=\"CodeSystem-DDCC-ICD11-CodeSystem.html#DDCC-ICD11-CodeSystem-XM9TQ1\">XM9TQ1</a></td><td>http://id.who.int/icd11/mms</td><td>KCONVAC</td></tr><tr><td style=\"white-space:nowrap\"><a name=\"http---id.who.int-icd11-mms-XM1G90\"> </a>  <a href=\"CodeSystem-DDCC-ICD11-CodeSystem.html#DDCC-ICD11-CodeSystem-XM1G90\">XM1G90</a></td><td>http://id.who.int/icd11/mms</td><td>Covaxin</td></tr><tr><td style=\"white-space:nowrap\"><a name=\"http---id.who.int-icd11-mms-XM85P5\"> </a>  <a href=\"CodeSystem-DDCC-ICD11-CodeSystem.html#DDCC-ICD11-CodeSystem-XM85P5\">XM85P5</a></td><td>http://id.who.int/icd11/mms</td><td>Covi-Vac</td></tr><tr><td style=\"white-space:nowrap\"><a name=\"http---id.who.int-icd11-mms-XM9FQ7\"> </a>  <a href=\"CodeSystem-DDCC-ICD11-CodeSystem.html#DDCC-ICD11-CodeSystem-XM9FQ7\">XM9FQ7</a></td><td>http://id.who.int/icd11/mms</td><td>Hayat-Vax</td></tr><tr><td style=\"white-space:nowrap\"><a name=\"http---id.who.int-icd11-mms-XM97N6\"> </a>  <a href=\"CodeSystem-DDCC-ICD11-CodeSystem.html#DDCC-ICD11-CodeSystem-XM97N6\">XM97N6</a></td><td>http://id.who.int/icd11/mms</td><td>QazVac</td></tr><tr><td style=\"white-space:nowrap\"><a name=\"http---id.who.int-icd11-mms-XM2YG8\"> </a>  <a href=\"CodeSystem-DDCC-ICD11-CodeSystem.html#DDCC-ICD11-CodeSystem-XM2YG8\">XM2YG8</a></td><td>http://id.who.int/icd11/mms</td><td>COVIran Barakat</td></tr><tr><td style=\"white-space:nowrap\"><a name=\"http---id.who.int-icd11-mms-XM3U61\"> </a>  <a href=\"CodeSystem-DDCC-ICD11-CodeSystem.html#DDCC-ICD11-CodeSystem-XM3U61\">XM3U61</a></td><td>http://id.who.int/icd11/mms</td><td>Inactivated SARS-CoV-2 vaccine</td></tr><tr><td style=\"white-space:nowrap\"><a name=\"http---id.who.int-icd11-mms-XM5DF6\"> </a>  <a href=\"CodeSystem-DDCC-ICD11-CodeSystem.html#DDCC-ICD11-CodeSystem-XM5DF6\">XM5DF6</a></td><td>http://id.who.int/icd11/mms</td><td>COVID-19 vaccine, live attenuated virus</td></tr><tr><td style=\"white-space:nowrap\"><a name=\"http---id.who.int-icd11-mms-XM9QW8\"> </a>  <a href=\"CodeSystem-DDCC-ICD11-CodeSystem.html#DDCC-ICD11-CodeSystem-XM9QW8\">XM9QW8</a></td><td>http://id.who.int/icd11/mms</td><td>COVID-19 vaccine, non-replicating viral vector</td></tr><tr><td style=\"white-space:nowrap\"><a name=\"http---id.who.int-icd11-mms-XM4YL8\"> </a>  <a href=\"CodeSystem-DDCC-ICD11-CodeSystem.html#DDCC-ICD11-CodeSystem-XM4YL8\">XM4YL8</a></td><td>http://id.who.int/icd11/mms</td><td>COVID-19 Vaccine AstraZeneca</td></tr><tr><td style=\"white-space:nowrap\"><a name=\"http---id.who.int-icd11-mms-XM97T2\"> </a>  <a href=\"CodeSystem-DDCC-ICD11-CodeSystem.html#DDCC-ICD11-CodeSystem-XM97T2\">XM97T2</a></td><td>http://id.who.int/icd11/mms</td><td>Covishield®</td></tr><tr><td style=\"white-space:nowrap\"><a name=\"http---id.who.int-icd11-mms-XM6QV1\"> </a>  <a href=\"CodeSystem-DDCC-ICD11-CodeSystem.html#DDCC-ICD11-CodeSystem-XM6QV1\">XM6QV1</a></td><td>http://id.who.int/icd11/mms</td><td>COVID-19 Vaccine Janssen</td></tr><tr><td style=\"white-space:nowrap\"><a name=\"http---id.who.int-icd11-mms-XM1AG7\"> </a>  <a href=\"CodeSystem-DDCC-ICD11-CodeSystem.html#DDCC-ICD11-CodeSystem-XM1AG7\">XM1AG7</a></td><td>http://id.who.int/icd11/mms</td><td>Convidecia</td></tr><tr><td style=\"white-space:nowrap\"><a name=\"http---id.who.int-icd11-mms-XM5ZJ4\"> </a>  <a href=\"CodeSystem-DDCC-ICD11-CodeSystem.html#DDCC-ICD11-CodeSystem-XM5ZJ4\">XM5ZJ4</a></td><td>http://id.who.int/icd11/mms</td><td>Gam-Covid-Vac</td></tr><tr><td style=\"white-space:nowrap\"><a name=\"http---id.who.int-icd11-mms-XM5QM6\"> </a>  <a href=\"CodeSystem-DDCC-ICD11-CodeSystem.html#DDCC-ICD11-CodeSystem-XM5QM6\">XM5QM6</a></td><td>http://id.who.int/icd11/mms</td><td>Sputnik-Light</td></tr><tr><td style=\"white-space:nowrap\"><a name=\"http---id.who.int-icd11-mms-XM0CX4\"> </a>  <a href=\"CodeSystem-DDCC-ICD11-CodeSystem.html#DDCC-ICD11-CodeSystem-XM0CX4\">XM0CX4</a></td><td>http://id.who.int/icd11/mms</td><td>COVID-19 vaccine, replicating viral vector</td></tr><tr><td style=\"white-space:nowrap\"><a name=\"http---id.who.int-icd11-mms-XM5JC5\"> </a>  <a href=\"CodeSystem-DDCC-ICD11-CodeSystem.html#DDCC-ICD11-CodeSystem-XM5JC5\">XM5JC5</a></td><td>http://id.who.int/icd11/mms</td><td>COVID-19 vaccine, virus protein subunit</td></tr><tr><td style=\"white-space:nowrap\"><a name=\"http---id.who.int-icd11-mms-XM3CT4\"> </a>  <a href=\"CodeSystem-DDCC-ICD11-CodeSystem.html#DDCC-ICD11-CodeSystem-XM3CT4\">XM3CT4</a></td><td>http://id.who.int/icd11/mms</td><td>Recombinant SARS-CoV-2 vaccine</td></tr><tr><td style=\"white-space:nowrap\"><a name=\"http---id.who.int-icd11-mms-XM3PG0\"> </a>  <a href=\"CodeSystem-DDCC-ICD11-CodeSystem.html#DDCC-ICD11-CodeSystem-XM3PG0\">XM3PG0</a></td><td>http://id.who.int/icd11/mms</td><td>Soberana-02</td></tr><tr><td style=\"white-space:nowrap\"><a name=\"http---id.who.int-icd11-mms-XM4EC8\"> </a>  <a href=\"CodeSystem-DDCC-ICD11-CodeSystem.html#DDCC-ICD11-CodeSystem-XM4EC8\">XM4EC8</a></td><td>http://id.who.int/icd11/mms</td><td>MVC-COV1901</td></tr><tr><td style=\"white-space:nowrap\"><a name=\"http---id.who.int-icd11-mms-XM6SZ8\"> </a>  <a href=\"CodeSystem-DDCC-ICD11-CodeSystem.html#DDCC-ICD11-CodeSystem-XM6SZ8\">XM6SZ8</a></td><td>http://id.who.int/icd11/mms</td><td>EpiVacCorona</td></tr><tr><td style=\"white-space:nowrap\"><a name=\"http---id.who.int-icd11-mms-XM1J92\"> </a>  <a href=\"CodeSystem-DDCC-ICD11-CodeSystem.html#DDCC-ICD11-CodeSystem-XM1J92\">XM1J92</a></td><td>http://id.who.int/icd11/mms</td><td>COVID-19 vaccine, virus like particle (VLP)</td></tr><tr><td style=\"white-space:nowrap\"><a name=\"http---id.who.int-icd11-mms-XM6AT1\"> </a>  <a href=\"CodeSystem-DDCC-ICD11-CodeSystem.html#DDCC-ICD11-CodeSystem-XM6AT1\">XM6AT1</a></td><td>http://id.who.int/icd11/mms</td><td>COVID-19 vaccine, DNA based</td></tr><tr><td style=\"white-space:nowrap\"><a name=\"http---id.who.int-icd11-mms-XM52P3\"> </a>  <a href=\"CodeSystem-DDCC-ICD11-CodeSystem.html#DDCC-ICD11-CodeSystem-XM52P3\">XM52P3</a></td><td>http://id.who.int/icd11/mms</td><td>ZyCov-D</td></tr><tr><td style=\"white-space:nowrap\"><a name=\"http---id.who.int-icd11-mms-XM0GQ8\"> </a>  <a href=\"CodeSystem-DDCC-ICD11-CodeSystem.html#DDCC-ICD11-CodeSystem-XM0GQ8\">XM0GQ8</a></td><td>http://id.who.int/icd11/mms</td><td>COVID-19 vaccine, RNA based</td></tr><tr><td style=\"white-space:nowrap\"><a name=\"http---id.who.int-icd11-mms-XM8NQ0\"> </a>  <a href=\"CodeSystem-DDCC-ICD11-CodeSystem.html#DDCC-ICD11-CodeSystem-XM8NQ0\">XM8NQ0</a></td><td>http://id.who.int/icd11/mms</td><td>Comirnaty®</td></tr><tr><td style=\"white-space:nowrap\"><a name=\"http---id.who.int-icd11-mms-XM3DT5\"> </a>  <a href=\"CodeSystem-DDCC-ICD11-CodeSystem.html#DDCC-ICD11-CodeSystem-XM3DT5\">XM3DT5</a></td><td>http://id.who.int/icd11/mms</td><td>COVID-19 Vaccine Moderna</td></tr></table></div>"
      },
      "url" : "http://worldhealthorganization.github.io/ddcc/ValueSet/who-ddcc-vaccines-covid-19",
      "version" : "1.0.0",
      "name" : "WHO_DDCC_Vaccines_COVID_19",
      "title" : "WHO Vaccine List (COVID-19)",
      "status" : "draft",
      "date" : "2022-09-27T20:30:57+00:00",
      "publisher" : "WHO",
      "contact" : [{
        "name" : "WHO",
        "telecom" : [{
          "system" : "url",
          "value" : "http://who.int"
        }]
      }],
      "description" : "WHO Vaccine List (COVID-19) from [ICD 11](https://icd.who.int/browse11)",
      "jurisdiction" : [{
        "coding" : [{
          "system" : "http://unstats.un.org/unsd/methods/m49/m49.htm",
          "code" : "001"
        }]
      }],
      "expansion" : {
        "identifier" : "urn:uuid:31775b78-cded-48ad-bb68-b9bdc7925d3f",
        "timestamp" : "2022-09-27T20:32:51+00:00",
        "total" : 31,
        "parameter" : [{
          "name" : "excludeNested",
          "valueBoolean" : false
        },
        {
          "name" : "version",
          "valueUri" : "http://id.who.int/icd11/mms|1.0.0"
        }],
        "contains" : [{
          "system" : "http://id.who.int/icd11/mms",
          "code" : "XM68M6",
          "display" : "COVID-19 vaccine"
        },
        {
          "system" : "http://id.who.int/icd11/mms",
          "code" : "XM1NL1",
          "display" : "COVID-19 vaccine, inactivated virus"
        },
        {
          "system" : "http://id.who.int/icd11/mms",
          "code" : "XM7HT3",
          "display" : "CoronaVac®"
        },
        {
          "system" : "http://id.who.int/icd11/mms",
          "code" : "XM8866",
          "display" : "BBIBP-CorV"
        },
        {
          "system" : "http://id.who.int/icd11/mms",
          "code" : "XM9TQ1",
          "display" : "KCONVAC"
        },
        {
          "system" : "http://id.who.int/icd11/mms",
          "code" : "XM1G90",
          "display" : "Covaxin"
        },
        {
          "system" : "http://id.who.int/icd11/mms",
          "code" : "XM85P5",
          "display" : "Covi-Vac"
        },
        {
          "system" : "http://id.who.int/icd11/mms",
          "code" : "XM9FQ7",
          "display" : "Hayat-Vax"
        },
        {
          "system" : "http://id.who.int/icd11/mms",
          "code" : "XM97N6",
          "display" : "QazVac"
        },
        {
          "system" : "http://id.who.int/icd11/mms",
          "code" : "XM2YG8",
          "display" : "COVIran Barakat"
        },
        {
          "system" : "http://id.who.int/icd11/mms",
          "code" : "XM3U61",
          "display" : "Inactivated SARS-CoV-2 vaccine"
        },
        {
          "system" : "http://id.who.int/icd11/mms",
          "code" : "XM5DF6",
          "display" : "COVID-19 vaccine, live attenuated virus"
        },
        {
          "system" : "http://id.who.int/icd11/mms",
          "code" : "XM9QW8",
          "display" : "COVID-19 vaccine, non-replicating viral vector"
        },
        {
          "system" : "http://id.who.int/icd11/mms",
          "code" : "XM4YL8",
          "display" : "COVID-19 Vaccine AstraZeneca"
        },
        {
          "system" : "http://id.who.int/icd11/mms",
          "code" : "XM97T2",
          "display" : "Covishield®"
        },
        {
          "system" : "http://id.who.int/icd11/mms",
          "code" : "XM6QV1",
          "display" : "COVID-19 Vaccine Janssen"
        },
        {
          "system" : "http://id.who.int/icd11/mms",
          "code" : "XM1AG7",
          "display" : "Convidecia"
        },
        {
          "system" : "http://id.who.int/icd11/mms",
          "code" : "XM5ZJ4",
          "display" : "Gam-Covid-Vac"
        },
        {
          "system" : "http://id.who.int/icd11/mms",
          "code" : "XM5QM6",
          "display" : "Sputnik-Light"
        },
        {
          "system" : "http://id.who.int/icd11/mms",
          "code" : "XM0CX4",
          "display" : "COVID-19 vaccine, replicating viral vector"
        },
        {
          "system" : "http://id.who.int/icd11/mms",
          "code" : "XM5JC5",
          "display" : "COVID-19 vaccine, virus protein subunit"
        },
        {
          "system" : "http://id.who.int/icd11/mms",
          "code" : "XM3CT4",
          "display" : "Recombinant SARS-CoV-2 vaccine"
        },
        {
          "system" : "http://id.who.int/icd11/mms",
          "code" : "XM3PG0",
          "display" : "Soberana-02"
        },
        {
          "system" : "http://id.who.int/icd11/mms",
          "code" : "XM4EC8",
          "display" : "MVC-COV1901"
        },
        {
          "system" : "http://id.who.int/icd11/mms",
          "code" : "XM6SZ8",
          "display" : "EpiVacCorona"
        },
        {
          "system" : "http://id.who.int/icd11/mms",
          "code" : "XM1J92",
          "display" : "COVID-19 vaccine, virus like particle (VLP)"
        },
        {
          "system" : "http://id.who.int/icd11/mms",
          "code" : "XM6AT1",
          "display" : "COVID-19 vaccine, DNA based"
        },
        {
          "system" : "http://id.who.int/icd11/mms",
          "code" : "XM52P3",
          "display" : "ZyCov-D"
        },
        {
          "system" : "http://id.who.int/icd11/mms",
          "code" : "XM0GQ8",
          "display" : "COVID-19 vaccine, RNA based"
        },
        {
          "system" : "http://id.who.int/icd11/mms",
          "code" : "XM8NQ0",
          "display" : "Comirnaty®"
        },
        {
          "system" : "http://id.who.int/icd11/mms",
          "code" : "XM3DT5",
          "display" : "COVID-19 Vaccine Moderna"
        }]
      }
    }
  }]
}