<?xml version="1.0" encoding="UTF-8"?>

<Composition xmlns="http://hl7.org/fhir">
  <id value="DDCC-Composition-Example-French"/>
  <meta>
    <profile value="http://worldhealthorganization.github.io/ddcc/StructureDefinition/DDCCVSComposition"/>
  </meta>
  <text>
    <status value="generated"/><div xmlns="http://www.w3.org/1999/xhtml"><p><b>Generated Narrative: Composition</b><a name="DDCC-Composition-Example-French"> </a></p><div style="display: inline-block; background-color: #d9e0e7; padding: 6px; margin: 4px; border: 1px solid #8da1b4; border-radius: 5px; line-height: 60%"><p style="margin-bottom: 0px">Resource Composition "DDCC-Composition-Example-French" </p><p style="margin-bottom: 0px">Profile: <a href="StructureDefinition-DDCCVSComposition.html">DDCC:VS Composition</a></p></div><p><b>identifier</b>: id: 999123456123456123456(use: OFFICIAL)</p><p><b>status</b>: final</p><p><b>type</b>: Immunization summary report <span style="background: LightGoldenRodYellow; margin: 4px; border: 1px solid khaki"> (<a href="https://loinc.org/">LOINC</a>#82593-5)</span></p><p><b>date</b>: 2020-05-06</p><p><b>author</b>: <a href="Organization-DDCC-Organization-French.html">Organization/DDCC-Organization-French</a> "Hôpital du gouvernement"</p><p><b>title</b>: Digital Documentation of COVID-19 Certificate (DDCC)</p><h3>Attesters</h3><table class="grid"><tr><td>-</td><td><b>Mode</b></td><td><b>Party</b></td></tr><tr><td>*</td><td>official</td><td><a href="Organization-DDCC-Organization-French.html">Organization/DDCC-Organization-French</a> "Hôpital du gouvernement"</td></tr></table></div>
  </text>
  <identifier>
    <use value="official"/>
    <system value="urn:EXAMPLE-who-:ddcc:composition:ids"/>
    <value value="999123456123456123456"/>
  </identifier>
  <status value="final"/>
  <type>
    <coding>
      <system value="http://loinc.org"/>
      <code value="82593-5"/>
    </coding>
  </type>
  <subject>
    <reference value="Patient/DDCC-Patient-French"/>
  </subject>
  <date value="2020-05-06"/>
  <author>
    <reference value="Organization/DDCC-Organization-French"/>
  </author>
  <title value="Digital Documentation of COVID-19 Certificate (DDCC)"/>
  <attester>
    <mode value="official"/>
    <party>
      <reference value="Organization/DDCC-Organization-French"/>
    </party>
  </attester>
  <section>
    <code>
      <coding>
        <system value="http://loinc.org"/>
        <code value="11369-6"/>
      </coding>
    </code>
    <focus>
      <reference value="Immunization/DDCC-Immunization-French"/>
    </focus>
    <entry>
      <reference value="Immunization/DDCC-Immunization-French"/>
    </entry>
    <entry>
      <reference value="ImmunizationRecommendation/DDCC-ImmunizationRecommendation-French"/>
    </entry>
  </section>
</Composition>