<?xml version="1.0" encoding="UTF-8"?>

<ConceptMap xmlns="http://hl7.org/fhir">
  <id value="who-ddcc-map-icd11-sct-disease-targeted"/>
  <text>
    <status value="extensions"/><div xmlns="http://www.w3.org/1999/xhtml"><h2>ICD_11_SNOMED_CT_COVID19_Disease (http://worldhealthorganization.github.io/ddcc/ConceptMap/who-ddcc-map-icd11-sct-disease-targeted)</h2><p>Mapping from (not specified) to (not specified)</p><p>DRAFT (not intended for production usage). Published on 2021-04-23 by WHO (WHO: <a href="http://who.int">http://who.int</a>). </p><div><p>Rule-based mappings between ICD-11 and SNOMED CT for COVID-19 Disease or Agent Targeted</p>
</div><br/><p><b>Group 1</b>Mapping from <a href="CodeSystem-DDCC-ICD11-CodeSystem.html">DDCC Codes for ICD11</a> to <a href="http://hl7.org/fhir/R4/codesystem-snomedct.html">SNOMED CT (all versions)</a></p><table class="grid"><tr><td><b>Source Code</b></td><td><b>Relationship</b></td><td><b>Target Code</b></td></tr><tr><td>RA01 (COVID-19 Disease)</td><td><a href="http://hl7.org/fhir/R4/codesystem-concept-map-equivalence.html#equivalent" title="equivalent">is equivalent to</a></td><td>840539006 (Disease caused by 2019 novel coronavirus)</td></tr></table></div>
  </text>
  <url value="http://worldhealthorganization.github.io/ddcc/ConceptMap/who-ddcc-map-icd11-sct-disease-targeted"/>
  <version value="1.0.0"/>
  <name value="ICD_11_SNOMED_CT_COVID19_Disease"/>
  <title value="ConceptMap from ICD-11 to SNOMED CT for Disease or Agent Targeted"/>
  <status value="draft"/>
  <experimental value="true"/>
  <date value="2021-04-23"/>
  <publisher value="WHO"/>
  <contact>
    <name value="WHO"/>
    <telecom>
      <system value="url"/>
      <value value="http://who.int"/>
    </telecom>
  </contact>
  <description value="Rule-based mappings between ICD-11 and SNOMED CT for COVID-19 Disease or Agent Targeted"/>
  <jurisdiction>
    <coding>
      <system value="http://unstats.un.org/unsd/methods/m49/m49.htm"/>
      <code value="001"/>
    </coding>
  </jurisdiction>
  <group>
    <source value="http://id.who.int/icd11/mms"/>
    <target value="http://snomed.info/sct"/>
    <element>
      <code value="RA01"/>
      <target>
        <code value="840539006"/>
        <equivalence value="equivalent"/>
      </target>
    </element>
  </group>
</ConceptMap>