<?xml version="1.0" encoding="UTF-8"?>

<ConceptMap xmlns="http://hl7.org/fhir">
  <id value="who-ddcc-map-ichi-sct-specimen-origin"/>
  <text>
    <status value="extensions"/><div xmlns="http://www.w3.org/1999/xhtml"><h2>ICHI_SNOMED_CT_COVID19_Specimen_Origin (http://worldhealthorganization.github.io/ddcc/ConceptMap/WHO_DDCC_Map_ICHI_to_SCT_Specimen_Origin)</h2><p>Mapping from http://id.who.int/icd/entity to <a href="http://hl7.org/fhir/R4/codesystem-snomedct.html">http://snomed.info/sct</a></p><p>DRAFT (not intended for production usage). Published on 2022-03-22 by WHO (WHO: <a href="http://who.int">http://who.int</a>). </p><div><p>Rule-based mappings between ICHI and SNOMED CT for COVID-19 Specimen Origin</p>
</div><br/><p><b>Group 1</b>Mapping from <code>http://id.who.int/icd/entity</code> to <a href="http://hl7.org/fhir/R4/codesystem-snomedct.html">SNOMED CT (all versions)</a></p><table class="grid"><tr><td><b>Source Code</b></td><td><b>Relationship</b></td><td><b>Target Code</b></td></tr><tr><td>50872817</td><td><a href="http://hl7.org/fhir/R4/codesystem-concept-map-equivalence.html#equivalent" title="equivalent">is equivalent to</a></td><td>258500001 (Nasopharyngeal swab)</td></tr><tr><td>555916027</td><td><a href="http://hl7.org/fhir/R4/codesystem-concept-map-equivalence.html#wider" title="wider">maps to wider concept</a></td><td>461911000124106 (Swab specimen from oropharynx (specimen))</td></tr><tr><td>555916027</td><td><a href="http://hl7.org/fhir/R4/codesystem-concept-map-equivalence.html#wider" title="wider">maps to wider concept</a></td><td>472881004 (Swab from pharynx)</td></tr><tr><td>608172011</td><td><a href="http://hl7.org/fhir/R4/codesystem-concept-map-equivalence.html#equivalent" title="equivalent">is equivalent to</a></td><td>472901003 (Swab from nasal sinus)</td></tr><tr><td>1162766848</td><td><a href="http://hl7.org/fhir/R4/codesystem-concept-map-equivalence.html#equivalent" title="equivalent">is equivalent to</a></td><td>119342007 (Saliva specimen)</td></tr><tr><td>1695591348</td><td><a href="http://hl7.org/fhir/R4/codesystem-concept-map-equivalence.html#wider" title="wider">maps to wider concept</a></td><td>119297000 (Blood specimen)</td></tr><tr><td>1695591348</td><td><a href="http://hl7.org/fhir/R4/codesystem-concept-map-equivalence.html#wider" title="wider">maps to wider concept</a></td><td>119361006 (Plasma specimen)</td></tr><tr><td>1695591348</td><td><a href="http://hl7.org/fhir/R4/codesystem-concept-map-equivalence.html#wider" title="wider">maps to wider concept</a></td><td>119364003 (Serum specimen)</td></tr><tr><td>1695591348</td><td><a href="http://hl7.org/fhir/R4/codesystem-concept-map-equivalence.html#wider" title="wider">maps to wider concept</a></td><td>122592007 (Acellular blood (serum or plasma) specimen)</td></tr></table></div>
  </text>
  <url value="http://worldhealthorganization.github.io/ddcc/ConceptMap/WHO_DDCC_Map_ICHI_to_SCT_Specimen_Origin"/>
  <version value="1.0.0"/>
  <name value="ICHI_SNOMED_CT_COVID19_Specimen_Origin"/>
  <title value="ConceptMap from ICHI to SNOMED CT for Specimen Origin"/>
  <status value="draft"/>
  <experimental value="true"/>
  <date value="2022-03-22"/>
  <publisher value="WHO"/>
  <contact>
    <name value="WHO"/>
    <telecom>
      <system value="url"/>
      <value value="http://who.int"/>
    </telecom>
  </contact>
  <description value="Rule-based mappings between ICHI and SNOMED CT for COVID-19 Specimen Origin"/>
  <jurisdiction>
    <coding>
      <system value="http://unstats.un.org/unsd/methods/m49/m49.htm"/>
      <code value="001"/>
    </coding>
  </jurisdiction>
  <sourceCanonical value="http://id.who.int/icd/entity"/>
  <targetCanonical value="http://snomed.info/sct"/>
  <group>
    <source value="http://id.who.int/icd/entity"/>
    <target value="http://snomed.info/sct"/>
    <element>
      <code value="50872817"/>
      <target>
        <code value="258500001"/>
        <equivalence value="equivalent"/>
      </target>
    </element>
    <element>
      <code value="555916027"/>
      <target>
        <code value="461911000124106"/>
        <equivalence value="wider"/>
      </target>
    </element>
    <element>
      <code value="555916027"/>
      <target>
        <code value="472881004"/>
        <equivalence value="wider"/>
      </target>
    </element>
    <element>
      <code value="608172011"/>
      <target>
        <code value="472901003"/>
        <equivalence value="equivalent"/>
      </target>
    </element>
    <element>
      <code value="1162766848"/>
      <target>
        <code value="119342007"/>
        <equivalence value="equivalent"/>
      </target>
    </element>
    <element>
      <code value="1695591348"/>
      <target>
        <code value="119297000"/>
        <equivalence value="wider"/>
      </target>
    </element>
    <element>
      <code value="1695591348"/>
      <target>
        <code value="119361006"/>
        <equivalence value="wider"/>
      </target>
    </element>
    <element>
      <code value="1695591348"/>
      <target>
        <code value="119364003"/>
        <equivalence value="wider"/>
      </target>
    </element>
    <element>
      <code value="1695591348"/>
      <target>
        <code value="122592007"/>
        <equivalence value="wider"/>
      </target>
    </element>
  </group>
</ConceptMap>