<?xml version="1.0" encoding="UTF-8"?>

<StructureDefinition xmlns="http://hl7.org/fhir">
  <id value="DDCCCoreDataSet.TR"/>
  <text>
    <status value="extensions"/><div xmlns="http://www.w3.org/1999/xhtml"><table border="0" cellpadding="0" cellspacing="0" style="border: 0px #F0F0F0 solid; font-size: 11px; font-family: verdana; vertical-align: top;"><tr style="border: 1px #F0F0F0 solid; font-size: 11px; font-family: verdana; vertical-align: top"><th style="vertical-align: top; text-align : left; background-color: white; border: 0px #F0F0F0 solid; padding:0px 4px 0px 4px" class="hierarchy"><a href="http://build.fhir.org/ig/FHIR/ig-guidance/readingIgs.html#table-views" title="The logical name of the element">Name</a></th><th style="vertical-align: top; text-align : left; background-color: white; border: 0px #F0F0F0 solid; padding:0px 4px 0px 4px" class="hierarchy"><a href="http://build.fhir.org/ig/FHIR/ig-guidance/readingIgs.html#table-views" title="Information about the use of the element">Flags</a></th><th style="vertical-align: top; text-align : left; background-color: white; border: 0px #F0F0F0 solid; padding:0px 4px 0px 4px" class="hierarchy"><a href="http://build.fhir.org/ig/FHIR/ig-guidance/readingIgs.html#table-views" title="Minimum and Maximum # of times the the element can appear in the instance">Card.</a></th><th style="width: 100px" class="hierarchy"><a href="http://build.fhir.org/ig/FHIR/ig-guidance/readingIgs.html#table-views" title="Reference to the type of the element">Type</a></th><th style="vertical-align: top; text-align : left; background-color: white; border: 0px #F0F0F0 solid; padding:0px 4px 0px 4px" class="hierarchy"><a href="http://build.fhir.org/ig/FHIR/ig-guidance/readingIgs.html#table-views" title="Additional information about the element">Description &amp; Constraints</a><span style="float: right"><a href="http://build.fhir.org/ig/FHIR/ig-guidance/readingIgs.html#table-views" title="Legend for this format"><img src="http://hl7.org/fhir/R4/help16.png" alt="doco" style="background-color: inherit"/></a></span></th></tr><tr style="border: 0px #F0F0F0 solid; padding:0px; vertical-align: top; background-color: white"><td style="vertical-align: top; text-align : left; background-color: white; border: 0px #F0F0F0 solid; padding:0px 4px 0px 4px; white-space: nowrap; background-image: url(tbl_bck1.png)" class="hierarchy"><img src="tbl_spacer.png" alt="." style="background-color: inherit" class="hierarchy"/><img src="icon_element.gif" alt="." style="background-color: white; background-color: inherit" title="Element" class="hierarchy"/> <a href="StructureDefinition-DDCCCoreDataSet.TR-definitions.html#DDCCCoreDataSet" title="Data elements for the DDCC Core Data Set for Test Result.">DDCCCoreDataSet</a><a name="DDCCCoreDataSet"> </a></td><td style="vertical-align: top; text-align : left; background-color: white; border: 0px #F0F0F0 solid; padding:0px 4px 0px 4px" class="hierarchy"/><td style="vertical-align: top; text-align : left; background-color: white; border: 0px #F0F0F0 solid; padding:0px 4px 0px 4px" class="hierarchy"><span style="opacity: 0.5">0</span><span style="opacity: 0.5">..</span><span style="opacity: 0.5">*</span></td><td style="vertical-align: top; text-align : left; background-color: white; border: 0px #F0F0F0 solid; padding:0px 4px 0px 4px" class="hierarchy"><a href="StructureDefinition-DDCCCoreDataSet.html">DDCCCoreDataSet</a></td><td style="vertical-align: top; text-align : left; background-color: white; border: 0px #F0F0F0 solid; padding:0px 4px 0px 4px" class="hierarchy">This is an abstract type. <br/>DDCC Core Data Set Logical Model for Test Result</td></tr>
<tr style="border: 0px #F0F0F0 solid; padding:0px; vertical-align: top; background-color: #F7F7F7"><td style="vertical-align: top; text-align : left; background-color: #F7F7F7; border: 0px #F0F0F0 solid; padding:0px 4px 0px 4px; white-space: nowrap; background-image: url(tbl_bck01.png)" class="hierarchy"><img src="tbl_spacer.png" alt="." style="background-color: inherit" class="hierarchy"/><img src="tbl_vjoin_end.png" alt="." style="background-color: inherit" class="hierarchy"/><img src="icon_datatype.gif" alt="." style="background-color: #F7F7F7; background-color: inherit" title="Data Type" class="hierarchy"/> <a href="StructureDefinition-DDCCCoreDataSet.TR-definitions.html#DDCCCoreDataSet.test" title="A test event.">test</a><a name="DDCCCoreDataSet.test"> </a></td><td style="vertical-align: top; text-align : left; background-color: #F7F7F7; border: 0px #F0F0F0 solid; padding:0px 4px 0px 4px" class="hierarchy"><span style="padding-left: 3px; padding-right: 3px; color: black; null" title="This element is included in summaries">Σ</span></td><td style="vertical-align: top; text-align : left; background-color: #F7F7F7; border: 0px #F0F0F0 solid; padding:0px 4px 0px 4px" class="hierarchy">1..1</td><td style="vertical-align: top; text-align : left; background-color: #F7F7F7; border: 0px #F0F0F0 solid; padding:0px 4px 0px 4px" class="hierarchy"><a href="http://hl7.org/fhir/R4/datatypes.html#BackboneElement">BackboneElement</a></td><td style="vertical-align: top; text-align : left; background-color: #F7F7F7; border: 0px #F0F0F0 solid; padding:0px 4px 0px 4px" class="hierarchy">Test Event</td></tr>
<tr style="border: 0px #F0F0F0 solid; padding:0px; vertical-align: top; background-color: white"><td style="vertical-align: top; text-align : left; background-color: white; border: 0px #F0F0F0 solid; padding:0px 4px 0px 4px; white-space: nowrap; background-image: url(tbl_bck010.png)" class="hierarchy"><img src="tbl_spacer.png" alt="." style="background-color: inherit" class="hierarchy"/><img src="tbl_blank.png" alt="." style="background-color: inherit" class="hierarchy"/><img src="tbl_vjoin.png" alt="." style="background-color: inherit" class="hierarchy"/><img src="icon_datatype.gif" alt="." style="background-color: white; background-color: inherit" title="Data Type" class="hierarchy"/> <a href="StructureDefinition-DDCCCoreDataSet.TR-definitions.html#DDCCCoreDataSet.test.pathogen" title="Name of the pathogen being tested for (such as SARS-CoV-2). ">pathogen</a><a name="DDCCCoreDataSet.test.pathogen"> </a></td><td style="vertical-align: top; text-align : left; background-color: white; border: 0px #F0F0F0 solid; padding:0px 4px 0px 4px" class="hierarchy"><span style="padding-left: 3px; padding-right: 3px; color: black; null" title="This element is included in summaries">Σ</span></td><td style="vertical-align: top; text-align : left; background-color: white; border: 0px #F0F0F0 solid; padding:0px 4px 0px 4px" class="hierarchy">1..1</td><td style="vertical-align: top; text-align : left; background-color: white; border: 0px #F0F0F0 solid; padding:0px 4px 0px 4px" class="hierarchy"><a href="http://hl7.org/fhir/R4/datatypes.html#Coding">Coding</a></td><td style="vertical-align: top; text-align : left; background-color: white; border: 0px #F0F0F0 solid; padding:0px 4px 0px 4px" class="hierarchy">Pathogen targeted<br/><span style="font-weight:bold">Binding: </span><a href="ValueSet-who-ddcc-agent-targeted-covid-19.html">WHO Agent Targeted (COVID-19)</a> (<a href="http://hl7.org/fhir/R4/terminologies.html#preferred" title="Instances are encouraged to draw from the specified codes for interoperability purposes but are not required to do so to be considered conformant.">preferred</a>)</td></tr>
<tr style="border: 0px #F0F0F0 solid; padding:0px; vertical-align: top; background-color: #F7F7F7"><td style="vertical-align: top; text-align : left; background-color: #F7F7F7; border: 0px #F0F0F0 solid; padding:0px 4px 0px 4px; white-space: nowrap; background-image: url(tbl_bck010.png)" class="hierarchy"><img src="tbl_spacer.png" alt="." style="background-color: inherit" class="hierarchy"/><img src="tbl_blank.png" alt="." style="background-color: inherit" class="hierarchy"/><img src="tbl_vjoin.png" alt="." style="background-color: inherit" class="hierarchy"/><img src="icon_datatype.gif" alt="." style="background-color: #F7F7F7; background-color: inherit" title="Data Type" class="hierarchy"/> <a href="StructureDefinition-DDCCCoreDataSet.TR-definitions.html#DDCCCoreDataSet.test.type" title="Name of the type of test that was conducted e.g. NAAT.">type</a><a name="DDCCCoreDataSet.test.type"> </a></td><td style="vertical-align: top; text-align : left; background-color: #F7F7F7; border: 0px #F0F0F0 solid; padding:0px 4px 0px 4px" class="hierarchy"><span style="padding-left: 3px; padding-right: 3px; color: black; null" title="This element is included in summaries">Σ</span></td><td style="vertical-align: top; text-align : left; background-color: #F7F7F7; border: 0px #F0F0F0 solid; padding:0px 4px 0px 4px" class="hierarchy">1..1</td><td style="vertical-align: top; text-align : left; background-color: #F7F7F7; border: 0px #F0F0F0 solid; padding:0px 4px 0px 4px" class="hierarchy"><a href="http://hl7.org/fhir/R4/datatypes.html#Coding">Coding</a></td><td style="vertical-align: top; text-align : left; background-color: #F7F7F7; border: 0px #F0F0F0 solid; padding:0px 4px 0px 4px" class="hierarchy">Type of test<br/><span style="font-weight:bold">Binding: </span><a href="ValueSet-who-ddcc-type-of-test-covid-19.html">WHO Type of Covid-19 Test</a> (<a href="http://hl7.org/fhir/R4/terminologies.html#preferred" title="Instances are encouraged to draw from the specified codes for interoperability purposes but are not required to do so to be considered conformant.">preferred</a>)</td></tr>
<tr style="border: 0px #F0F0F0 solid; padding:0px; vertical-align: top; background-color: white"><td style="vertical-align: top; text-align : left; background-color: white; border: 0px #F0F0F0 solid; padding:0px 4px 0px 4px; white-space: nowrap; background-image: url(tbl_bck010.png)" class="hierarchy"><img src="tbl_spacer.png" alt="." style="background-color: inherit" class="hierarchy"/><img src="tbl_blank.png" alt="." style="background-color: inherit" class="hierarchy"/><img src="tbl_vjoin.png" alt="." style="background-color: inherit" class="hierarchy"/><img src="icon_datatype.gif" alt="." style="background-color: white; background-color: inherit" title="Data Type" class="hierarchy"/> <a href="StructureDefinition-DDCCCoreDataSet.TR-definitions.html#DDCCCoreDataSet.test.brand" title="The brand or trade name used to refer to the test conducted.">brand</a><a name="DDCCCoreDataSet.test.brand"> </a></td><td style="vertical-align: top; text-align : left; background-color: white; border: 0px #F0F0F0 solid; padding:0px 4px 0px 4px" class="hierarchy"><span style="padding-left: 3px; padding-right: 3px; color: black; null" title="This element is included in summaries">Σ</span></td><td style="vertical-align: top; text-align : left; background-color: white; border: 0px #F0F0F0 solid; padding:0px 4px 0px 4px" class="hierarchy">0..1</td><td style="vertical-align: top; text-align : left; background-color: white; border: 0px #F0F0F0 solid; padding:0px 4px 0px 4px" class="hierarchy"><a href="http://hl7.org/fhir/R4/datatypes.html#Coding">Coding</a></td><td style="vertical-align: top; text-align : left; background-color: white; border: 0px #F0F0F0 solid; padding:0px 4px 0px 4px" class="hierarchy">Test brand</td></tr>
<tr style="border: 0px #F0F0F0 solid; padding:0px; vertical-align: top; background-color: #F7F7F7"><td style="vertical-align: top; text-align : left; background-color: #F7F7F7; border: 0px #F0F0F0 solid; padding:0px 4px 0px 4px; white-space: nowrap; background-image: url(tbl_bck010.png)" class="hierarchy"><img src="tbl_spacer.png" alt="." style="background-color: inherit" class="hierarchy"/><img src="tbl_blank.png" alt="." style="background-color: inherit" class="hierarchy"/><img src="tbl_vjoin.png" alt="." style="background-color: inherit" class="hierarchy"/><img src="icon_datatype.gif" alt="." style="background-color: #F7F7F7; background-color: inherit" title="Data Type" class="hierarchy"/> <a href="StructureDefinition-DDCCCoreDataSet.TR-definitions.html#DDCCCoreDataSet.test.manufacturer" title="Name of the manufacturer of the test conducted.">manufacturer</a><a name="DDCCCoreDataSet.test.manufacturer"> </a></td><td style="vertical-align: top; text-align : left; background-color: #F7F7F7; border: 0px #F0F0F0 solid; padding:0px 4px 0px 4px" class="hierarchy"><span style="padding-left: 3px; padding-right: 3px; color: black; null" title="This element is included in summaries">Σ</span></td><td style="vertical-align: top; text-align : left; background-color: #F7F7F7; border: 0px #F0F0F0 solid; padding:0px 4px 0px 4px" class="hierarchy">0..1</td><td style="vertical-align: top; text-align : left; background-color: #F7F7F7; border: 0px #F0F0F0 solid; padding:0px 4px 0px 4px" class="hierarchy"><a href="http://hl7.org/fhir/R4/datatypes.html#Coding">Coding</a></td><td style="vertical-align: top; text-align : left; background-color: #F7F7F7; border: 0px #F0F0F0 solid; padding:0px 4px 0px 4px" class="hierarchy">Test manufacturer</td></tr>
<tr style="border: 0px #F0F0F0 solid; padding:0px; vertical-align: top; background-color: white"><td style="vertical-align: top; text-align : left; background-color: white; border: 0px #F0F0F0 solid; padding:0px 4px 0px 4px; white-space: nowrap; background-image: url(tbl_bck010.png)" class="hierarchy"><img src="tbl_spacer.png" alt="." style="background-color: inherit" class="hierarchy"/><img src="tbl_blank.png" alt="." style="background-color: inherit" class="hierarchy"/><img src="tbl_vjoin.png" alt="." style="background-color: inherit" class="hierarchy"/><img src="icon_datatype.gif" alt="." style="background-color: white; background-color: inherit" title="Data Type" class="hierarchy"/> <a href="StructureDefinition-DDCCCoreDataSet.TR-definitions.html#DDCCCoreDataSet.test.origin" title="The type of sample that was taken  e.g. Nasopharyngeal swab or Saliva specimen.">origin</a><a name="DDCCCoreDataSet.test.origin"> </a></td><td style="vertical-align: top; text-align : left; background-color: white; border: 0px #F0F0F0 solid; padding:0px 4px 0px 4px" class="hierarchy"><span style="padding-left: 3px; padding-right: 3px; color: black; null" title="This element is included in summaries">Σ</span></td><td style="vertical-align: top; text-align : left; background-color: white; border: 0px #F0F0F0 solid; padding:0px 4px 0px 4px" class="hierarchy">0..1</td><td style="vertical-align: top; text-align : left; background-color: white; border: 0px #F0F0F0 solid; padding:0px 4px 0px 4px" class="hierarchy"><a href="http://hl7.org/fhir/R4/datatypes.html#Coding">Coding</a></td><td style="vertical-align: top; text-align : left; background-color: white; border: 0px #F0F0F0 solid; padding:0px 4px 0px 4px" class="hierarchy">Specimen Sample Origin<br/><span style="font-weight:bold">Binding: </span><a href="ValueSet-who-ddcc-sample-origin-covid-19.html">WHO Speciman Sample Origin (COVID-19)</a> (<a href="http://hl7.org/fhir/R4/terminologies.html#preferred" title="Instances are encouraged to draw from the specified codes for interoperability purposes but are not required to do so to be considered conformant.">preferred</a>)</td></tr>
<tr style="border: 0px #F0F0F0 solid; padding:0px; vertical-align: top; background-color: #F7F7F7"><td style="vertical-align: top; text-align : left; background-color: #F7F7F7; border: 0px #F0F0F0 solid; padding:0px 4px 0px 4px; white-space: nowrap; background-image: url(tbl_bck010.png)" class="hierarchy"><img src="tbl_spacer.png" alt="." style="background-color: inherit" class="hierarchy"/><img src="tbl_blank.png" alt="." style="background-color: inherit" class="hierarchy"/><img src="tbl_vjoin.png" alt="." style="background-color: inherit" class="hierarchy"/><img src="icon_primitive.png" alt="." style="background-color: #F7F7F7; background-color: inherit" title="Primitive Data Type" class="hierarchy"/> <a href="StructureDefinition-DDCCCoreDataSet.TR-definitions.html#DDCCCoreDataSet.test.date" title="Date and time when sample was collected.">date</a><a name="DDCCCoreDataSet.test.date"> </a></td><td style="vertical-align: top; text-align : left; background-color: #F7F7F7; border: 0px #F0F0F0 solid; padding:0px 4px 0px 4px" class="hierarchy"><span style="padding-left: 3px; padding-right: 3px; color: black; null" title="This element is included in summaries">Σ</span></td><td style="vertical-align: top; text-align : left; background-color: #F7F7F7; border: 0px #F0F0F0 solid; padding:0px 4px 0px 4px" class="hierarchy">1..1</td><td style="vertical-align: top; text-align : left; background-color: #F7F7F7; border: 0px #F0F0F0 solid; padding:0px 4px 0px 4px" class="hierarchy"><a href="http://hl7.org/fhir/R4/datatypes.html#dateTime">dateTime</a></td><td style="vertical-align: top; text-align : left; background-color: #F7F7F7; border: 0px #F0F0F0 solid; padding:0px 4px 0px 4px" class="hierarchy">Date and time of sample collection</td></tr>
<tr style="border: 0px #F0F0F0 solid; padding:0px; vertical-align: top; background-color: white"><td style="vertical-align: top; text-align : left; background-color: white; border: 0px #F0F0F0 solid; padding:0px 4px 0px 4px; white-space: nowrap; background-image: url(tbl_bck010.png)" class="hierarchy"><img src="tbl_spacer.png" alt="." style="background-color: inherit" class="hierarchy"/><img src="tbl_blank.png" alt="." style="background-color: inherit" class="hierarchy"/><img src="tbl_vjoin.png" alt="." style="background-color: inherit" class="hierarchy"/><img src="icon_datatype.gif" alt="." style="background-color: white; background-color: inherit" title="Data Type" class="hierarchy"/> <a href="StructureDefinition-DDCCCoreDataSet.TR-definitions.html#DDCCCoreDataSet.test.result" title="Detected or Not detected presence of SARS-CoV-2 infection.">result</a><a name="DDCCCoreDataSet.test.result"> </a></td><td style="vertical-align: top; text-align : left; background-color: white; border: 0px #F0F0F0 solid; padding:0px 4px 0px 4px" class="hierarchy"/><td style="vertical-align: top; text-align : left; background-color: white; border: 0px #F0F0F0 solid; padding:0px 4px 0px 4px" class="hierarchy">0..1</td><td style="vertical-align: top; text-align : left; background-color: white; border: 0px #F0F0F0 solid; padding:0px 4px 0px 4px" class="hierarchy"><a href="http://hl7.org/fhir/R4/datatypes.html#Coding">Coding</a></td><td style="vertical-align: top; text-align : left; background-color: white; border: 0px #F0F0F0 solid; padding:0px 4px 0px 4px" class="hierarchy">Test result<br/><span style="font-weight:bold">Binding: </span><a href="ValueSet-who-ddcc-test-result-covid-19.html">WHO Test Result (COVID-19)</a> (<a href="http://hl7.org/fhir/R4/terminologies.html#preferred" title="Instances are encouraged to draw from the specified codes for interoperability purposes but are not required to do so to be considered conformant.">preferred</a>)</td></tr>
<tr style="border: 0px #F0F0F0 solid; padding:0px; vertical-align: top; background-color: #F7F7F7"><td style="vertical-align: top; text-align : left; background-color: #F7F7F7; border: 0px #F0F0F0 solid; padding:0px 4px 0px 4px; white-space: nowrap; background-image: url(tbl_bck010.png)" class="hierarchy"><img src="tbl_spacer.png" alt="." style="background-color: inherit" class="hierarchy"/><img src="tbl_blank.png" alt="." style="background-color: inherit" class="hierarchy"/><img src="tbl_vjoin.png" alt="." style="background-color: inherit" class="hierarchy"/><img src="icon_datatype.gif" alt="." style="background-color: #F7F7F7; background-color: inherit" title="Data Type" class="hierarchy"/> <a href="StructureDefinition-DDCCCoreDataSet.TR-definitions.html#DDCCCoreDataSet.test.centre" title="A codable name or identifier of the facility responsible for conducting the test.">centre</a><a name="DDCCCoreDataSet.test.centre"> </a></td><td style="vertical-align: top; text-align : left; background-color: #F7F7F7; border: 0px #F0F0F0 solid; padding:0px 4px 0px 4px" class="hierarchy"/><td style="vertical-align: top; text-align : left; background-color: #F7F7F7; border: 0px #F0F0F0 solid; padding:0px 4px 0px 4px" class="hierarchy">0..1</td><td style="vertical-align: top; text-align : left; background-color: #F7F7F7; border: 0px #F0F0F0 solid; padding:0px 4px 0px 4px" class="hierarchy"><a href="http://hl7.org/fhir/R4/datatypes.html#Coding">Coding</a></td><td style="vertical-align: top; text-align : left; background-color: #F7F7F7; border: 0px #F0F0F0 solid; padding:0px 4px 0px 4px" class="hierarchy">Test centre or facility name</td></tr>
<tr style="border: 0px #F0F0F0 solid; padding:0px; vertical-align: top; background-color: white"><td style="vertical-align: top; text-align : left; background-color: white; border: 0px #F0F0F0 solid; padding:0px 4px 0px 4px; white-space: nowrap; background-image: url(tbl_bck000.png)" class="hierarchy"><img src="tbl_spacer.png" alt="." style="background-color: inherit" class="hierarchy"/><img src="tbl_blank.png" alt="." style="background-color: inherit" class="hierarchy"/><img src="tbl_vjoin_end.png" alt="." style="background-color: inherit" class="hierarchy"/><img src="icon_datatype.gif" alt="." style="background-color: white; background-color: inherit" title="Data Type" class="hierarchy"/> <a href="StructureDefinition-DDCCCoreDataSet.TR-definitions.html#DDCCCoreDataSet.test.country" title="The country in which the individual has been tested.">country</a><a name="DDCCCoreDataSet.test.country"> </a></td><td style="vertical-align: top; text-align : left; background-color: white; border: 0px #F0F0F0 solid; padding:0px 4px 0px 4px" class="hierarchy"><span style="padding-left: 3px; padding-right: 3px; color: black; null" title="This element is included in summaries">Σ</span></td><td style="vertical-align: top; text-align : left; background-color: white; border: 0px #F0F0F0 solid; padding:0px 4px 0px 4px" class="hierarchy">1..1</td><td style="vertical-align: top; text-align : left; background-color: white; border: 0px #F0F0F0 solid; padding:0px 4px 0px 4px" class="hierarchy"><a href="http://hl7.org/fhir/R4/datatypes.html#Coding">Coding</a></td><td style="vertical-align: top; text-align : left; background-color: white; border: 0px #F0F0F0 solid; padding:0px 4px 0px 4px" class="hierarchy">Test centre country<br/><span style="font-weight:bold">Binding: </span><a href="http://hl7.org/fhir/R4/valueset-iso3166-1-3.html">Iso3166-1-3</a> (<a href="http://hl7.org/fhir/R4/terminologies.html#preferred" title="Instances are encouraged to draw from the specified codes for interoperability purposes but are not required to do so to be considered conformant.">preferred</a>)</td></tr>
<tr><td colspan="5" class="hierarchy"><br/><a href="http://build.fhir.org/ig/FHIR/ig-guidance/readingIgs.html#table-views" title="Legend for this format"><img src="http://hl7.org/fhir/R4/help16.png" alt="doco" style="background-color: inherit"/> Documentation for this format</a></td></tr></table></div>
  </text>
  <url value="http://worldhealthorganization.github.io/ddcc/StructureDefinition/DDCCCoreDataSet.TR"/>
  <version value="1.0.0"/>
  <name value="DDCCCoreDataSet_TR"/>
  <title value="DDCC Core Data Set Logical Model for Test Result"/>
  <status value="draft"/>
  <date value="2022-11-29T11:57:57+00:00"/>
  <publisher value="WHO"/>
  <contact>
    <name value="WHO"/>
    <telecom>
      <system value="url"/>
      <value value="http://who.int"/>
    </telecom>
  </contact>
  <description value="Data elements for the DDCC Core Data Set for Test Result."/>
  <jurisdiction>
    <coding>
      <system value="http://unstats.un.org/unsd/methods/m49/m49.htm"/>
      <code value="001"/>
    </coding>
  </jurisdiction>
  <fhirVersion value="4.0.1"/>
  <mapping>
    <identity value="rim"/>
    <uri value="http://hl7.org/v3"/>
    <name value="RIM Mapping"/>
  </mapping>
  <mapping>
    <identity value="ddcc-observation"/>
    <uri value="http://worldhealthorganization.github.io/ddcc/StructureDefinition/DDCCObservation"/>
    <name value="WHO Digital Documentation of COVID Certificates"/>
  </mapping>
  <mapping>
    <identity value="ddcc-specimen"/>
    <uri value="http://worldhealthorganization.github.io/ddcc/StructureDefinition/DDCCSpecimen"/>
    <name value="WHO Digital Documentation of COVID Certificates"/>
  </mapping>
  <mapping>
    <identity value="ddcc-test"/>
    <uri value="http://worldhealthorganization.github.io/ddcc/StructureDefinition/DDCCTest"/>
    <name value="WHO Digital Documentation of COVID Certificates"/>
  </mapping>
  <mapping>
    <identity value="ddcc-diagnostic-report"/>
    <uri value="http://worldhealthorganization.github.io/ddcc/StructureDefinition/DDCCDiagnosticReport"/>
    <name value="WHO Digital Documentation of COVID Certificates"/>
  </mapping>
  <mapping>
    <identity value="ddcc-procedure"/>
    <uri value="http://worldhealthorganization.github.io/ddcc/StructureDefinition/DDCCProcedure"/>
    <name value="WHO Digital Documentation of COVID Certificates"/>
  </mapping>
  <mapping>
    <identity value="ddcc-composition"/>
    <uri value="http://worldhealthorganization.github.io/ddcc/StructureDefinition/DDCCComposition"/>
    <name value="WHO Digital Documentation of COVID Certificates"/>
  </mapping>
  <mapping>
    <identity value="ddcc-patient"/>
    <uri value="http://worldhealthorganization.github.io/ddcc/StructureDefinition/DDCCPatient"/>
    <name value="WHO Digital Documentation of COVID Certificates"/>
  </mapping>
  <kind value="logical"/>
  <abstract value="true"/>
  <type value="DDCCCoreDataSet"/>
  <baseDefinition value="http://worldhealthorganization.github.io/ddcc/StructureDefinition/DDCCCoreDataSet"/>
  <derivation value="specialization"/>
  <snapshot>
    <element id="DDCCCoreDataSet">
      <path value="DDCCCoreDataSet"/>
      <short value="DDCC Core Data Set Logical Model for Test Result"/>
      <definition value="Data elements for the DDCC Core Data Set for Test Result."/>
      <min value="0"/>
      <max value="*"/>
      <base>
        <path value="Base"/>
        <min value="0"/>
        <max value="*"/>
      </base>
      <isModifier value="false"/>
    </element>
    <element id="DDCCCoreDataSet.name">
      <path value="DDCCCoreDataSet.name"/>
      <short value="Name"/>
      <definition value="The full name of the person."/>
      <min value="1"/>
      <max value="1"/>
      <base>
        <path value="DDCCCoreDataSet.name"/>
        <min value="1"/>
        <max value="1"/>
      </base>
      <type>
        <code value="string"/>
      </type>
      <isSummary value="true"/>
      <mapping>
        <identity value="ddcc-patient"/>
        <map value="Patient.name.text"/>
      </mapping>
    </element>
    <element id="DDCCCoreDataSet.birthDate">
      <path value="DDCCCoreDataSet.birthDate"/>
      <short value="Date of birth"/>
      <definition value="The person's date of birth (DOB) if known. If unknown, use given DOB for administrative purposes"/>
      <min value="0"/>
      <max value="1"/>
      <base>
        <path value="DDCCCoreDataSet.birthDate"/>
        <min value="0"/>
        <max value="1"/>
      </base>
      <type>
        <code value="date"/>
      </type>
      <isSummary value="true"/>
      <mapping>
        <identity value="ddcc-patient"/>
        <map value="Patient.birthDate"/>
      </mapping>
    </element>
    <element id="DDCCCoreDataSet.identifier">
      <path value="DDCCCoreDataSet.identifier"/>
      <short value="Unique identifier"/>
      <definition value="Unique identifier for the person, according to the policies applicable to each country. There can be more than one unique identifier used to link records. (e.g. national ID, health ID, immunization information system ID, medical record ID)."/>
      <min value="0"/>
      <max value="1"/>
      <base>
        <path value="DDCCCoreDataSet.identifier"/>
        <min value="0"/>
        <max value="1"/>
      </base>
      <type>
        <code value="Identifier"/>
      </type>
      <isSummary value="true"/>
      <mapping>
        <identity value="ddcc-patient"/>
        <map value="Patient.identifier"/>
      </mapping>
    </element>
    <element id="DDCCCoreDataSet.certificate">
      <path value="DDCCCoreDataSet.certificate"/>
      <short value="Certificate Metadata"/>
      <definition value="Metadata associated with the certificate"/>
      <min value="0"/>
      <max value="1"/>
      <base>
        <path value="DDCCCoreDataSet.certificate"/>
        <min value="0"/>
        <max value="1"/>
      </base>
      <type>
        <code value="BackboneElement"/>
      </type>
      <constraint>
        <key value="ele-1"/>
        <severity value="error"/>
        <human value="All FHIR elements must have a @value or children"/>
        <expression value="hasValue() or (children().count() &gt; id.count())"/>
        <xpath value="@value|f:*|h:div"/>
        <source value="http://hl7.org/fhir/StructureDefinition/Element"/>
      </constraint>
      <isSummary value="true"/>
    </element>
    <element id="DDCCCoreDataSet.certificate.id">
      <path value="DDCCCoreDataSet.certificate.id"/>
      <representation value="xmlAttr"/>
      <short value="Unique id for inter-element referencing"/>
      <definition value="Unique id for the element within a resource (for internal references). This may be any string value that does not contain spaces."/>
      <min value="0"/>
      <max value="1"/>
      <base>
        <path value="Element.id"/>
        <min value="0"/>
        <max value="1"/>
      </base>
      <type>
        <extension url="http://hl7.org/fhir/StructureDefinition/structuredefinition-fhir-type">
          <valueUrl value="string"/>
        </extension>
        <code value="http://hl7.org/fhirpath/System.String"/>
      </type>
      <isModifier value="false"/>
      <isSummary value="false"/>
      <mapping>
        <identity value="rim"/>
        <map value="n/a"/>
      </mapping>
    </element>
    <element id="DDCCCoreDataSet.certificate.extension">
      <path value="DDCCCoreDataSet.certificate.extension"/>
      <slicing>
        <discriminator>
          <type value="value"/>
          <path value="url"/>
        </discriminator>
        <description value="Extensions are always sliced by (at least) url"/>
        <rules value="open"/>
      </slicing>
      <short value="Additional content defined by implementations"/>
      <definition value="May be used to represent additional information that is not part of the basic definition of the element. To make the use of extensions safe and manageable, there is a strict set of governance  applied to the definition and use of extensions. Though any implementer can define an extension, there is a set of requirements that SHALL be met as part of the definition of the extension."/>
      <comment value="There can be no stigma associated with the use of extensions by any application, project, or standard - regardless of the institution or jurisdiction that uses or defines the extensions.  The use of extensions is what allows the FHIR specification to retain a core level of simplicity for everyone."/>
      <alias value="extensions"/>
      <alias value="user content"/>
      <min value="0"/>
      <max value="*"/>
      <base>
        <path value="Element.extension"/>
        <min value="0"/>
        <max value="*"/>
      </base>
      <type>
        <code value="Extension"/>
      </type>
      <constraint>
        <key value="ele-1"/>
        <severity value="error"/>
        <human value="All FHIR elements must have a @value or children"/>
        <expression value="hasValue() or (children().count() &gt; id.count())"/>
        <xpath value="@value|f:*|h:div"/>
        <source value="http://hl7.org/fhir/StructureDefinition/Element"/>
      </constraint>
      <constraint>
        <key value="ext-1"/>
        <severity value="error"/>
        <human value="Must have either extensions or value[x], not both"/>
        <expression value="extension.exists() != value.exists()"/>
        <xpath value="exists(f:extension)!=exists(f:*[starts-with(local-name(.), &quot;value&quot;)])"/>
        <source value="http://hl7.org/fhir/StructureDefinition/Extension"/>
      </constraint>
      <isModifier value="false"/>
      <isSummary value="false"/>
      <mapping>
        <identity value="rim"/>
        <map value="n/a"/>
      </mapping>
    </element>
    <element id="DDCCCoreDataSet.certificate.modifierExtension">
      <path value="DDCCCoreDataSet.certificate.modifierExtension"/>
      <short value="Extensions that cannot be ignored even if unrecognized"/>
      <definition value="May be used to represent additional information that is not part of the basic definition of the element and that modifies the understanding of the element in which it is contained and/or the understanding of the containing element's descendants. Usually modifier elements provide negation or qualification. To make the use of extensions safe and manageable, there is a strict set of governance applied to the definition and use of extensions. Though any implementer can define an extension, there is a set of requirements that SHALL be met as part of the definition of the extension. Applications processing a resource are required to check for modifier extensions.&#xA;&#xA;Modifier extensions SHALL NOT change the meaning of any elements on Resource or DomainResource (including cannot change the meaning of modifierExtension itself)."/>
      <comment value="There can be no stigma associated with the use of extensions by any application, project, or standard - regardless of the institution or jurisdiction that uses or defines the extensions.  The use of extensions is what allows the FHIR specification to retain a core level of simplicity for everyone."/>
      <requirements value="Modifier extensions allow for extensions that *cannot* be safely ignored to be clearly distinguished from the vast majority of extensions which can be safely ignored.  This promotes interoperability by eliminating the need for implementers to prohibit the presence of extensions. For further information, see the [definition of modifier extensions](http://hl7.org/fhir/R4/extensibility.html#modifierExtension)."/>
      <alias value="extensions"/>
      <alias value="user content"/>
      <alias value="modifiers"/>
      <min value="0"/>
      <max value="*"/>
      <base>
        <path value="BackboneElement.modifierExtension"/>
        <min value="0"/>
        <max value="*"/>
      </base>
      <type>
        <code value="Extension"/>
      </type>
      <constraint>
        <key value="ele-1"/>
        <severity value="error"/>
        <human value="All FHIR elements must have a @value or children"/>
        <expression value="hasValue() or (children().count() &gt; id.count())"/>
        <xpath value="@value|f:*|h:div"/>
        <source value="http://hl7.org/fhir/StructureDefinition/Element"/>
      </constraint>
      <constraint>
        <key value="ext-1"/>
        <severity value="error"/>
        <human value="Must have either extensions or value[x], not both"/>
        <expression value="extension.exists() != value.exists()"/>
        <xpath value="exists(f:extension)!=exists(f:*[starts-with(local-name(.), &quot;value&quot;)])"/>
        <source value="http://hl7.org/fhir/StructureDefinition/Extension"/>
      </constraint>
      <isModifier value="true"/>
      <isModifierReason value="Modifier extensions are expected to modify the meaning or interpretation of the element that contains them"/>
      <isSummary value="true"/>
      <mapping>
        <identity value="rim"/>
        <map value="N/A"/>
      </mapping>
    </element>
    <element id="DDCCCoreDataSet.certificate.issuer">
      <path value="DDCCCoreDataSet.certificate.issuer"/>
      <short value="Certificate issuer"/>
      <definition value="Certificate issuer."/>
      <min value="1"/>
      <max value="1"/>
      <base>
        <path value="DDCCCoreDataSet.certificate.issuer"/>
        <min value="1"/>
        <max value="1"/>
      </base>
      <type>
        <code value="Reference"/>
        <targetProfile value="http://worldhealthorganization.github.io/ddcc/StructureDefinition/DDCCOrganization"/>
      </type>
      <isSummary value="true"/>
      <mapping>
        <identity value="ddcc-composition"/>
        <map value="Composition.author.identifier"/>
      </mapping>
    </element>
    <element id="DDCCCoreDataSet.certificate.hcid">
      <path value="DDCCCoreDataSet.certificate.hcid"/>
      <short value="Health certificate identifier (HCID)"/>
      <definition value="Health certificate identifier (HCID)."/>
      <min value="1"/>
      <max value="1"/>
      <base>
        <path value="DDCCCoreDataSet.certificate.hcid"/>
        <min value="1"/>
        <max value="1"/>
      </base>
      <type>
        <code value="Identifier"/>
      </type>
      <isSummary value="true"/>
    </element>
    <element id="DDCCCoreDataSet.certificate.ddccid">
      <path value="DDCCCoreDataSet.certificate.ddccid"/>
      <short value="DDCC Identifier"/>
      <definition value="DDCC Identifier"/>
      <min value="0"/>
      <max value="1"/>
      <base>
        <path value="DDCCCoreDataSet.certificate.ddccid"/>
        <min value="0"/>
        <max value="1"/>
      </base>
      <type>
        <code value="Identifier"/>
      </type>
      <isSummary value="true"/>
    </element>
    <element id="DDCCCoreDataSet.certificate.version">
      <path value="DDCCCoreDataSet.certificate.version"/>
      <short value="Certificate schema version"/>
      <definition value="Certificate schema version"/>
      <min value="1"/>
      <max value="1"/>
      <base>
        <path value="DDCCCoreDataSet.certificate.version"/>
        <min value="1"/>
        <max value="1"/>
      </base>
      <type>
        <code value="string"/>
      </type>
      <isSummary value="true"/>
    </element>
    <element id="DDCCCoreDataSet.certificate.period">
      <path value="DDCCCoreDataSet.certificate.period"/>
      <short value="Certificate Validity Period"/>
      <definition value="Certificate validity period."/>
      <min value="0"/>
      <max value="1"/>
      <base>
        <path value="DDCCCoreDataSet.certificate.period"/>
        <min value="0"/>
        <max value="1"/>
      </base>
      <type>
        <code value="Period"/>
      </type>
      <constraint>
        <key value="ele-1"/>
        <severity value="error"/>
        <human value="All FHIR elements must have a @value or children"/>
        <expression value="hasValue() or (children().count() &gt; id.count())"/>
        <xpath value="@value|f:*|h:div"/>
        <source value="http://hl7.org/fhir/StructureDefinition/Element"/>
      </constraint>
      <constraint>
        <key value="per-1"/>
        <severity value="error"/>
        <human value="If present, start SHALL have a lower value than end"/>
        <expression value="start.hasValue().not() or end.hasValue().not() or (start &lt;= end)"/>
        <xpath value="not(exists(f:start/@value)) or not(exists(f:end/@value)) or (xs:dateTime(f:start/@value) &lt;= xs:dateTime(f:end/@value))"/>
        <source value="http://worldhealthorganization.github.io/ddcc/StructureDefinition/DDCCCoreDataSet"/>
      </constraint>
      <mapping>
        <identity value="ddcc-composition"/>
        <map value="Composition.event.period"/>
      </mapping>
    </element>
    <element id="DDCCCoreDataSet.certificate.period.id">
      <path value="DDCCCoreDataSet.certificate.period.id"/>
      <representation value="xmlAttr"/>
      <short value="Unique id for inter-element referencing"/>
      <definition value="Unique id for the element within a resource (for internal references). This may be any string value that does not contain spaces."/>
      <min value="0"/>
      <max value="1"/>
      <base>
        <path value="Element.id"/>
        <min value="0"/>
        <max value="1"/>
      </base>
      <type>
        <extension url="http://hl7.org/fhir/StructureDefinition/structuredefinition-fhir-type">
          <valueUrl value="string"/>
        </extension>
        <code value="http://hl7.org/fhirpath/System.String"/>
      </type>
      <isModifier value="false"/>
      <isSummary value="false"/>
      <mapping>
        <identity value="rim"/>
        <map value="n/a"/>
      </mapping>
    </element>
    <element id="DDCCCoreDataSet.certificate.period.extension">
      <path value="DDCCCoreDataSet.certificate.period.extension"/>
      <slicing>
        <discriminator>
          <type value="value"/>
          <path value="url"/>
        </discriminator>
        <description value="Extensions are always sliced by (at least) url"/>
        <rules value="open"/>
      </slicing>
      <short value="Additional content defined by implementations"/>
      <definition value="May be used to represent additional information that is not part of the basic definition of the element. To make the use of extensions safe and manageable, there is a strict set of governance  applied to the definition and use of extensions. Though any implementer can define an extension, there is a set of requirements that SHALL be met as part of the definition of the extension."/>
      <comment value="There can be no stigma associated with the use of extensions by any application, project, or standard - regardless of the institution or jurisdiction that uses or defines the extensions.  The use of extensions is what allows the FHIR specification to retain a core level of simplicity for everyone."/>
      <alias value="extensions"/>
      <alias value="user content"/>
      <min value="0"/>
      <max value="*"/>
      <base>
        <path value="Element.extension"/>
        <min value="0"/>
        <max value="*"/>
      </base>
      <type>
        <code value="Extension"/>
      </type>
      <constraint>
        <key value="ele-1"/>
        <severity value="error"/>
        <human value="All FHIR elements must have a @value or children"/>
        <expression value="hasValue() or (children().count() &gt; id.count())"/>
        <xpath value="@value|f:*|h:div"/>
        <source value="http://hl7.org/fhir/StructureDefinition/Element"/>
      </constraint>
      <constraint>
        <key value="ext-1"/>
        <severity value="error"/>
        <human value="Must have either extensions or value[x], not both"/>
        <expression value="extension.exists() != value.exists()"/>
        <xpath value="exists(f:extension)!=exists(f:*[starts-with(local-name(.), &quot;value&quot;)])"/>
        <source value="http://hl7.org/fhir/StructureDefinition/Extension"/>
      </constraint>
      <isModifier value="false"/>
      <isSummary value="false"/>
      <mapping>
        <identity value="rim"/>
        <map value="n/a"/>
      </mapping>
    </element>
    <element id="DDCCCoreDataSet.certificate.period.start">
      <path value="DDCCCoreDataSet.certificate.period.start"/>
      <short value="Starting time with inclusive boundary"/>
      <definition value="The start of the period. The boundary is inclusive."/>
      <comment value="If the low element is missing, the meaning is that the low boundary is not known."/>
      <min value="0"/>
      <max value="1"/>
      <base>
        <path value="Period.start"/>
        <min value="0"/>
        <max value="1"/>
      </base>
      <type>
        <code value="dateTime"/>
      </type>
      <condition value="per-1"/>
      <constraint>
        <key value="ele-1"/>
        <severity value="error"/>
        <human value="All FHIR elements must have a @value or children"/>
        <expression value="hasValue() or (children().count() &gt; id.count())"/>
        <xpath value="@value|f:*|h:div"/>
        <source value="http://hl7.org/fhir/StructureDefinition/Element"/>
      </constraint>
      <isModifier value="false"/>
      <isSummary value="true"/>
      <mapping>
        <identity value="v2"/>
        <map value="DR.1"/>
      </mapping>
      <mapping>
        <identity value="rim"/>
        <map value="./low"/>
      </mapping>
    </element>
    <element id="DDCCCoreDataSet.certificate.period.end">
      <path value="DDCCCoreDataSet.certificate.period.end"/>
      <short value="End time with inclusive boundary, if not ongoing"/>
      <definition value="The end of the period. If the end of the period is missing, it means no end was known or planned at the time the instance was created. The start may be in the past, and the end date in the future, which means that period is expected/planned to end at that time."/>
      <comment value="The high value includes any matching date/time. i.e. 2012-02-03T10:00:00 is in a period that has an end value of 2012-02-03."/>
      <min value="0"/>
      <max value="1"/>
      <base>
        <path value="Period.end"/>
        <min value="0"/>
        <max value="1"/>
      </base>
      <type>
        <code value="dateTime"/>
      </type>
      <meaningWhenMissing value="If the end of the period is missing, it means that the period is ongoing"/>
      <condition value="per-1"/>
      <constraint>
        <key value="ele-1"/>
        <severity value="error"/>
        <human value="All FHIR elements must have a @value or children"/>
        <expression value="hasValue() or (children().count() &gt; id.count())"/>
        <xpath value="@value|f:*|h:div"/>
        <source value="http://hl7.org/fhir/StructureDefinition/Element"/>
      </constraint>
      <isModifier value="false"/>
      <isSummary value="true"/>
      <mapping>
        <identity value="v2"/>
        <map value="DR.2"/>
      </mapping>
      <mapping>
        <identity value="rim"/>
        <map value="./high"/>
      </mapping>
    </element>
    <element id="DDCCCoreDataSet.certificate.period.start">
      <path value="DDCCCoreDataSet.certificate.period.start"/>
      <short value="Certificate valid from"/>
      <definition value="Start date of certificate validity."/>
      <min value="0"/>
      <max value="1"/>
      <base>
        <path value="DDCCCoreDataSet.certificate.period.start"/>
        <min value="0"/>
        <max value="1"/>
      </base>
      <type>
        <code value="date"/>
      </type>
    </element>
    <element id="DDCCCoreDataSet.certificate.period.end">
      <path value="DDCCCoreDataSet.certificate.period.end"/>
      <short value="Certificate valid until"/>
      <definition value="End date of certificate validity."/>
      <min value="0"/>
      <max value="1"/>
      <base>
        <path value="DDCCCoreDataSet.certificate.period.end"/>
        <min value="0"/>
        <max value="1"/>
      </base>
      <type>
        <code value="date"/>
      </type>
    </element>
    <element id="DDCCCoreDataSet.test">
      <path value="DDCCCoreDataSet.test"/>
      <short value="Test Event"/>
      <definition value="A test event."/>
      <min value="1"/>
      <max value="1"/>
      <base>
        <path value="DDCCCoreDataSet.test"/>
        <min value="1"/>
        <max value="1"/>
      </base>
      <type>
        <code value="BackboneElement"/>
      </type>
      <constraint>
        <key value="ele-1"/>
        <severity value="error"/>
        <human value="All FHIR elements must have a @value or children"/>
        <expression value="hasValue() or (children().count() &gt; id.count())"/>
        <xpath value="@value|f:*|h:div"/>
        <source value="http://hl7.org/fhir/StructureDefinition/Element"/>
      </constraint>
      <isSummary value="true"/>
    </element>
    <element id="DDCCCoreDataSet.test.id">
      <path value="DDCCCoreDataSet.test.id"/>
      <representation value="xmlAttr"/>
      <short value="Unique id for inter-element referencing"/>
      <definition value="Unique id for the element within a resource (for internal references). This may be any string value that does not contain spaces."/>
      <min value="0"/>
      <max value="1"/>
      <base>
        <path value="Element.id"/>
        <min value="0"/>
        <max value="1"/>
      </base>
      <type>
        <extension url="http://hl7.org/fhir/StructureDefinition/structuredefinition-fhir-type">
          <valueUrl value="string"/>
        </extension>
        <code value="http://hl7.org/fhirpath/System.String"/>
      </type>
      <isModifier value="false"/>
      <isSummary value="false"/>
      <mapping>
        <identity value="rim"/>
        <map value="n/a"/>
      </mapping>
    </element>
    <element id="DDCCCoreDataSet.test.extension">
      <path value="DDCCCoreDataSet.test.extension"/>
      <slicing>
        <discriminator>
          <type value="value"/>
          <path value="url"/>
        </discriminator>
        <description value="Extensions are always sliced by (at least) url"/>
        <rules value="open"/>
      </slicing>
      <short value="Additional content defined by implementations"/>
      <definition value="May be used to represent additional information that is not part of the basic definition of the element. To make the use of extensions safe and manageable, there is a strict set of governance  applied to the definition and use of extensions. Though any implementer can define an extension, there is a set of requirements that SHALL be met as part of the definition of the extension."/>
      <comment value="There can be no stigma associated with the use of extensions by any application, project, or standard - regardless of the institution or jurisdiction that uses or defines the extensions.  The use of extensions is what allows the FHIR specification to retain a core level of simplicity for everyone."/>
      <alias value="extensions"/>
      <alias value="user content"/>
      <min value="0"/>
      <max value="*"/>
      <base>
        <path value="Element.extension"/>
        <min value="0"/>
        <max value="*"/>
      </base>
      <type>
        <code value="Extension"/>
      </type>
      <constraint>
        <key value="ele-1"/>
        <severity value="error"/>
        <human value="All FHIR elements must have a @value or children"/>
        <expression value="hasValue() or (children().count() &gt; id.count())"/>
        <xpath value="@value|f:*|h:div"/>
        <source value="http://hl7.org/fhir/StructureDefinition/Element"/>
      </constraint>
      <constraint>
        <key value="ext-1"/>
        <severity value="error"/>
        <human value="Must have either extensions or value[x], not both"/>
        <expression value="extension.exists() != value.exists()"/>
        <xpath value="exists(f:extension)!=exists(f:*[starts-with(local-name(.), &quot;value&quot;)])"/>
        <source value="http://hl7.org/fhir/StructureDefinition/Extension"/>
      </constraint>
      <isModifier value="false"/>
      <isSummary value="false"/>
      <mapping>
        <identity value="rim"/>
        <map value="n/a"/>
      </mapping>
    </element>
    <element id="DDCCCoreDataSet.test.modifierExtension">
      <path value="DDCCCoreDataSet.test.modifierExtension"/>
      <short value="Extensions that cannot be ignored even if unrecognized"/>
      <definition value="May be used to represent additional information that is not part of the basic definition of the element and that modifies the understanding of the element in which it is contained and/or the understanding of the containing element's descendants. Usually modifier elements provide negation or qualification. To make the use of extensions safe and manageable, there is a strict set of governance applied to the definition and use of extensions. Though any implementer can define an extension, there is a set of requirements that SHALL be met as part of the definition of the extension. Applications processing a resource are required to check for modifier extensions.&#xA;&#xA;Modifier extensions SHALL NOT change the meaning of any elements on Resource or DomainResource (including cannot change the meaning of modifierExtension itself)."/>
      <comment value="There can be no stigma associated with the use of extensions by any application, project, or standard - regardless of the institution or jurisdiction that uses or defines the extensions.  The use of extensions is what allows the FHIR specification to retain a core level of simplicity for everyone."/>
      <requirements value="Modifier extensions allow for extensions that *cannot* be safely ignored to be clearly distinguished from the vast majority of extensions which can be safely ignored.  This promotes interoperability by eliminating the need for implementers to prohibit the presence of extensions. For further information, see the [definition of modifier extensions](http://hl7.org/fhir/R4/extensibility.html#modifierExtension)."/>
      <alias value="extensions"/>
      <alias value="user content"/>
      <alias value="modifiers"/>
      <min value="0"/>
      <max value="*"/>
      <base>
        <path value="BackboneElement.modifierExtension"/>
        <min value="0"/>
        <max value="*"/>
      </base>
      <type>
        <code value="Extension"/>
      </type>
      <constraint>
        <key value="ele-1"/>
        <severity value="error"/>
        <human value="All FHIR elements must have a @value or children"/>
        <expression value="hasValue() or (children().count() &gt; id.count())"/>
        <xpath value="@value|f:*|h:div"/>
        <source value="http://hl7.org/fhir/StructureDefinition/Element"/>
      </constraint>
      <constraint>
        <key value="ext-1"/>
        <severity value="error"/>
        <human value="Must have either extensions or value[x], not both"/>
        <expression value="extension.exists() != value.exists()"/>
        <xpath value="exists(f:extension)!=exists(f:*[starts-with(local-name(.), &quot;value&quot;)])"/>
        <source value="http://hl7.org/fhir/StructureDefinition/Extension"/>
      </constraint>
      <isModifier value="true"/>
      <isModifierReason value="Modifier extensions are expected to modify the meaning or interpretation of the element that contains them"/>
      <isSummary value="true"/>
      <mapping>
        <identity value="rim"/>
        <map value="N/A"/>
      </mapping>
    </element>
    <element id="DDCCCoreDataSet.test.pathogen">
      <path value="DDCCCoreDataSet.test.pathogen"/>
      <short value="Pathogen targeted"/>
      <definition value="Name of the pathogen being tested for (such as SARS-CoV-2). "/>
      <min value="1"/>
      <max value="1"/>
      <base>
        <path value="DDCCCoreDataSet.test.pathogen"/>
        <min value="1"/>
        <max value="1"/>
      </base>
      <type>
        <code value="Coding"/>
      </type>
      <isSummary value="true"/>
      <binding>
        <strength value="preferred"/>
        <valueSet value="http://worldhealthorganization.github.io/ddcc/ValueSet/who-ddcc-agent-targeted-covid-19"/>
      </binding>
      <mapping>
        <identity value="ddcc-test"/>
        <map value="Device.property.valueCode"/>
      </mapping>
    </element>
    <element id="DDCCCoreDataSet.test.type">
      <path value="DDCCCoreDataSet.test.type"/>
      <short value="Type of test"/>
      <definition value="Name of the type of test that was conducted e.g. NAAT."/>
      <min value="1"/>
      <max value="1"/>
      <base>
        <path value="DDCCCoreDataSet.test.type"/>
        <min value="1"/>
        <max value="1"/>
      </base>
      <type>
        <code value="Coding"/>
      </type>
      <isSummary value="true"/>
      <binding>
        <strength value="preferred"/>
        <valueSet value="http://worldhealthorganization.github.io/ddcc/ValueSet/who-ddcc-type-of-test-covid-19"/>
      </binding>
      <mapping>
        <identity value="ddcc-observation"/>
        <map value="Observation.code"/>
      </mapping>
      <mapping>
        <identity value="ddcc-test"/>
        <map value="Device.type"/>
      </mapping>
      <mapping>
        <identity value="ddcc-diagnostic-report"/>
        <map value="DiagnosticReport.code"/>
      </mapping>
    </element>
    <element id="DDCCCoreDataSet.test.brand">
      <path value="DDCCCoreDataSet.test.brand"/>
      <short value="Test brand"/>
      <definition value="The brand or trade name used to refer to the test conducted."/>
      <min value="0"/>
      <max value="1"/>
      <base>
        <path value="DDCCCoreDataSet.test.brand"/>
        <min value="0"/>
        <max value="1"/>
      </base>
      <type>
        <code value="Coding"/>
      </type>
      <isSummary value="true"/>
      <mapping>
        <identity value="ddcc-test"/>
        <map value="Device.property.valueCode"/>
      </mapping>
    </element>
    <element id="DDCCCoreDataSet.test.manufacturer">
      <path value="DDCCCoreDataSet.test.manufacturer"/>
      <short value="Test manufacturer"/>
      <definition value="Name of the manufacturer of the test conducted."/>
      <min value="0"/>
      <max value="1"/>
      <base>
        <path value="DDCCCoreDataSet.test.manufacturer"/>
        <min value="0"/>
        <max value="1"/>
      </base>
      <type>
        <code value="Coding"/>
      </type>
      <isSummary value="true"/>
      <mapping>
        <identity value="ddcc-test"/>
        <map value="Device.manufacturer"/>
      </mapping>
    </element>
    <element id="DDCCCoreDataSet.test.origin">
      <path value="DDCCCoreDataSet.test.origin"/>
      <short value="Specimen Sample Origin"/>
      <definition value="The type of sample that was taken  e.g. Nasopharyngeal swab or Saliva specimen."/>
      <min value="0"/>
      <max value="1"/>
      <base>
        <path value="DDCCCoreDataSet.test.origin"/>
        <min value="0"/>
        <max value="1"/>
      </base>
      <type>
        <code value="Coding"/>
      </type>
      <isSummary value="true"/>
      <binding>
        <strength value="preferred"/>
        <valueSet value="http://worldhealthorganization.github.io/ddcc/ValueSet/who-ddcc-sample-origin-covid-19"/>
      </binding>
      <mapping>
        <identity value="ddcc-observation"/>
        <map value="Observation.method"/>
      </mapping>
      <mapping>
        <identity value="ddcc-specimen"/>
        <map value="Specimen.code"/>
      </mapping>
    </element>
    <element id="DDCCCoreDataSet.test.date">
      <path value="DDCCCoreDataSet.test.date"/>
      <short value="Date and time of sample collection"/>
      <definition value="Date and time when sample was collected."/>
      <min value="1"/>
      <max value="1"/>
      <base>
        <path value="DDCCCoreDataSet.test.date"/>
        <min value="1"/>
        <max value="1"/>
      </base>
      <type>
        <code value="dateTime"/>
      </type>
      <isSummary value="true"/>
      <mapping>
        <identity value="ddcc-observation"/>
        <map value="Observation.effective"/>
      </mapping>
      <mapping>
        <identity value="ddcc-specimen"/>
        <map value="Specimen.collection.collected"/>
      </mapping>
      <mapping>
        <identity value="ddcc-diagnostic-report"/>
        <map value="DiagnosticReport.effective"/>
      </mapping>
      <mapping>
        <identity value="ddcc-procedure"/>
        <map value="Procedure.performed"/>
      </mapping>
    </element>
    <element id="DDCCCoreDataSet.test.result">
      <path value="DDCCCoreDataSet.test.result"/>
      <short value="Test result"/>
      <definition value="Detected or Not detected presence of SARS-CoV-2 infection."/>
      <min value="0"/>
      <max value="1"/>
      <base>
        <path value="DDCCCoreDataSet.test.result"/>
        <min value="0"/>
        <max value="1"/>
      </base>
      <type>
        <code value="Coding"/>
      </type>
      <binding>
        <strength value="preferred"/>
        <valueSet value="http://worldhealthorganization.github.io/ddcc/ValueSet/who-ddcc-test-result-covid-19"/>
      </binding>
      <mapping>
        <identity value="ddcc-observation"/>
        <map value="Observation.value"/>
      </mapping>
    </element>
    <element id="DDCCCoreDataSet.test.centre">
      <path value="DDCCCoreDataSet.test.centre"/>
      <short value="Test centre or facility name"/>
      <definition value="A codable name or identifier of the facility responsible for conducting the test."/>
      <min value="0"/>
      <max value="1"/>
      <base>
        <path value="DDCCCoreDataSet.test.centre"/>
        <min value="0"/>
        <max value="1"/>
      </base>
      <type>
        <code value="Coding"/>
      </type>
      <mapping>
        <identity value="ddcc-procedure"/>
        <map value="Procedure.location"/>
      </mapping>
    </element>
    <element id="DDCCCoreDataSet.test.country">
      <path value="DDCCCoreDataSet.test.country"/>
      <short value="Test centre country"/>
      <definition value="The country in which the individual has been tested."/>
      <min value="1"/>
      <max value="1"/>
      <base>
        <path value="DDCCCoreDataSet.test.country"/>
        <min value="1"/>
        <max value="1"/>
      </base>
      <type>
        <code value="Coding"/>
      </type>
      <isSummary value="true"/>
      <binding>
        <strength value="preferred"/>
        <valueSet value="http://hl7.org/fhir/ValueSet/iso3166-1-3"/>
      </binding>
      <mapping>
        <identity value="ddcc-procedure"/>
        <map value="Procedure.extension[https://worldhealthorganization.github.io/ddcc/StructureDefinition/DDCCCountryOfEvent]"/>
      </mapping>
    </element>
  </snapshot>
  <differential>
    <element id="DDCCCoreDataSet">
      <path value="DDCCCoreDataSet"/>
      <short value="DDCC Core Data Set Logical Model for Test Result"/>
      <definition value="Data elements for the DDCC Core Data Set for Test Result."/>
    </element>
    <element id="DDCCCoreDataSet.test">
      <path value="DDCCCoreDataSet.test"/>
      <short value="Test Event"/>
      <definition value="A test event."/>
      <min value="1"/>
      <max value="1"/>
      <type>
        <code value="BackboneElement"/>
      </type>
      <isSummary value="true"/>
    </element>
    <element id="DDCCCoreDataSet.test.pathogen">
      <path value="DDCCCoreDataSet.test.pathogen"/>
      <short value="Pathogen targeted"/>
      <definition value="Name of the pathogen being tested for (such as SARS-CoV-2). "/>
      <min value="1"/>
      <max value="1"/>
      <type>
        <code value="Coding"/>
      </type>
      <isSummary value="true"/>
      <binding>
        <strength value="preferred"/>
        <valueSet value="http://worldhealthorganization.github.io/ddcc/ValueSet/who-ddcc-agent-targeted-covid-19"/>
      </binding>
      <mapping>
        <identity value="ddcc-test"/>
        <map value="Device.property.valueCode"/>
      </mapping>
    </element>
    <element id="DDCCCoreDataSet.test.type">
      <path value="DDCCCoreDataSet.test.type"/>
      <short value="Type of test"/>
      <definition value="Name of the type of test that was conducted e.g. NAAT."/>
      <min value="1"/>
      <max value="1"/>
      <type>
        <code value="Coding"/>
      </type>
      <isSummary value="true"/>
      <binding>
        <strength value="preferred"/>
        <valueSet value="http://worldhealthorganization.github.io/ddcc/ValueSet/who-ddcc-type-of-test-covid-19"/>
      </binding>
      <mapping>
        <identity value="ddcc-observation"/>
        <map value="Observation.code"/>
      </mapping>
      <mapping>
        <identity value="ddcc-test"/>
        <map value="Device.type"/>
      </mapping>
      <mapping>
        <identity value="ddcc-diagnostic-report"/>
        <map value="DiagnosticReport.code"/>
      </mapping>
    </element>
    <element id="DDCCCoreDataSet.test.brand">
      <path value="DDCCCoreDataSet.test.brand"/>
      <short value="Test brand"/>
      <definition value="The brand or trade name used to refer to the test conducted."/>
      <min value="0"/>
      <max value="1"/>
      <type>
        <code value="Coding"/>
      </type>
      <isSummary value="true"/>
      <mapping>
        <identity value="ddcc-test"/>
        <map value="Device.property.valueCode"/>
      </mapping>
    </element>
    <element id="DDCCCoreDataSet.test.manufacturer">
      <path value="DDCCCoreDataSet.test.manufacturer"/>
      <short value="Test manufacturer"/>
      <definition value="Name of the manufacturer of the test conducted."/>
      <min value="0"/>
      <max value="1"/>
      <type>
        <code value="Coding"/>
      </type>
      <isSummary value="true"/>
      <mapping>
        <identity value="ddcc-test"/>
        <map value="Device.manufacturer"/>
      </mapping>
    </element>
    <element id="DDCCCoreDataSet.test.origin">
      <path value="DDCCCoreDataSet.test.origin"/>
      <short value="Specimen Sample Origin"/>
      <definition value="The type of sample that was taken  e.g. Nasopharyngeal swab or Saliva specimen."/>
      <min value="0"/>
      <max value="1"/>
      <type>
        <code value="Coding"/>
      </type>
      <isSummary value="true"/>
      <binding>
        <strength value="preferred"/>
        <valueSet value="http://worldhealthorganization.github.io/ddcc/ValueSet/who-ddcc-sample-origin-covid-19"/>
      </binding>
      <mapping>
        <identity value="ddcc-observation"/>
        <map value="Observation.method"/>
      </mapping>
      <mapping>
        <identity value="ddcc-specimen"/>
        <map value="Specimen.code"/>
      </mapping>
    </element>
    <element id="DDCCCoreDataSet.test.date">
      <path value="DDCCCoreDataSet.test.date"/>
      <short value="Date and time of sample collection"/>
      <definition value="Date and time when sample was collected."/>
      <min value="1"/>
      <max value="1"/>
      <type>
        <code value="dateTime"/>
      </type>
      <isSummary value="true"/>
      <mapping>
        <identity value="ddcc-observation"/>
        <map value="Observation.effective"/>
      </mapping>
      <mapping>
        <identity value="ddcc-specimen"/>
        <map value="Specimen.collection.collected"/>
      </mapping>
      <mapping>
        <identity value="ddcc-diagnostic-report"/>
        <map value="DiagnosticReport.effective"/>
      </mapping>
      <mapping>
        <identity value="ddcc-procedure"/>
        <map value="Procedure.performed"/>
      </mapping>
    </element>
    <element id="DDCCCoreDataSet.test.result">
      <path value="DDCCCoreDataSet.test.result"/>
      <short value="Test result"/>
      <definition value="Detected or Not detected presence of SARS-CoV-2 infection."/>
      <min value="0"/>
      <max value="1"/>
      <type>
        <code value="Coding"/>
      </type>
      <binding>
        <strength value="preferred"/>
        <valueSet value="http://worldhealthorganization.github.io/ddcc/ValueSet/who-ddcc-test-result-covid-19"/>
      </binding>
      <mapping>
        <identity value="ddcc-observation"/>
        <map value="Observation.value"/>
      </mapping>
    </element>
    <element id="DDCCCoreDataSet.test.centre">
      <path value="DDCCCoreDataSet.test.centre"/>
      <short value="Test centre or facility name"/>
      <definition value="A codable name or identifier of the facility responsible for conducting the test."/>
      <min value="0"/>
      <max value="1"/>
      <type>
        <code value="Coding"/>
      </type>
      <mapping>
        <identity value="ddcc-procedure"/>
        <map value="Procedure.location"/>
      </mapping>
    </element>
    <element id="DDCCCoreDataSet.test.country">
      <path value="DDCCCoreDataSet.test.country"/>
      <short value="Test centre country"/>
      <definition value="The country in which the individual has been tested."/>
      <min value="1"/>
      <max value="1"/>
      <type>
        <code value="Coding"/>
      </type>
      <isSummary value="true"/>
      <binding>
        <strength value="preferred"/>
        <valueSet value="http://hl7.org/fhir/ValueSet/iso3166-1-3"/>
      </binding>
      <mapping>
        <identity value="ddcc-procedure"/>
        <map value="Procedure.extension[https://worldhealthorganization.github.io/ddcc/StructureDefinition/DDCCCountryOfEvent]"/>
      </mapping>
    </element>
  </differential>
</StructureDefinition>