<?xml version="1.0" encoding="UTF-8"?>

<ValueSet xmlns="http://hl7.org/fhir">
  <id value="who-ddcc-sample-origin-covid-19"/>
  <text>
    <status value="generated"/><div xmlns="http://www.w3.org/1999/xhtml"><ul><li>Include these codes as defined in <code>http://id.who.int/icd/entity</code><table class="none"><tr><td style="white-space:nowrap"><b>Code</b></td><td><b>Display</b></td></tr><tr><td>50872817</td><td>Nasopharyngeal swab</td></tr><tr><td>555916027</td><td>Oropharyngeal swab</td></tr><tr><td>608172011</td><td>Swab from nasal sinus</td></tr><tr><td>1162766848</td><td>Saliva specimen</td></tr><tr><td>1695591348</td><td>Blood specimen</td></tr></table></li></ul></div>
  </text>
  <url value="http://worldhealthorganization.github.io/ddcc/ValueSet/who-ddcc-sample-origin-covid-19"/>
  <version value="1.0.0"/>
  <name value="WHO_DDCC_Sample_Origin_COVID_19"/>
  <title value="WHO Speciman Sample Origin (COVID-19)"/>
  <status value="draft"/>
  <date value="2022-03-26T21:07:52+00:00"/>
  <publisher value="WHO"/>
  <contact>
    <name value="WHO"/>
    <telecom>
      <system value="url"/>
      <value value="http://who.int"/>
    </telecom>
  </contact>
  <description value="WHO Speciman Sample Origin List (COVID-19)"/>
  <jurisdiction>
    <coding>
      <system value="http://unstats.un.org/unsd/methods/m49/m49.htm"/>
      <code value="001"/>
    </coding>
  </jurisdiction>
  <compose>
    <include>
      <system value="http://id.who.int/icd/entity"/>
      <concept>
        <code value="50872817"/>
        <display value="Nasopharyngeal swab"/>
      </concept>
      <concept>
        <code value="555916027"/>
        <display value="Oropharyngeal swab"/>
      </concept>
      <concept>
        <code value="608172011"/>
        <display value="Swab from nasal sinus"/>
      </concept>
      <concept>
        <code value="1162766848"/>
        <display value="Saliva specimen"/>
      </concept>
      <concept>
        <code value="1695591348"/>
        <display value="Blood specimen"/>
      </concept>
    </include>
  </compose>
</ValueSet>