<?xml version="1.0" encoding="UTF-8"?>

<Bundle xmlns="http://hl7.org/fhir">
  <id value="364c4d3e-69f4-4511-a085-f720e057ff42"/>
  <meta>
    <lastUpdated value="2022-03-23T00:19:03.612+00:00"/>
  </meta>
  <type value="collection"/>
  <entry>
    <fullUrl value="http://worldhealthorganization.github.io/ddcc/ValueSet/DDCC-Composition-Category-ValueSet"/>
    <resource>
      <ValueSet>
        <id value="DDCC-Composition-Category-ValueSet"/>
        <text>
          <status value="generated"/>
          <div xmlns="http://www.w3.org/1999/xhtml">
            <p>This value set contains 2 concepts</p>
            <p style="border: black 1px dotted; background-color: #EEEEEE; padding: 8px; margin-bottom: 8px">Expansion based on 
              <a href="CodeSystem-DDCC-Composition-Category-CodeSystem.html">DDCC Composition Category Codes v1.0.0 (CodeSystem)</a>
            </p>
            <p>All codes in this table are from the system 
              <a href="CodeSystem-DDCC-Composition-Category-CodeSystem.html">
                <code>http://worldhealthorganization.github.io/ddcc/CodeSystem/DDCC-Composition-Category-CodeSystem</code>
              </a>
            </p>
            <table class="codes">
              <tr>
                <td style="white-space:nowrap">
                  <b>Code</b>
                </td>
                <td>
                  <b>Display</b>
                </td>
              </tr>
              <tr>
                <td style="white-space:nowrap">
                  <a name="http---worldhealthorganization.github.io-ddcc-CodeSystem-DDCC-Composition-Category-CodeSystem-ddcc-vs"> </a>  
                  <a href="CodeSystem-DDCC-Composition-Category-CodeSystem.html#DDCC-Composition-Category-CodeSystem-ddcc-vs">ddcc-vs</a>
                </td>
                <td>DDCC:VS</td>
              </tr>
              <tr>
                <td style="white-space:nowrap">
                  <a name="http---worldhealthorganization.github.io-ddcc-CodeSystem-DDCC-Composition-Category-CodeSystem-ddcc-tr"> </a>  
                  <a href="CodeSystem-DDCC-Composition-Category-CodeSystem.html#DDCC-Composition-Category-CodeSystem-ddcc-tr">ddcc-tr</a>
                </td>
                <td>DDCC:TR</td>
              </tr>
            </table>
          </div>
        </text>
        <url value="http://worldhealthorganization.github.io/ddcc/ValueSet/DDCC-Composition-Category-ValueSet"/>
        <version value="1.0.0"/>
        <name value="DDCC_Composition_Category_ValueSet"/>
        <title value="DDCC Composition Category Codes"/>
        <status value="active"/>
        <date value="2022-03-23T00:19:03+00:00"/>
        <publisher value="WHO"/>
        <contact>
          <name value="WHO"/>
          <telecom>
            <system value="url"/>
            <value value="http://who.int"/>
          </telecom>
        </contact>
        <description value="Categorization of DDCC Composition"/>
        <jurisdiction>
          <coding>
            <system value="http://unstats.un.org/unsd/methods/m49/m49.htm"/>
            <code value="001"/>
          </coding>
        </jurisdiction>
        <expansion>
          <identifier value="urn:uuid:c99dcb8c-b81b-4b5e-9d8f-c45cf890aa01"/>
          <timestamp value="2022-03-23T00:20:18+00:00"/>
          <total value="2"/>
          <parameter>
            <name value="excludeNested"/>
            <valueBoolean value="false"/>
          </parameter>
          <parameter>
            <name value="version"/>
            <valueUri value="http://worldhealthorganization.github.io/ddcc/CodeSystem/DDCC-Composition-Category-CodeSystem|1.0.0"/>
          </parameter>
          <contains>
            <system value="http://worldhealthorganization.github.io/ddcc/CodeSystem/DDCC-Composition-Category-CodeSystem"/>
            <code value="ddcc-vs"/>
            <display value="DDCC:VS"/>
          </contains>
          <contains>
            <system value="http://worldhealthorganization.github.io/ddcc/CodeSystem/DDCC-Composition-Category-CodeSystem"/>
            <code value="ddcc-tr"/>
            <display value="DDCC:TR"/>
          </contains>
        </expansion>
      </ValueSet>
    </resource>
  </entry>
  <entry>
    <fullUrl value="http://worldhealthorganization.github.io/ddcc/ValueSet/DDCC-Device-Property-ValueSet"/>
    <resource>
      <ValueSet>
        <id value="DDCC-Device-Property-ValueSet"/>
        <text>
          <status value="generated"/>
          <div xmlns="http://www.w3.org/1999/xhtml">
            <p>This value set contains 2 concepts</p>
            <p style="border: black 1px dotted; background-color: #EEEEEE; padding: 8px; margin-bottom: 8px">Expansion based on 
              <a href="CodeSystem-DDCC-Device-Property-CodeSystem.html">DDCC Device Property Codes v1.0.0 (CodeSystem)</a>
            </p>
            <p>All codes in this table are from the system 
              <a href="CodeSystem-DDCC-Device-Property-CodeSystem.html">
                <code>http://worldhealthorganization.github.io/ddcc/CodeSystem/DDCC-Device-Property-CodeSystem</code>
              </a>
            </p>
            <table class="codes">
              <tr>
                <td style="white-space:nowrap">
                  <b>Code</b>
                </td>
                <td>
                  <b>Display</b>
                </td>
              </tr>
              <tr>
                <td style="white-space:nowrap">
                  <a name="http---worldhealthorganization.github.io-ddcc-CodeSystem-DDCC-Device-Property-CodeSystem-pathogen"> </a>  
                  <a href="CodeSystem-DDCC-Device-Property-CodeSystem.html#DDCC-Device-Property-CodeSystem-pathogen">pathogen</a>
                </td>
                <td>Pathogen Targeted</td>
              </tr>
              <tr>
                <td style="white-space:nowrap">
                  <a name="http---worldhealthorganization.github.io-ddcc-CodeSystem-DDCC-Device-Property-CodeSystem-brand"> </a>  
                  <a href="CodeSystem-DDCC-Device-Property-CodeSystem.html#DDCC-Device-Property-CodeSystem-brand">brand</a>
                </td>
                <td>Test Brand</td>
              </tr>
            </table>
          </div>
        </text>
        <url value="http://worldhealthorganization.github.io/ddcc/ValueSet/DDCC-Device-Property-ValueSet"/>
        <version value="1.0.0"/>
        <name value="DDCC_Device_Property_ValueSet"/>
        <title value="DDCC Device Property Codes"/>
        <status value="active"/>
        <date value="2022-03-23T00:19:03+00:00"/>
        <publisher value="WHO"/>
        <contact>
          <name value="WHO"/>
          <telecom>
            <system value="url"/>
            <value value="http://who.int"/>
          </telecom>
        </contact>
        <description value="Properties of DDCC devices"/>
        <jurisdiction>
          <coding>
            <system value="http://unstats.un.org/unsd/methods/m49/m49.htm"/>
            <code value="001"/>
          </coding>
        </jurisdiction>
        <expansion>
          <identifier value="urn:uuid:3c6079dd-3dc4-4d27-a11a-e2389e0b0915"/>
          <timestamp value="2022-03-23T00:20:18+00:00"/>
          <total value="2"/>
          <parameter>
            <name value="excludeNested"/>
            <valueBoolean value="false"/>
          </parameter>
          <parameter>
            <name value="version"/>
            <valueUri value="http://worldhealthorganization.github.io/ddcc/CodeSystem/DDCC-Device-Property-CodeSystem|1.0.0"/>
          </parameter>
          <contains>
            <system value="http://worldhealthorganization.github.io/ddcc/CodeSystem/DDCC-Device-Property-CodeSystem"/>
            <code value="pathogen"/>
            <display value="Pathogen Targeted"/>
          </contains>
          <contains>
            <system value="http://worldhealthorganization.github.io/ddcc/CodeSystem/DDCC-Device-Property-CodeSystem"/>
            <code value="brand"/>
            <display value="Test Brand"/>
          </contains>
        </expansion>
      </ValueSet>
    </resource>
  </entry>
  <entry>
    <fullUrl value="http://worldhealthorganization.github.io/ddcc/ValueSet/DDCC-Folder-DesignationType"/>
    <resource>
      <ValueSet>
        <id value="DDCC-Folder-DesignationType"/>
        <text>
          <status value="generated"/>
          <div xmlns="http://www.w3.org/1999/xhtml">
            <p>This value set contains 1 concepts</p>
            <p style="border: black 1px dotted; background-color: #EEEEEE; padding: 8px; margin-bottom: 8px">Expansion based on 
              <a href="CodeSystem-DDCC-Folder-DesignationType.html">DDCC Designation Types for Folder v1.0.0 (CodeSystem)</a>
            </p>
            <p>All codes in this table are from the system 
              <a href="CodeSystem-DDCC-Folder-DesignationType.html">
                <code>http://worldhealthorganization.github.io/ddcc/CodeSystem/DDCC-Folder-DesignationType</code>
              </a>
            </p>
            <table class="codes">
              <tr>
                <td style="white-space:nowrap">
                  <b>Code</b>
                </td>
                <td>
                  <b>Display</b>
                </td>
              </tr>
              <tr>
                <td style="white-space:nowrap">
                  <a name="http---worldhealthorganization.github.io-ddcc-CodeSystem-DDCC-Folder-DesignationType-ddcc"> </a>  
                  <a href="CodeSystem-DDCC-Folder-DesignationType.html#DDCC-Folder-DesignationType-ddcc">ddcc</a>
                </td>
                <td>DDCC</td>
              </tr>
            </table>
          </div>
        </text>
        <url value="http://worldhealthorganization.github.io/ddcc/ValueSet/DDCC-Folder-DesignationType"/>
        <version value="1.0.0"/>
        <name value="DDCC_Folder_DesignationType_ValueSet"/>
        <title value="DDCC DesignationTypes for Folder"/>
        <status value="active"/>
        <date value="2022-03-23T00:19:03+00:00"/>
        <publisher value="WHO"/>
        <contact>
          <name value="WHO"/>
          <telecom>
            <system value="url"/>
            <value value="http://who.int"/>
          </telecom>
        </contact>
        <description value="DDCC Designation Types ValueSet for DDCC Folders."/>
        <jurisdiction>
          <coding>
            <system value="http://unstats.un.org/unsd/methods/m49/m49.htm"/>
            <code value="001"/>
          </coding>
        </jurisdiction>
        <expansion>
          <identifier value="urn:uuid:9ebfb03d-0a25-47a5-a324-7f5007abb059"/>
          <timestamp value="2022-03-23T00:20:18+00:00"/>
          <total value="1"/>
          <parameter>
            <name value="excludeNested"/>
            <valueBoolean value="false"/>
          </parameter>
          <parameter>
            <name value="version"/>
            <valueUri value="http://worldhealthorganization.github.io/ddcc/CodeSystem/DDCC-Folder-DesignationType|1.0.0"/>
          </parameter>
          <contains>
            <system value="http://worldhealthorganization.github.io/ddcc/CodeSystem/DDCC-Folder-DesignationType"/>
            <code value="ddcc"/>
            <display value="DDCC"/>
          </contains>
        </expansion>
      </ValueSet>
    </resource>
  </entry>
  <entry>
    <fullUrl value="http://worldhealthorganization.github.io/ddcc/ValueSet/DDCC-QR-Format-ValueSet"/>
    <resource>
      <ValueSet>
        <id value="DDCC-QR-Format-ValueSet"/>
        <text>
          <status value="generated"/>
          <div xmlns="http://www.w3.org/1999/xhtml">
            <p>This value set contains 3 concepts</p>
            <p style="border: black 1px dotted; background-color: #EEEEEE; padding: 8px; margin-bottom: 8px">Expansion based on 
              <a href="CodeSystem-DDCC-QR-Format-CodeSystem.html">DDCC QR Format Codes v1.0.0 (CodeSystem)</a>
            </p>
            <p>All codes in this table are from the system 
              <a href="CodeSystem-DDCC-QR-Format-CodeSystem.html">
                <code>http://worldhealthorganization.github.io/ddcc/CodeSystem/DDCC-QR-Format-CodeSystem</code>
              </a>
            </p>
            <table class="codes">
              <tr>
                <td style="white-space:nowrap">
                  <b>Code</b>
                </td>
                <td>
                  <b>Display</b>
                </td>
              </tr>
              <tr>
                <td style="white-space:nowrap">
                  <a name="http---worldhealthorganization.github.io-ddcc-CodeSystem-DDCC-QR-Format-CodeSystem-image"> </a>  
                  <a href="CodeSystem-DDCC-QR-Format-CodeSystem.html#DDCC-QR-Format-CodeSystem-image">image</a>
                </td>
                <td>Image</td>
              </tr>
              <tr>
                <td style="white-space:nowrap">
                  <a name="http---worldhealthorganization.github.io-ddcc-CodeSystem-DDCC-QR-Format-CodeSystem-serialized"> </a>  
                  <a href="CodeSystem-DDCC-QR-Format-CodeSystem.html#DDCC-QR-Format-CodeSystem-serialized">serialized</a>
                </td>
                <td>Serialized QR Content</td>
              </tr>
              <tr>
                <td style="white-space:nowrap">
                  <a name="http---worldhealthorganization.github.io-ddcc-CodeSystem-DDCC-QR-Format-CodeSystem-pdf"> </a>  
                  <a href="CodeSystem-DDCC-QR-Format-CodeSystem.html#DDCC-QR-Format-CodeSystem-pdf">pdf</a>
                </td>
                <td>PDF version of the QR image</td>
              </tr>
            </table>
          </div>
        </text>
        <url value="http://worldhealthorganization.github.io/ddcc/ValueSet/DDCC-QR-Format-ValueSet"/>
        <version value="1.0.0"/>
        <name value="DDCC_QR_Format_ValueSet"/>
        <title value="DDCC QR Format Codes"/>
        <status value="active"/>
        <date value="2022-03-23T00:19:03+00:00"/>
        <publisher value="WHO"/>
        <contact>
          <name value="WHO"/>
          <telecom>
            <system value="url"/>
            <value value="http://who.int"/>
          </telecom>
        </contact>
        <description value="Format of the representation of QR code"/>
        <jurisdiction>
          <coding>
            <system value="http://unstats.un.org/unsd/methods/m49/m49.htm"/>
            <code value="001"/>
          </coding>
        </jurisdiction>
        <expansion>
          <identifier value="urn:uuid:3f7e1699-4ebc-4bd3-a18e-73ec8307aa56"/>
          <timestamp value="2022-03-23T00:20:18+00:00"/>
          <total value="3"/>
          <parameter>
            <name value="excludeNested"/>
            <valueBoolean value="false"/>
          </parameter>
          <parameter>
            <name value="version"/>
            <valueUri value="http://worldhealthorganization.github.io/ddcc/CodeSystem/DDCC-QR-Format-CodeSystem|1.0.0"/>
          </parameter>
          <contains>
            <system value="http://worldhealthorganization.github.io/ddcc/CodeSystem/DDCC-QR-Format-CodeSystem"/>
            <code value="image"/>
            <display value="Image"/>
          </contains>
          <contains>
            <system value="http://worldhealthorganization.github.io/ddcc/CodeSystem/DDCC-QR-Format-CodeSystem"/>
            <code value="serialized"/>
            <display value="Serialized QR Content"/>
          </contains>
          <contains>
            <system value="http://worldhealthorganization.github.io/ddcc/CodeSystem/DDCC-QR-Format-CodeSystem"/>
            <code value="pdf"/>
            <display value="PDF version of the QR image"/>
          </contains>
        </expansion>
      </ValueSet>
    </resource>
  </entry>
  <entry>
    <fullUrl value="http://worldhealthorganization.github.io/ddcc/ValueSet/DDCC-QR-Type-ValueSet"/>
    <resource>
      <ValueSet>
        <id value="DDCC-QR-Type-ValueSet"/>
        <text>
          <status value="generated"/>
          <div xmlns="http://www.w3.org/1999/xhtml">
            <p>This value set contains 6 concepts</p>
            <p style="border: black 1px dotted; background-color: #EEEEEE; padding: 8px; margin-bottom: 8px">Expansion based on 
              <a href="CodeSystem-DDCC-QR-Type-CodeSystem.html">DDCC QR Category Usage Codes v1.0.0 (CodeSystem)</a>
            </p>
            <p>All codes in this table are from the system 
              <a href="CodeSystem-DDCC-QR-Type-CodeSystem.html">
                <code>http://worldhealthorganization.github.io/ddcc/CodeSystem/DDCC-QR-Type-CodeSystem</code>
              </a>
            </p>
            <table class="codes">
              <tr>
                <td style="white-space:nowrap">
                  <b>Code</b>
                </td>
                <td>
                  <b>Display</b>
                </td>
              </tr>
              <tr>
                <td style="white-space:nowrap">
                  <a name="http---worldhealthorganization.github.io-ddcc-CodeSystem-DDCC-QR-Type-CodeSystem-who"> </a>  
                  <a href="CodeSystem-DDCC-QR-Type-CodeSystem.html#DDCC-QR-Type-CodeSystem-who">who</a>
                </td>
                <td>WHO DDCC</td>
              </tr>
              <tr>
                <td style="white-space:nowrap">
                  <a name="http---worldhealthorganization.github.io-ddcc-CodeSystem-DDCC-QR-Type-CodeSystem-dcc"> </a>  
                  <a href="CodeSystem-DDCC-QR-Type-CodeSystem.html#DDCC-QR-Type-CodeSystem-dcc">dcc</a>
                </td>
                <td>EU DCC</td>
              </tr>
              <tr>
                <td style="white-space:nowrap">
                  <a name="http---worldhealthorganization.github.io-ddcc-CodeSystem-DDCC-QR-Type-CodeSystem-icao"> </a>  
                  <a href="CodeSystem-DDCC-QR-Type-CodeSystem.html#DDCC-QR-Type-CodeSystem-icao">icao</a>
                </td>
                <td>ICAO</td>
              </tr>
              <tr>
                <td style="white-space:nowrap">
                  <a name="http---worldhealthorganization.github.io-ddcc-CodeSystem-DDCC-QR-Type-CodeSystem-au"> </a>  
                  <a href="CodeSystem-DDCC-QR-Type-CodeSystem.html#DDCC-QR-Type-CodeSystem-au">au</a>
                </td>
                <td>AU</td>
              </tr>
              <tr>
                <td style="white-space:nowrap">
                  <a name="http---worldhealthorganization.github.io-ddcc-CodeSystem-DDCC-QR-Type-CodeSystem-shc"> </a>  
                  <a href="CodeSystem-DDCC-QR-Type-CodeSystem.html#DDCC-QR-Type-CodeSystem-shc">shc</a>
                </td>
                <td>SMART Health Card</td>
              </tr>
              <tr>
                <td style="white-space:nowrap">
                  <a name="http---worldhealthorganization.github.io-ddcc-CodeSystem-DDCC-QR-Type-CodeSystem-divoc"> </a>  
                  <a href="CodeSystem-DDCC-QR-Type-CodeSystem.html#DDCC-QR-Type-CodeSystem-divoc">divoc</a>
                </td>
                <td>DIVOC</td>
              </tr>
            </table>
          </div>
        </text>
        <url value="http://worldhealthorganization.github.io/ddcc/ValueSet/DDCC-QR-Type-ValueSet"/>
        <version value="1.0.0"/>
        <name value="DDCC_QR_Type_ValueSet"/>
        <title value="DDCC QR Type Codes"/>
        <status value="active"/>
        <date value="2022-03-23T00:19:03+00:00"/>
        <publisher value="WHO"/>
        <contact>
          <name value="WHO"/>
          <telecom>
            <system value="url"/>
            <value value="http://who.int"/>
          </telecom>
        </contact>
        <description value="Type of QR codes by their business usage"/>
        <jurisdiction>
          <coding>
            <system value="http://unstats.un.org/unsd/methods/m49/m49.htm"/>
            <code value="001"/>
          </coding>
        </jurisdiction>
        <expansion>
          <identifier value="urn:uuid:925bcf99-3a63-4a01-803b-dd792c51aa03"/>
          <timestamp value="2022-03-23T00:20:18+00:00"/>
          <total value="6"/>
          <parameter>
            <name value="excludeNested"/>
            <valueBoolean value="false"/>
          </parameter>
          <parameter>
            <name value="version"/>
            <valueUri value="http://worldhealthorganization.github.io/ddcc/CodeSystem/DDCC-QR-Type-CodeSystem|1.0.0"/>
          </parameter>
          <contains>
            <system value="http://worldhealthorganization.github.io/ddcc/CodeSystem/DDCC-QR-Type-CodeSystem"/>
            <code value="who"/>
            <display value="WHO DDCC"/>
          </contains>
          <contains>
            <system value="http://worldhealthorganization.github.io/ddcc/CodeSystem/DDCC-QR-Type-CodeSystem"/>
            <code value="dcc"/>
            <display value="EU DCC"/>
          </contains>
          <contains>
            <system value="http://worldhealthorganization.github.io/ddcc/CodeSystem/DDCC-QR-Type-CodeSystem"/>
            <code value="icao"/>
            <display value="ICAO"/>
          </contains>
          <contains>
            <system value="http://worldhealthorganization.github.io/ddcc/CodeSystem/DDCC-QR-Type-CodeSystem"/>
            <code value="au"/>
            <display value="AU"/>
          </contains>
          <contains>
            <system value="http://worldhealthorganization.github.io/ddcc/CodeSystem/DDCC-QR-Type-CodeSystem"/>
            <code value="shc"/>
            <display value="SMART Health Card"/>
          </contains>
          <contains>
            <system value="http://worldhealthorganization.github.io/ddcc/CodeSystem/DDCC-QR-Type-CodeSystem"/>
            <code value="divoc"/>
            <display value="DIVOC"/>
          </contains>
        </expansion>
      </ValueSet>
    </resource>
  </entry>
</Bundle>