<?xml version="1.0" encoding="UTF-8"?>

<Bundle xmlns="http://hl7.org/fhir">
  <id value="990593b6-be52-4903-a92e-9e9ebf826092"/>
  <meta>
    <lastUpdated value="2022-09-27T20:20:50.980+00:00"/>
  </meta>
  <type value="collection"/>
  <entry>
    <fullUrl value="http://worldhealthorganization.github.io/ddcc/ValueSet/DDCC-Composition-Category-ValueSet"/>
    <resource>
      <ValueSet>
        <id value="DDCC-Composition-Category-ValueSet"/>
        <text>
          <status value="generated"/>
          <div xmlns="http://www.w3.org/1999/xhtml">
            <p>This value set contains 2 concepts</p>
            <p style="border: black 1px dotted; background-color: #EEEEEE; padding: 8px; margin-bottom: 8px">Expansion based on 
              <a href="CodeSystem-DDCC-Composition-Category-CodeSystem.html">DDCC Composition Category Codes v1.0.0 (CodeSystem)</a>
            </p>
            <table class="codes">
              <tr>
                <td style="white-space:nowrap">
                  <b>Code</b>
                </td>
                <td>
                  <b>System</b>
                </td>
                <td>
                  <b>Display</b>
                </td>
              </tr>
              <tr>
                <td style="white-space:nowrap">
                  <a name="http---worldhealthorganization.github.io-ddcc-CodeSystem-DDCC-Composition-Category-CodeSystem-ddcc-vs"> </a>  
                  <a href="CodeSystem-DDCC-Composition-Category-CodeSystem.html#DDCC-Composition-Category-CodeSystem-ddcc-vs">ddcc-vs</a>
                </td>
                <td>http://worldhealthorganization.github.io/ddcc/CodeSystem/DDCC-Composition-Category-CodeSystem</td>
                <td>DDCC:VS</td>
              </tr>
              <tr>
                <td style="white-space:nowrap">
                  <a name="http---worldhealthorganization.github.io-ddcc-CodeSystem-DDCC-Composition-Category-CodeSystem-ddcc-tr"> </a>  
                  <a href="CodeSystem-DDCC-Composition-Category-CodeSystem.html#DDCC-Composition-Category-CodeSystem-ddcc-tr">ddcc-tr</a>
                </td>
                <td>http://worldhealthorganization.github.io/ddcc/CodeSystem/DDCC-Composition-Category-CodeSystem</td>
                <td>DDCC:TR</td>
              </tr>
            </table>
          </div>
        </text>
        <url value="http://worldhealthorganization.github.io/ddcc/ValueSet/DDCC-Composition-Category-ValueSet"/>
        <version value="1.0.0"/>
        <name value="DDCC_Composition_Category_ValueSet"/>
        <title value="DDCC Composition Category Codes"/>
        <status value="active"/>
        <date value="2022-09-27T20:20:50+00:00"/>
        <publisher value="WHO"/>
        <contact>
          <name value="WHO"/>
          <telecom>
            <system value="url"/>
            <value value="http://who.int"/>
          </telecom>
        </contact>
        <description value="Categorization of DDCC Composition"/>
        <jurisdiction>
          <coding>
            <system value="http://unstats.un.org/unsd/methods/m49/m49.htm"/>
            <code value="001"/>
          </coding>
        </jurisdiction>
        <expansion>
          <identifier value="urn:uuid:02f98942-84f3-4407-b93b-352e04f4d85b"/>
          <timestamp value="2022-09-27T20:22:39+00:00"/>
          <total value="2"/>
          <parameter>
            <name value="excludeNested"/>
            <valueBoolean value="false"/>
          </parameter>
          <parameter>
            <name value="version"/>
            <valueUri value="http://worldhealthorganization.github.io/ddcc/CodeSystem/DDCC-Composition-Category-CodeSystem|1.0.0"/>
          </parameter>
          <contains>
            <system value="http://worldhealthorganization.github.io/ddcc/CodeSystem/DDCC-Composition-Category-CodeSystem"/>
            <code value="ddcc-vs"/>
            <display value="DDCC:VS"/>
          </contains>
          <contains>
            <system value="http://worldhealthorganization.github.io/ddcc/CodeSystem/DDCC-Composition-Category-CodeSystem"/>
            <code value="ddcc-tr"/>
            <display value="DDCC:TR"/>
          </contains>
        </expansion>
      </ValueSet>
    </resource>
  </entry>
  <entry>
    <fullUrl value="http://worldhealthorganization.github.io/ddcc/ValueSet/DDCC-Device-Property-ValueSet"/>
    <resource>
      <ValueSet>
        <id value="DDCC-Device-Property-ValueSet"/>
        <text>
          <status value="generated"/>
          <div xmlns="http://www.w3.org/1999/xhtml">
            <p>This value set contains 2 concepts</p>
            <p style="border: black 1px dotted; background-color: #EEEEEE; padding: 8px; margin-bottom: 8px">Expansion based on 
              <a href="CodeSystem-DDCC-Device-Property-CodeSystem.html">DDCC Device Property Codes v1.0.0 (CodeSystem)</a>
            </p>
            <table class="codes">
              <tr>
                <td style="white-space:nowrap">
                  <b>Code</b>
                </td>
                <td>
                  <b>System</b>
                </td>
                <td>
                  <b>Display</b>
                </td>
              </tr>
              <tr>
                <td style="white-space:nowrap">
                  <a name="http---worldhealthorganization.github.io-ddcc-CodeSystem-DDCC-Device-Property-CodeSystem-pathogen"> </a>  
                  <a href="CodeSystem-DDCC-Device-Property-CodeSystem.html#DDCC-Device-Property-CodeSystem-pathogen">pathogen</a>
                </td>
                <td>http://worldhealthorganization.github.io/ddcc/CodeSystem/DDCC-Device-Property-CodeSystem</td>
                <td>Pathogen Targeted</td>
              </tr>
              <tr>
                <td style="white-space:nowrap">
                  <a name="http---worldhealthorganization.github.io-ddcc-CodeSystem-DDCC-Device-Property-CodeSystem-brand"> </a>  
                  <a href="CodeSystem-DDCC-Device-Property-CodeSystem.html#DDCC-Device-Property-CodeSystem-brand">brand</a>
                </td>
                <td>http://worldhealthorganization.github.io/ddcc/CodeSystem/DDCC-Device-Property-CodeSystem</td>
                <td>Test Brand</td>
              </tr>
            </table>
          </div>
        </text>
        <url value="http://worldhealthorganization.github.io/ddcc/ValueSet/DDCC-Device-Property-ValueSet"/>
        <version value="1.0.0"/>
        <name value="DDCC_Device_Property_ValueSet"/>
        <title value="DDCC Device Property Codes"/>
        <status value="active"/>
        <date value="2022-09-27T20:20:50+00:00"/>
        <publisher value="WHO"/>
        <contact>
          <name value="WHO"/>
          <telecom>
            <system value="url"/>
            <value value="http://who.int"/>
          </telecom>
        </contact>
        <description value="Properties of DDCC devices"/>
        <jurisdiction>
          <coding>
            <system value="http://unstats.un.org/unsd/methods/m49/m49.htm"/>
            <code value="001"/>
          </coding>
        </jurisdiction>
        <expansion>
          <identifier value="urn:uuid:1d058f20-34fa-4ae9-8794-7cf5b43e8d2c"/>
          <timestamp value="2022-09-27T20:22:39+00:00"/>
          <total value="2"/>
          <parameter>
            <name value="excludeNested"/>
            <valueBoolean value="false"/>
          </parameter>
          <parameter>
            <name value="version"/>
            <valueUri value="http://worldhealthorganization.github.io/ddcc/CodeSystem/DDCC-Device-Property-CodeSystem|1.0.0"/>
          </parameter>
          <contains>
            <system value="http://worldhealthorganization.github.io/ddcc/CodeSystem/DDCC-Device-Property-CodeSystem"/>
            <code value="pathogen"/>
            <display value="Pathogen Targeted"/>
          </contains>
          <contains>
            <system value="http://worldhealthorganization.github.io/ddcc/CodeSystem/DDCC-Device-Property-CodeSystem"/>
            <code value="brand"/>
            <display value="Test Brand"/>
          </contains>
        </expansion>
      </ValueSet>
    </resource>
  </entry>
  <entry>
    <fullUrl value="http://worldhealthorganization.github.io/ddcc/ValueSet/DDCC-Folder-DesignationType"/>
    <resource>
      <ValueSet>
        <id value="DDCC-Folder-DesignationType"/>
        <text>
          <status value="generated"/>
          <div xmlns="http://www.w3.org/1999/xhtml">
            <p>This value set contains 1 concepts</p>
            <p style="border: black 1px dotted; background-color: #EEEEEE; padding: 8px; margin-bottom: 8px">Expansion based on 
              <a href="CodeSystem-DDCC-Folder-DesignationType.html">DDCC Designation Types for Folder v1.0.0 (CodeSystem)</a>
            </p>
            <table class="codes">
              <tr>
                <td style="white-space:nowrap">
                  <b>Code</b>
                </td>
                <td>
                  <b>System</b>
                </td>
                <td>
                  <b>Display</b>
                </td>
              </tr>
              <tr>
                <td style="white-space:nowrap">
                  <a name="http---worldhealthorganization.github.io-ddcc-CodeSystem-DDCC-Folder-DesignationType-ddcc"> </a>  
                  <a href="CodeSystem-DDCC-Folder-DesignationType.html#DDCC-Folder-DesignationType-ddcc">ddcc</a>
                </td>
                <td>http://worldhealthorganization.github.io/ddcc/CodeSystem/DDCC-Folder-DesignationType</td>
                <td>DDCC</td>
              </tr>
            </table>
          </div>
        </text>
        <url value="http://worldhealthorganization.github.io/ddcc/ValueSet/DDCC-Folder-DesignationType"/>
        <version value="1.0.0"/>
        <name value="DDCC_Folder_DesignationType_ValueSet"/>
        <title value="DDCC DesignationTypes for Folder"/>
        <status value="active"/>
        <date value="2022-09-27T20:20:50+00:00"/>
        <publisher value="WHO"/>
        <contact>
          <name value="WHO"/>
          <telecom>
            <system value="url"/>
            <value value="http://who.int"/>
          </telecom>
        </contact>
        <description value="DDCC Designation Types ValueSet for DDCC Folders."/>
        <jurisdiction>
          <coding>
            <system value="http://unstats.un.org/unsd/methods/m49/m49.htm"/>
            <code value="001"/>
          </coding>
        </jurisdiction>
        <expansion>
          <identifier value="urn:uuid:b299bbe9-e885-4efd-b874-69cc8917ce90"/>
          <timestamp value="2022-09-27T20:22:40+00:00"/>
          <total value="1"/>
          <parameter>
            <name value="excludeNested"/>
            <valueBoolean value="false"/>
          </parameter>
          <parameter>
            <name value="version"/>
            <valueUri value="http://worldhealthorganization.github.io/ddcc/CodeSystem/DDCC-Folder-DesignationType|1.0.0"/>
          </parameter>
          <contains>
            <system value="http://worldhealthorganization.github.io/ddcc/CodeSystem/DDCC-Folder-DesignationType"/>
            <code value="ddcc"/>
            <display value="DDCC"/>
          </contains>
        </expansion>
      </ValueSet>
    </resource>
  </entry>
  <entry>
    <fullUrl value="http://worldhealthorganization.github.io/ddcc/ValueSet/DDCC-QR-Format-ValueSet"/>
    <resource>
      <ValueSet>
        <id value="DDCC-QR-Format-ValueSet"/>
        <text>
          <status value="generated"/>
          <div xmlns="http://www.w3.org/1999/xhtml">
            <p>This value set contains 3 concepts</p>
            <p style="border: black 1px dotted; background-color: #EEEEEE; padding: 8px; margin-bottom: 8px">Expansion based on 
              <a href="CodeSystem-DDCC-QR-Format-CodeSystem.html">DDCC QR Format Codes v1.0.0 (CodeSystem)</a>
            </p>
            <table class="codes">
              <tr>
                <td style="white-space:nowrap">
                  <b>Code</b>
                </td>
                <td>
                  <b>System</b>
                </td>
                <td>
                  <b>Display</b>
                </td>
              </tr>
              <tr>
                <td style="white-space:nowrap">
                  <a name="http---worldhealthorganization.github.io-ddcc-CodeSystem-DDCC-QR-Format-CodeSystem-image"> </a>  
                  <a href="CodeSystem-DDCC-QR-Format-CodeSystem.html#DDCC-QR-Format-CodeSystem-image">image</a>
                </td>
                <td>http://worldhealthorganization.github.io/ddcc/CodeSystem/DDCC-QR-Format-CodeSystem</td>
                <td>Image</td>
              </tr>
              <tr>
                <td style="white-space:nowrap">
                  <a name="http---worldhealthorganization.github.io-ddcc-CodeSystem-DDCC-QR-Format-CodeSystem-serialized"> </a>  
                  <a href="CodeSystem-DDCC-QR-Format-CodeSystem.html#DDCC-QR-Format-CodeSystem-serialized">serialized</a>
                </td>
                <td>http://worldhealthorganization.github.io/ddcc/CodeSystem/DDCC-QR-Format-CodeSystem</td>
                <td>Serialized QR Content</td>
              </tr>
              <tr>
                <td style="white-space:nowrap">
                  <a name="http---worldhealthorganization.github.io-ddcc-CodeSystem-DDCC-QR-Format-CodeSystem-pdf"> </a>  
                  <a href="CodeSystem-DDCC-QR-Format-CodeSystem.html#DDCC-QR-Format-CodeSystem-pdf">pdf</a>
                </td>
                <td>http://worldhealthorganization.github.io/ddcc/CodeSystem/DDCC-QR-Format-CodeSystem</td>
                <td>PDF version of the QR image</td>
              </tr>
            </table>
          </div>
        </text>
        <url value="http://worldhealthorganization.github.io/ddcc/ValueSet/DDCC-QR-Format-ValueSet"/>
        <version value="1.0.0"/>
        <name value="DDCC_QR_Format_ValueSet"/>
        <title value="DDCC QR Format Codes"/>
        <status value="active"/>
        <date value="2022-09-27T20:20:50+00:00"/>
        <publisher value="WHO"/>
        <contact>
          <name value="WHO"/>
          <telecom>
            <system value="url"/>
            <value value="http://who.int"/>
          </telecom>
        </contact>
        <description value="Format of the representation of QR code"/>
        <jurisdiction>
          <coding>
            <system value="http://unstats.un.org/unsd/methods/m49/m49.htm"/>
            <code value="001"/>
          </coding>
        </jurisdiction>
        <expansion>
          <identifier value="urn:uuid:572ddfbf-d218-43c0-9e09-737d29241fc8"/>
          <timestamp value="2022-09-27T20:22:40+00:00"/>
          <total value="3"/>
          <parameter>
            <name value="excludeNested"/>
            <valueBoolean value="false"/>
          </parameter>
          <parameter>
            <name value="version"/>
            <valueUri value="http://worldhealthorganization.github.io/ddcc/CodeSystem/DDCC-QR-Format-CodeSystem|1.0.0"/>
          </parameter>
          <contains>
            <system value="http://worldhealthorganization.github.io/ddcc/CodeSystem/DDCC-QR-Format-CodeSystem"/>
            <code value="image"/>
            <display value="Image"/>
          </contains>
          <contains>
            <system value="http://worldhealthorganization.github.io/ddcc/CodeSystem/DDCC-QR-Format-CodeSystem"/>
            <code value="serialized"/>
            <display value="Serialized QR Content"/>
          </contains>
          <contains>
            <system value="http://worldhealthorganization.github.io/ddcc/CodeSystem/DDCC-QR-Format-CodeSystem"/>
            <code value="pdf"/>
            <display value="PDF version of the QR image"/>
          </contains>
        </expansion>
      </ValueSet>
    </resource>
  </entry>
  <entry>
    <fullUrl value="http://worldhealthorganization.github.io/ddcc/ValueSet/DDCC-QR-Type-ValueSet"/>
    <resource>
      <ValueSet>
        <id value="DDCC-QR-Type-ValueSet"/>
        <text>
          <status value="generated"/>
          <div xmlns="http://www.w3.org/1999/xhtml">
            <p>This value set contains 6 concepts</p>
            <p style="border: black 1px dotted; background-color: #EEEEEE; padding: 8px; margin-bottom: 8px">Expansion based on 
              <a href="CodeSystem-DDCC-QR-Type-CodeSystem.html">DDCC QR Category Usage Codes v1.0.0 (CodeSystem)</a>
            </p>
            <table class="codes">
              <tr>
                <td style="white-space:nowrap">
                  <b>Code</b>
                </td>
                <td>
                  <b>System</b>
                </td>
                <td>
                  <b>Display</b>
                </td>
              </tr>
              <tr>
                <td style="white-space:nowrap">
                  <a name="http---worldhealthorganization.github.io-ddcc-CodeSystem-DDCC-QR-Type-CodeSystem-who"> </a>  
                  <a href="CodeSystem-DDCC-QR-Type-CodeSystem.html#DDCC-QR-Type-CodeSystem-who">who</a>
                </td>
                <td>http://worldhealthorganization.github.io/ddcc/CodeSystem/DDCC-QR-Type-CodeSystem</td>
                <td>WHO DDCC</td>
              </tr>
              <tr>
                <td style="white-space:nowrap">
                  <a name="http---worldhealthorganization.github.io-ddcc-CodeSystem-DDCC-QR-Type-CodeSystem-dcc"> </a>  
                  <a href="CodeSystem-DDCC-QR-Type-CodeSystem.html#DDCC-QR-Type-CodeSystem-dcc">dcc</a>
                </td>
                <td>http://worldhealthorganization.github.io/ddcc/CodeSystem/DDCC-QR-Type-CodeSystem</td>
                <td>EU DCC</td>
              </tr>
              <tr>
                <td style="white-space:nowrap">
                  <a name="http---worldhealthorganization.github.io-ddcc-CodeSystem-DDCC-QR-Type-CodeSystem-icao"> </a>  
                  <a href="CodeSystem-DDCC-QR-Type-CodeSystem.html#DDCC-QR-Type-CodeSystem-icao">icao</a>
                </td>
                <td>http://worldhealthorganization.github.io/ddcc/CodeSystem/DDCC-QR-Type-CodeSystem</td>
                <td>ICAO</td>
              </tr>
              <tr>
                <td style="white-space:nowrap">
                  <a name="http---worldhealthorganization.github.io-ddcc-CodeSystem-DDCC-QR-Type-CodeSystem-au"> </a>  
                  <a href="CodeSystem-DDCC-QR-Type-CodeSystem.html#DDCC-QR-Type-CodeSystem-au">au</a>
                </td>
                <td>http://worldhealthorganization.github.io/ddcc/CodeSystem/DDCC-QR-Type-CodeSystem</td>
                <td>AU</td>
              </tr>
              <tr>
                <td style="white-space:nowrap">
                  <a name="http---worldhealthorganization.github.io-ddcc-CodeSystem-DDCC-QR-Type-CodeSystem-shc"> </a>  
                  <a href="CodeSystem-DDCC-QR-Type-CodeSystem.html#DDCC-QR-Type-CodeSystem-shc">shc</a>
                </td>
                <td>http://worldhealthorganization.github.io/ddcc/CodeSystem/DDCC-QR-Type-CodeSystem</td>
                <td>SMART Health Card</td>
              </tr>
              <tr>
                <td style="white-space:nowrap">
                  <a name="http---worldhealthorganization.github.io-ddcc-CodeSystem-DDCC-QR-Type-CodeSystem-divoc"> </a>  
                  <a href="CodeSystem-DDCC-QR-Type-CodeSystem.html#DDCC-QR-Type-CodeSystem-divoc">divoc</a>
                </td>
                <td>http://worldhealthorganization.github.io/ddcc/CodeSystem/DDCC-QR-Type-CodeSystem</td>
                <td>DIVOC</td>
              </tr>
            </table>
          </div>
        </text>
        <url value="http://worldhealthorganization.github.io/ddcc/ValueSet/DDCC-QR-Type-ValueSet"/>
        <version value="1.0.0"/>
        <name value="DDCC_QR_Type_ValueSet"/>
        <title value="DDCC QR Type Codes"/>
        <status value="active"/>
        <date value="2022-09-27T20:20:50+00:00"/>
        <publisher value="WHO"/>
        <contact>
          <name value="WHO"/>
          <telecom>
            <system value="url"/>
            <value value="http://who.int"/>
          </telecom>
        </contact>
        <description value="Type of QR codes by their business usage"/>
        <jurisdiction>
          <coding>
            <system value="http://unstats.un.org/unsd/methods/m49/m49.htm"/>
            <code value="001"/>
          </coding>
        </jurisdiction>
        <expansion>
          <identifier value="urn:uuid:80b216e6-3b40-4a1b-9650-e7958b3e5fb6"/>
          <timestamp value="2022-09-27T20:22:40+00:00"/>
          <total value="6"/>
          <parameter>
            <name value="excludeNested"/>
            <valueBoolean value="false"/>
          </parameter>
          <parameter>
            <name value="version"/>
            <valueUri value="http://worldhealthorganization.github.io/ddcc/CodeSystem/DDCC-QR-Type-CodeSystem|1.0.0"/>
          </parameter>
          <contains>
            <system value="http://worldhealthorganization.github.io/ddcc/CodeSystem/DDCC-QR-Type-CodeSystem"/>
            <code value="who"/>
            <display value="WHO DDCC"/>
          </contains>
          <contains>
            <system value="http://worldhealthorganization.github.io/ddcc/CodeSystem/DDCC-QR-Type-CodeSystem"/>
            <code value="dcc"/>
            <display value="EU DCC"/>
          </contains>
          <contains>
            <system value="http://worldhealthorganization.github.io/ddcc/CodeSystem/DDCC-QR-Type-CodeSystem"/>
            <code value="icao"/>
            <display value="ICAO"/>
          </contains>
          <contains>
            <system value="http://worldhealthorganization.github.io/ddcc/CodeSystem/DDCC-QR-Type-CodeSystem"/>
            <code value="au"/>
            <display value="AU"/>
          </contains>
          <contains>
            <system value="http://worldhealthorganization.github.io/ddcc/CodeSystem/DDCC-QR-Type-CodeSystem"/>
            <code value="shc"/>
            <display value="SMART Health Card"/>
          </contains>
          <contains>
            <system value="http://worldhealthorganization.github.io/ddcc/CodeSystem/DDCC-QR-Type-CodeSystem"/>
            <code value="divoc"/>
            <display value="DIVOC"/>
          </contains>
        </expansion>
      </ValueSet>
    </resource>
  </entry>
  <entry>
    <fullUrl value="http://worldhealthorganization.github.io/ddcc/ValueSet/who-ddcc-agent-targeted-covid-19"/>
    <resource>
      <ValueSet>
        <id value="who-ddcc-agent-targeted-covid-19"/>
        <text>
          <status value="generated"/>
          <div xmlns="http://www.w3.org/1999/xhtml">
            <p>This value set contains 14 concepts</p>
            <p style="border: black 1px dotted; background-color: #EEEEEE; padding: 8px; margin-bottom: 8px">Expansion based on 
              <a href="CodeSystem-DDCC-ICD11-CodeSystem.html">DDCC Codes for ICD11 v1.0.0 (CodeSystem)</a>
            </p>
            <table class="codes">
              <tr>
                <td style="white-space:nowrap">
                  <b>Code</b>
                </td>
                <td>
                  <b>System</b>
                </td>
                <td>
                  <b>Display</b>
                </td>
              </tr>
              <tr>
                <td style="white-space:nowrap">
                  <a name="http---id.who.int-icd11-mms-XN109"> </a>  
                  <a href="CodeSystem-DDCC-ICD11-CodeSystem.html#DDCC-ICD11-CodeSystem-XN109">XN109</a>
                </td>
                <td>http://id.who.int/icd11/mms</td>
                <td>SARS-CoV-2</td>
              </tr>
              <tr>
                <td style="white-space:nowrap">
                  <a name="http---id.who.int-icd11-mms-XN0HL"> </a>  
                  <a href="CodeSystem-DDCC-ICD11-CodeSystem.html#DDCC-ICD11-CodeSystem-XN0HL">XN0HL</a>
                </td>
                <td>http://id.who.int/icd11/mms</td>
                <td>SARS-CoV-2 Alpha</td>
              </tr>
              <tr>
                <td style="white-space:nowrap">
                  <a name="http---id.who.int-icd11-mms-XN4Q7"> </a>  
                  <a href="CodeSystem-DDCC-ICD11-CodeSystem.html#DDCC-ICD11-CodeSystem-XN4Q7">XN4Q7</a>
                </td>
                <td>http://id.who.int/icd11/mms</td>
                <td>SARS-CoV-2 Beta</td>
              </tr>
              <tr>
                <td style="white-space:nowrap">
                  <a name="http---id.who.int-icd11-mms-XN5BQ"> </a>  
                  <a href="CodeSystem-DDCC-ICD11-CodeSystem.html#DDCC-ICD11-CodeSystem-XN5BQ">XN5BQ</a>
                </td>
                <td>http://id.who.int/icd11/mms</td>
                <td>SARS-CoV-2 Gamma</td>
              </tr>
              <tr>
                <td style="white-space:nowrap">
                  <a name="http---id.who.int-icd11-mms-XN8V6"> </a>  
                  <a href="CodeSystem-DDCC-ICD11-CodeSystem.html#DDCC-ICD11-CodeSystem-XN8V6">XN8V6</a>
                </td>
                <td>http://id.who.int/icd11/mms</td>
                <td>SARS-CoV-2 Delta</td>
              </tr>
              <tr>
                <td style="white-space:nowrap">
                  <a name="http---id.who.int-icd11-mms-XN1GK"> </a>  
                  <a href="CodeSystem-DDCC-ICD11-CodeSystem.html#DDCC-ICD11-CodeSystem-XN1GK">XN1GK</a>
                </td>
                <td>http://id.who.int/icd11/mms</td>
                <td>SARS-CoV-2 Epsilon</td>
              </tr>
              <tr>
                <td style="white-space:nowrap">
                  <a name="http---id.who.int-icd11-mms-XN3ZE"> </a>  
                  <a href="CodeSystem-DDCC-ICD11-CodeSystem.html#DDCC-ICD11-CodeSystem-XN3ZE">XN3ZE</a>
                </td>
                <td>http://id.who.int/icd11/mms</td>
                <td>SARS-CoV-2 Zeta</td>
              </tr>
              <tr>
                <td style="white-space:nowrap">
                  <a name="http---id.who.int-icd11-mms-XN2V4"> </a>  
                  <a href="CodeSystem-DDCC-ICD11-CodeSystem.html#DDCC-ICD11-CodeSystem-XN2V4">XN2V4</a>
                </td>
                <td>http://id.who.int/icd11/mms</td>
                <td>SARS-CoV-2 Eta</td>
              </tr>
              <tr>
                <td style="white-space:nowrap">
                  <a name="http---id.who.int-icd11-mms-XN4Q1"> </a>  
                  <a href="CodeSystem-DDCC-ICD11-CodeSystem.html#DDCC-ICD11-CodeSystem-XN4Q1">XN4Q1</a>
                </td>
                <td>http://id.who.int/icd11/mms</td>
                <td>SARS-CoV-2 Theta</td>
              </tr>
              <tr>
                <td style="white-space:nowrap">
                  <a name="http---id.who.int-icd11-mms-XN3UD"> </a>  
                  <a href="CodeSystem-DDCC-ICD11-CodeSystem.html#DDCC-ICD11-CodeSystem-XN3UD">XN3UD</a>
                </td>
                <td>http://id.who.int/icd11/mms</td>
                <td>SARS-CoV-2 Iota</td>
              </tr>
              <tr>
                <td style="white-space:nowrap">
                  <a name="http---id.who.int-icd11-mms-XN9L8"> </a>  
                  <a href="CodeSystem-DDCC-ICD11-CodeSystem.html#DDCC-ICD11-CodeSystem-XN9L8">XN9L8</a>
                </td>
                <td>http://id.who.int/icd11/mms</td>
                <td>SARS-CoV-2 Kappa</td>
              </tr>
              <tr>
                <td style="white-space:nowrap">
                  <a name="http---id.who.int-icd11-mms-XN6AM"> </a>  
                  <a href="CodeSystem-DDCC-ICD11-CodeSystem.html#DDCC-ICD11-CodeSystem-XN6AM">XN6AM</a>
                </td>
                <td>http://id.who.int/icd11/mms</td>
                <td>SARS-CoV-2 Lambda</td>
              </tr>
              <tr>
                <td style="white-space:nowrap">
                  <a name="http---id.who.int-icd11-mms-XN39J"> </a>  
                  <a href="CodeSystem-DDCC-ICD11-CodeSystem.html#DDCC-ICD11-CodeSystem-XN39J">XN39J</a>
                </td>
                <td>http://id.who.int/icd11/mms</td>
                <td>SARS-CoV-2 Mu</td>
              </tr>
              <tr>
                <td style="white-space:nowrap">
                  <a name="http---id.who.int-icd11-mms-XN161"> </a>  
                  <a href="CodeSystem-DDCC-ICD11-CodeSystem.html#DDCC-ICD11-CodeSystem-XN161">XN161</a>
                </td>
                <td>http://id.who.int/icd11/mms</td>
                <td>SARS-CoV-2 Omicron</td>
              </tr>
            </table>
          </div>
        </text>
        <url value="http://worldhealthorganization.github.io/ddcc/ValueSet/who-ddcc-agent-targeted-covid-19"/>
        <version value="1.0.0"/>
        <name value="WHO_DDCC_Agent_Targeted_COVID_19"/>
        <title value="WHO Agent Targeted (COVID-19)"/>
        <status value="draft"/>
        <date value="2022-09-27T20:20:50+00:00"/>
        <publisher value="WHO"/>
        <contact>
          <name value="WHO"/>
          <telecom>
            <system value="url"/>
            <value value="http://who.int"/>
          </telecom>
        </contact>
        <description value="WHO Agent Targeted List (COVID-19) from [ICD 11](https://icd.who.int/browse11)"/>
        <jurisdiction>
          <coding>
            <system value="http://unstats.un.org/unsd/methods/m49/m49.htm"/>
            <code value="001"/>
          </coding>
        </jurisdiction>
        <expansion>
          <identifier value="urn:uuid:fd0b95db-e10e-4cb9-a4f6-0f899c84f338"/>
          <timestamp value="2022-09-27T20:22:40+00:00"/>
          <total value="14"/>
          <parameter>
            <name value="excludeNested"/>
            <valueBoolean value="false"/>
          </parameter>
          <parameter>
            <name value="version"/>
            <valueUri value="http://id.who.int/icd11/mms|1.0.0"/>
          </parameter>
          <contains>
            <system value="http://id.who.int/icd11/mms"/>
            <code value="XN109"/>
            <display value="SARS-CoV-2"/>
          </contains>
          <contains>
            <system value="http://id.who.int/icd11/mms"/>
            <code value="XN0HL"/>
            <display value="SARS-CoV-2 Alpha"/>
          </contains>
          <contains>
            <system value="http://id.who.int/icd11/mms"/>
            <code value="XN4Q7"/>
            <display value="SARS-CoV-2 Beta"/>
          </contains>
          <contains>
            <system value="http://id.who.int/icd11/mms"/>
            <code value="XN5BQ"/>
            <display value="SARS-CoV-2 Gamma"/>
          </contains>
          <contains>
            <system value="http://id.who.int/icd11/mms"/>
            <code value="XN8V6"/>
            <display value="SARS-CoV-2 Delta"/>
          </contains>
          <contains>
            <system value="http://id.who.int/icd11/mms"/>
            <code value="XN1GK"/>
            <display value="SARS-CoV-2 Epsilon"/>
          </contains>
          <contains>
            <system value="http://id.who.int/icd11/mms"/>
            <code value="XN3ZE"/>
            <display value="SARS-CoV-2 Zeta"/>
          </contains>
          <contains>
            <system value="http://id.who.int/icd11/mms"/>
            <code value="XN2V4"/>
            <display value="SARS-CoV-2 Eta"/>
          </contains>
          <contains>
            <system value="http://id.who.int/icd11/mms"/>
            <code value="XN4Q1"/>
            <display value="SARS-CoV-2 Theta"/>
          </contains>
          <contains>
            <system value="http://id.who.int/icd11/mms"/>
            <code value="XN3UD"/>
            <display value="SARS-CoV-2 Iota"/>
          </contains>
          <contains>
            <system value="http://id.who.int/icd11/mms"/>
            <code value="XN9L8"/>
            <display value="SARS-CoV-2 Kappa"/>
          </contains>
          <contains>
            <system value="http://id.who.int/icd11/mms"/>
            <code value="XN6AM"/>
            <display value="SARS-CoV-2 Lambda"/>
          </contains>
          <contains>
            <system value="http://id.who.int/icd11/mms"/>
            <code value="XN39J"/>
            <display value="SARS-CoV-2 Mu"/>
          </contains>
          <contains>
            <system value="http://id.who.int/icd11/mms"/>
            <code value="XN161"/>
            <display value="SARS-CoV-2 Omicron"/>
          </contains>
        </expansion>
      </ValueSet>
    </resource>
  </entry>
  <entry>
    <fullUrl value="http://worldhealthorganization.github.io/ddcc/ValueSet/who-ddcc-allowed-vaccines-covid-19"/>
    <resource>
      <ValueSet>
        <id value="who-ddcc-allowed-vaccines-covid-19"/>
        <text>
          <status value="generated"/>
          <div xmlns="http://www.w3.org/1999/xhtml">
            <p>This value set contains 32 concepts</p>
            <div style="border: black 1px dotted; background-color: #EEEEEE; padding: 8px; margin-bottom: 8px">
              <p>Expansion based on: </p>
              <ul>
                <li>
                  <a href="CodeSystem-DDCC-ICD11-CodeSystem.html">DDCC Codes for ICD11 v1.0.0 (CodeSystem)</a>
                </li>
                <li>
                  <a href="ValueSet-who-ddcc-vaccines-covid-19.html">WHO Vaccine List (COVID-19) v1.0.0 (ValueSet)</a>
                </li>
                <li>http://hl7.org/fhir/sid/cvx version 20210406</li>
              </ul>
            </div>
            <table class="codes">
              <tr>
                <td style="white-space:nowrap">
                  <b>Code</b>
                </td>
                <td>
                  <b>System</b>
                </td>
                <td>
                  <b>Display</b>
                </td>
              </tr>
              <tr>
                <td style="white-space:nowrap">
                  <a name="http---id.who.int-icd11-mms-XM68M6"> </a>  
                  <a href="CodeSystem-DDCC-ICD11-CodeSystem.html#DDCC-ICD11-CodeSystem-XM68M6">XM68M6</a>
                </td>
                <td>http://id.who.int/icd11/mms</td>
                <td>COVID-19 vaccine</td>
              </tr>
              <tr>
                <td style="white-space:nowrap">
                  <a name="http---id.who.int-icd11-mms-XM1NL1"> </a>  
                  <a href="CodeSystem-DDCC-ICD11-CodeSystem.html#DDCC-ICD11-CodeSystem-XM1NL1">XM1NL1</a>
                </td>
                <td>http://id.who.int/icd11/mms</td>
                <td>COVID-19 vaccine, inactivated virus</td>
              </tr>
              <tr>
                <td style="white-space:nowrap">
                  <a name="http---id.who.int-icd11-mms-XM7HT3"> </a>  
                  <a href="CodeSystem-DDCC-ICD11-CodeSystem.html#DDCC-ICD11-CodeSystem-XM7HT3">XM7HT3</a>
                </td>
                <td>http://id.who.int/icd11/mms</td>
                <td>CoronaVac®</td>
              </tr>
              <tr>
                <td style="white-space:nowrap">
                  <a name="http---id.who.int-icd11-mms-XM8866"> </a>  
                  <a href="CodeSystem-DDCC-ICD11-CodeSystem.html#DDCC-ICD11-CodeSystem-XM8866">XM8866</a>
                </td>
                <td>http://id.who.int/icd11/mms</td>
                <td>BBIBP-CorV</td>
              </tr>
              <tr>
                <td style="white-space:nowrap">
                  <a name="http---id.who.int-icd11-mms-XM9TQ1"> </a>  
                  <a href="CodeSystem-DDCC-ICD11-CodeSystem.html#DDCC-ICD11-CodeSystem-XM9TQ1">XM9TQ1</a>
                </td>
                <td>http://id.who.int/icd11/mms</td>
                <td>KCONVAC</td>
              </tr>
              <tr>
                <td style="white-space:nowrap">
                  <a name="http---id.who.int-icd11-mms-XM1G90"> </a>  
                  <a href="CodeSystem-DDCC-ICD11-CodeSystem.html#DDCC-ICD11-CodeSystem-XM1G90">XM1G90</a>
                </td>
                <td>http://id.who.int/icd11/mms</td>
                <td>Covaxin</td>
              </tr>
              <tr>
                <td style="white-space:nowrap">
                  <a name="http---id.who.int-icd11-mms-XM85P5"> </a>  
                  <a href="CodeSystem-DDCC-ICD11-CodeSystem.html#DDCC-ICD11-CodeSystem-XM85P5">XM85P5</a>
                </td>
                <td>http://id.who.int/icd11/mms</td>
                <td>Covi-Vac</td>
              </tr>
              <tr>
                <td style="white-space:nowrap">
                  <a name="http---id.who.int-icd11-mms-XM9FQ7"> </a>  
                  <a href="CodeSystem-DDCC-ICD11-CodeSystem.html#DDCC-ICD11-CodeSystem-XM9FQ7">XM9FQ7</a>
                </td>
                <td>http://id.who.int/icd11/mms</td>
                <td>Hayat-Vax</td>
              </tr>
              <tr>
                <td style="white-space:nowrap">
                  <a name="http---id.who.int-icd11-mms-XM97N6"> </a>  
                  <a href="CodeSystem-DDCC-ICD11-CodeSystem.html#DDCC-ICD11-CodeSystem-XM97N6">XM97N6</a>
                </td>
                <td>http://id.who.int/icd11/mms</td>
                <td>QazVac</td>
              </tr>
              <tr>
                <td style="white-space:nowrap">
                  <a name="http---id.who.int-icd11-mms-XM2YG8"> </a>  
                  <a href="CodeSystem-DDCC-ICD11-CodeSystem.html#DDCC-ICD11-CodeSystem-XM2YG8">XM2YG8</a>
                </td>
                <td>http://id.who.int/icd11/mms</td>
                <td>COVIran Barakat</td>
              </tr>
              <tr>
                <td style="white-space:nowrap">
                  <a name="http---id.who.int-icd11-mms-XM3U61"> </a>  
                  <a href="CodeSystem-DDCC-ICD11-CodeSystem.html#DDCC-ICD11-CodeSystem-XM3U61">XM3U61</a>
                </td>
                <td>http://id.who.int/icd11/mms</td>
                <td>Inactivated SARS-CoV-2 vaccine</td>
              </tr>
              <tr>
                <td style="white-space:nowrap">
                  <a name="http---id.who.int-icd11-mms-XM5DF6"> </a>  
                  <a href="CodeSystem-DDCC-ICD11-CodeSystem.html#DDCC-ICD11-CodeSystem-XM5DF6">XM5DF6</a>
                </td>
                <td>http://id.who.int/icd11/mms</td>
                <td>COVID-19 vaccine, live attenuated virus</td>
              </tr>
              <tr>
                <td style="white-space:nowrap">
                  <a name="http---id.who.int-icd11-mms-XM9QW8"> </a>  
                  <a href="CodeSystem-DDCC-ICD11-CodeSystem.html#DDCC-ICD11-CodeSystem-XM9QW8">XM9QW8</a>
                </td>
                <td>http://id.who.int/icd11/mms</td>
                <td>COVID-19 vaccine, non-replicating viral vector</td>
              </tr>
              <tr>
                <td style="white-space:nowrap">
                  <a name="http---id.who.int-icd11-mms-XM4YL8"> </a>  
                  <a href="CodeSystem-DDCC-ICD11-CodeSystem.html#DDCC-ICD11-CodeSystem-XM4YL8">XM4YL8</a>
                </td>
                <td>http://id.who.int/icd11/mms</td>
                <td>COVID-19 Vaccine AstraZeneca</td>
              </tr>
              <tr>
                <td style="white-space:nowrap">
                  <a name="http---id.who.int-icd11-mms-XM97T2"> </a>  
                  <a href="CodeSystem-DDCC-ICD11-CodeSystem.html#DDCC-ICD11-CodeSystem-XM97T2">XM97T2</a>
                </td>
                <td>http://id.who.int/icd11/mms</td>
                <td>Covishield®</td>
              </tr>
              <tr>
                <td style="white-space:nowrap">
                  <a name="http---id.who.int-icd11-mms-XM6QV1"> </a>  
                  <a href="CodeSystem-DDCC-ICD11-CodeSystem.html#DDCC-ICD11-CodeSystem-XM6QV1">XM6QV1</a>
                </td>
                <td>http://id.who.int/icd11/mms</td>
                <td>COVID-19 Vaccine Janssen</td>
              </tr>
              <tr>
                <td style="white-space:nowrap">
                  <a name="http---id.who.int-icd11-mms-XM1AG7"> </a>  
                  <a href="CodeSystem-DDCC-ICD11-CodeSystem.html#DDCC-ICD11-CodeSystem-XM1AG7">XM1AG7</a>
                </td>
                <td>http://id.who.int/icd11/mms</td>
                <td>Convidecia</td>
              </tr>
              <tr>
                <td style="white-space:nowrap">
                  <a name="http---id.who.int-icd11-mms-XM5ZJ4"> </a>  
                  <a href="CodeSystem-DDCC-ICD11-CodeSystem.html#DDCC-ICD11-CodeSystem-XM5ZJ4">XM5ZJ4</a>
                </td>
                <td>http://id.who.int/icd11/mms</td>
                <td>Gam-Covid-Vac</td>
              </tr>
              <tr>
                <td style="white-space:nowrap">
                  <a name="http---id.who.int-icd11-mms-XM5QM6"> </a>  
                  <a href="CodeSystem-DDCC-ICD11-CodeSystem.html#DDCC-ICD11-CodeSystem-XM5QM6">XM5QM6</a>
                </td>
                <td>http://id.who.int/icd11/mms</td>
                <td>Sputnik-Light</td>
              </tr>
              <tr>
                <td style="white-space:nowrap">
                  <a name="http---id.who.int-icd11-mms-XM0CX4"> </a>  
                  <a href="CodeSystem-DDCC-ICD11-CodeSystem.html#DDCC-ICD11-CodeSystem-XM0CX4">XM0CX4</a>
                </td>
                <td>http://id.who.int/icd11/mms</td>
                <td>COVID-19 vaccine, replicating viral vector</td>
              </tr>
              <tr>
                <td style="white-space:nowrap">
                  <a name="http---id.who.int-icd11-mms-XM5JC5"> </a>  
                  <a href="CodeSystem-DDCC-ICD11-CodeSystem.html#DDCC-ICD11-CodeSystem-XM5JC5">XM5JC5</a>
                </td>
                <td>http://id.who.int/icd11/mms</td>
                <td>COVID-19 vaccine, virus protein subunit</td>
              </tr>
              <tr>
                <td style="white-space:nowrap">
                  <a name="http---id.who.int-icd11-mms-XM3CT4"> </a>  
                  <a href="CodeSystem-DDCC-ICD11-CodeSystem.html#DDCC-ICD11-CodeSystem-XM3CT4">XM3CT4</a>
                </td>
                <td>http://id.who.int/icd11/mms</td>
                <td>Recombinant SARS-CoV-2 vaccine</td>
              </tr>
              <tr>
                <td style="white-space:nowrap">
                  <a name="http---id.who.int-icd11-mms-XM3PG0"> </a>  
                  <a href="CodeSystem-DDCC-ICD11-CodeSystem.html#DDCC-ICD11-CodeSystem-XM3PG0">XM3PG0</a>
                </td>
                <td>http://id.who.int/icd11/mms</td>
                <td>Soberana-02</td>
              </tr>
              <tr>
                <td style="white-space:nowrap">
                  <a name="http---id.who.int-icd11-mms-XM4EC8"> </a>  
                  <a href="CodeSystem-DDCC-ICD11-CodeSystem.html#DDCC-ICD11-CodeSystem-XM4EC8">XM4EC8</a>
                </td>
                <td>http://id.who.int/icd11/mms</td>
                <td>MVC-COV1901</td>
              </tr>
              <tr>
                <td style="white-space:nowrap">
                  <a name="http---id.who.int-icd11-mms-XM6SZ8"> </a>  
                  <a href="CodeSystem-DDCC-ICD11-CodeSystem.html#DDCC-ICD11-CodeSystem-XM6SZ8">XM6SZ8</a>
                </td>
                <td>http://id.who.int/icd11/mms</td>
                <td>EpiVacCorona</td>
              </tr>
              <tr>
                <td style="white-space:nowrap">
                  <a name="http---id.who.int-icd11-mms-XM1J92"> </a>  
                  <a href="CodeSystem-DDCC-ICD11-CodeSystem.html#DDCC-ICD11-CodeSystem-XM1J92">XM1J92</a>
                </td>
                <td>http://id.who.int/icd11/mms</td>
                <td>COVID-19 vaccine, virus like particle (VLP)</td>
              </tr>
              <tr>
                <td style="white-space:nowrap">
                  <a name="http---id.who.int-icd11-mms-XM6AT1"> </a>  
                  <a href="CodeSystem-DDCC-ICD11-CodeSystem.html#DDCC-ICD11-CodeSystem-XM6AT1">XM6AT1</a>
                </td>
                <td>http://id.who.int/icd11/mms</td>
                <td>COVID-19 vaccine, DNA based</td>
              </tr>
              <tr>
                <td style="white-space:nowrap">
                  <a name="http---id.who.int-icd11-mms-XM52P3"> </a>  
                  <a href="CodeSystem-DDCC-ICD11-CodeSystem.html#DDCC-ICD11-CodeSystem-XM52P3">XM52P3</a>
                </td>
                <td>http://id.who.int/icd11/mms</td>
                <td>ZyCov-D</td>
              </tr>
              <tr>
                <td style="white-space:nowrap">
                  <a name="http---id.who.int-icd11-mms-XM0GQ8"> </a>  
                  <a href="CodeSystem-DDCC-ICD11-CodeSystem.html#DDCC-ICD11-CodeSystem-XM0GQ8">XM0GQ8</a>
                </td>
                <td>http://id.who.int/icd11/mms</td>
                <td>COVID-19 vaccine, RNA based</td>
              </tr>
              <tr>
                <td style="white-space:nowrap">
                  <a name="http---id.who.int-icd11-mms-XM8NQ0"> </a>  
                  <a href="CodeSystem-DDCC-ICD11-CodeSystem.html#DDCC-ICD11-CodeSystem-XM8NQ0">XM8NQ0</a>
                </td>
                <td>http://id.who.int/icd11/mms</td>
                <td>Comirnaty®</td>
              </tr>
              <tr>
                <td style="white-space:nowrap">
                  <a name="http---id.who.int-icd11-mms-XM3DT5"> </a>  
                  <a href="CodeSystem-DDCC-ICD11-CodeSystem.html#DDCC-ICD11-CodeSystem-XM3DT5">XM3DT5</a>
                </td>
                <td>http://id.who.int/icd11/mms</td>
                <td>COVID-19 Vaccine Moderna</td>
              </tr>
              <tr>
                <td style="white-space:nowrap">
                  <a name="http---hl7.org-fhir-sid-cvx-208"> </a>  208
                </td>
                <td>http://hl7.org/fhir/sid/cvx</td>
                <td>SARS-COV-2 (COVID-19) vaccine, mRNA, spike protein, LNP, preservative free, 30 mcg/0.3mL dose</td>
              </tr>
            </table>
          </div>
        </text>
        <url value="http://worldhealthorganization.github.io/ddcc/ValueSet/who-ddcc-allowed-vaccines-covid-19"/>
        <version value="1.0.0"/>
        <name value="WHO_DDCC_Allowed_Vaccines_COVID_19"/>
        <title value="WHO DDCC Allowed Vaccine List (COVID-19)"/>
        <status value="draft"/>
        <date value="2022-09-27T20:20:50+00:00"/>
        <publisher value="WHO"/>
        <contact>
          <name value="WHO"/>
          <telecom>
            <system value="url"/>
            <value value="http://who.int"/>
          </telecom>
        </contact>
        <description value="WHO DDCC Allowed Vaccine List (COVID-19) for importing from other valuesets.  Any not&#xA;in who-ddcc-vaccines-covid-19 should be included in the ConceptMap so it can be&#xA;translated into an ICD-11 code."/>
        <jurisdiction>
          <coding>
            <system value="http://unstats.un.org/unsd/methods/m49/m49.htm"/>
            <code value="001"/>
          </coding>
        </jurisdiction>
        <expansion>
          <identifier value="urn:uuid:d20c68e7-1b07-4c54-9795-32efe00d002e"/>
          <timestamp value="2022-09-27T20:22:40+00:00"/>
          <total value="32"/>
          <parameter>
            <name value="excludeNested"/>
            <valueBoolean value="false"/>
          </parameter>
          <parameter>
            <name value="version"/>
            <valueUri value="http://worldhealthorganization.github.io/ddcc/ValueSet/who-ddcc-vaccines-covid-19|1.0.0"/>
          </parameter>
          <parameter>
            <name value="version"/>
            <valueUri value="http://id.who.int/icd11/mms|1.0.0"/>
          </parameter>
          <parameter>
            <name value="limitedExpansion"/>
            <valueBoolean value="true"/>
          </parameter>
          <parameter>
            <name value="excludeNested"/>
            <valueBoolean value="true"/>
          </parameter>
          <parameter>
            <name value="version"/>
            <valueUri value="http://hl7.org/fhir/sid/cvx|20210406"/>
          </parameter>
          <contains>
            <system value="http://id.who.int/icd11/mms"/>
            <code value="XM68M6"/>
            <display value="COVID-19 vaccine"/>
          </contains>
          <contains>
            <system value="http://id.who.int/icd11/mms"/>
            <code value="XM1NL1"/>
            <display value="COVID-19 vaccine, inactivated virus"/>
          </contains>
          <contains>
            <system value="http://id.who.int/icd11/mms"/>
            <code value="XM7HT3"/>
            <display value="CoronaVac®"/>
          </contains>
          <contains>
            <system value="http://id.who.int/icd11/mms"/>
            <code value="XM8866"/>
            <display value="BBIBP-CorV"/>
          </contains>
          <contains>
            <system value="http://id.who.int/icd11/mms"/>
            <code value="XM9TQ1"/>
            <display value="KCONVAC"/>
          </contains>
          <contains>
            <system value="http://id.who.int/icd11/mms"/>
            <code value="XM1G90"/>
            <display value="Covaxin"/>
          </contains>
          <contains>
            <system value="http://id.who.int/icd11/mms"/>
            <code value="XM85P5"/>
            <display value="Covi-Vac"/>
          </contains>
          <contains>
            <system value="http://id.who.int/icd11/mms"/>
            <code value="XM9FQ7"/>
            <display value="Hayat-Vax"/>
          </contains>
          <contains>
            <system value="http://id.who.int/icd11/mms"/>
            <code value="XM97N6"/>
            <display value="QazVac"/>
          </contains>
          <contains>
            <system value="http://id.who.int/icd11/mms"/>
            <code value="XM2YG8"/>
            <display value="COVIran Barakat"/>
          </contains>
          <contains>
            <system value="http://id.who.int/icd11/mms"/>
            <code value="XM3U61"/>
            <display value="Inactivated SARS-CoV-2 vaccine"/>
          </contains>
          <contains>
            <system value="http://id.who.int/icd11/mms"/>
            <code value="XM5DF6"/>
            <display value="COVID-19 vaccine, live attenuated virus"/>
          </contains>
          <contains>
            <system value="http://id.who.int/icd11/mms"/>
            <code value="XM9QW8"/>
            <display value="COVID-19 vaccine, non-replicating viral vector"/>
          </contains>
          <contains>
            <system value="http://id.who.int/icd11/mms"/>
            <code value="XM4YL8"/>
            <display value="COVID-19 Vaccine AstraZeneca"/>
          </contains>
          <contains>
            <system value="http://id.who.int/icd11/mms"/>
            <code value="XM97T2"/>
            <display value="Covishield®"/>
          </contains>
          <contains>
            <system value="http://id.who.int/icd11/mms"/>
            <code value="XM6QV1"/>
            <display value="COVID-19 Vaccine Janssen"/>
          </contains>
          <contains>
            <system value="http://id.who.int/icd11/mms"/>
            <code value="XM1AG7"/>
            <display value="Convidecia"/>
          </contains>
          <contains>
            <system value="http://id.who.int/icd11/mms"/>
            <code value="XM5ZJ4"/>
            <display value="Gam-Covid-Vac"/>
          </contains>
          <contains>
            <system value="http://id.who.int/icd11/mms"/>
            <code value="XM5QM6"/>
            <display value="Sputnik-Light"/>
          </contains>
          <contains>
            <system value="http://id.who.int/icd11/mms"/>
            <code value="XM0CX4"/>
            <display value="COVID-19 vaccine, replicating viral vector"/>
          </contains>
          <contains>
            <system value="http://id.who.int/icd11/mms"/>
            <code value="XM5JC5"/>
            <display value="COVID-19 vaccine, virus protein subunit"/>
          </contains>
          <contains>
            <system value="http://id.who.int/icd11/mms"/>
            <code value="XM3CT4"/>
            <display value="Recombinant SARS-CoV-2 vaccine"/>
          </contains>
          <contains>
            <system value="http://id.who.int/icd11/mms"/>
            <code value="XM3PG0"/>
            <display value="Soberana-02"/>
          </contains>
          <contains>
            <system value="http://id.who.int/icd11/mms"/>
            <code value="XM4EC8"/>
            <display value="MVC-COV1901"/>
          </contains>
          <contains>
            <system value="http://id.who.int/icd11/mms"/>
            <code value="XM6SZ8"/>
            <display value="EpiVacCorona"/>
          </contains>
          <contains>
            <system value="http://id.who.int/icd11/mms"/>
            <code value="XM1J92"/>
            <display value="COVID-19 vaccine, virus like particle (VLP)"/>
          </contains>
          <contains>
            <system value="http://id.who.int/icd11/mms"/>
            <code value="XM6AT1"/>
            <display value="COVID-19 vaccine, DNA based"/>
          </contains>
          <contains>
            <system value="http://id.who.int/icd11/mms"/>
            <code value="XM52P3"/>
            <display value="ZyCov-D"/>
          </contains>
          <contains>
            <system value="http://id.who.int/icd11/mms"/>
            <code value="XM0GQ8"/>
            <display value="COVID-19 vaccine, RNA based"/>
          </contains>
          <contains>
            <system value="http://id.who.int/icd11/mms"/>
            <code value="XM8NQ0"/>
            <display value="Comirnaty®"/>
          </contains>
          <contains>
            <system value="http://id.who.int/icd11/mms"/>
            <code value="XM3DT5"/>
            <display value="COVID-19 Vaccine Moderna"/>
          </contains>
          <contains>
            <system value="http://hl7.org/fhir/sid/cvx"/>
            <code value="208"/>
            <display value="SARS-COV-2 (COVID-19) vaccine, mRNA, spike protein, LNP, preservative free, 30 mcg/0.3mL dose"/>
          </contains>
        </expansion>
      </ValueSet>
    </resource>
  </entry>
  <entry>
    <fullUrl value="http://worldhealthorganization.github.io/ddcc/ValueSet/who-ddcc-brands-covid-19"/>
    <resource>
      <ValueSet>
        <id value="who-ddcc-brands-covid-19"/>
        <text>
          <status value="generated"/>
          <div xmlns="http://www.w3.org/1999/xhtml">
            <p>This value set contains 20 concepts</p>
            <p style="border: black 1px dotted; background-color: #EEEEEE; padding: 8px; margin-bottom: 8px">Expansion based on 
              <a href="CodeSystem-DDCC-ICD11-CodeSystem.html">DDCC Codes for ICD11 v1.0.0 (CodeSystem)</a>
            </p>
            <table class="codes">
              <tr>
                <td style="white-space:nowrap">
                  <b>Code</b>
                </td>
                <td>
                  <b>System</b>
                </td>
                <td>
                  <b>Display</b>
                </td>
              </tr>
              <tr>
                <td style="white-space:nowrap">
                  <a name="http---id.who.int-icd11-mms-XM7HT3"> </a>  
                  <a href="CodeSystem-DDCC-ICD11-CodeSystem.html#DDCC-ICD11-CodeSystem-XM7HT3">XM7HT3</a>
                </td>
                <td>http://id.who.int/icd11/mms</td>
                <td>CoronaVac®</td>
              </tr>
              <tr>
                <td style="white-space:nowrap">
                  <a name="http---id.who.int-icd11-mms-XM8866"> </a>  
                  <a href="CodeSystem-DDCC-ICD11-CodeSystem.html#DDCC-ICD11-CodeSystem-XM8866">XM8866</a>
                </td>
                <td>http://id.who.int/icd11/mms</td>
                <td>BBIBP-CorV</td>
              </tr>
              <tr>
                <td style="white-space:nowrap">
                  <a name="http---id.who.int-icd11-mms-XM9TQ1"> </a>  
                  <a href="CodeSystem-DDCC-ICD11-CodeSystem.html#DDCC-ICD11-CodeSystem-XM9TQ1">XM9TQ1</a>
                </td>
                <td>http://id.who.int/icd11/mms</td>
                <td>KCONVAC</td>
              </tr>
              <tr>
                <td style="white-space:nowrap">
                  <a name="http---id.who.int-icd11-mms-XM1G90"> </a>  
                  <a href="CodeSystem-DDCC-ICD11-CodeSystem.html#DDCC-ICD11-CodeSystem-XM1G90">XM1G90</a>
                </td>
                <td>http://id.who.int/icd11/mms</td>
                <td>Covaxin</td>
              </tr>
              <tr>
                <td style="white-space:nowrap">
                  <a name="http---id.who.int-icd11-mms-XM85P5"> </a>  
                  <a href="CodeSystem-DDCC-ICD11-CodeSystem.html#DDCC-ICD11-CodeSystem-XM85P5">XM85P5</a>
                </td>
                <td>http://id.who.int/icd11/mms</td>
                <td>Covi-Vac</td>
              </tr>
              <tr>
                <td style="white-space:nowrap">
                  <a name="http---id.who.int-icd11-mms-XM9FQ7"> </a>  
                  <a href="CodeSystem-DDCC-ICD11-CodeSystem.html#DDCC-ICD11-CodeSystem-XM9FQ7">XM9FQ7</a>
                </td>
                <td>http://id.who.int/icd11/mms</td>
                <td>Hayat-Vax</td>
              </tr>
              <tr>
                <td style="white-space:nowrap">
                  <a name="http---id.who.int-icd11-mms-XM97N6"> </a>  
                  <a href="CodeSystem-DDCC-ICD11-CodeSystem.html#DDCC-ICD11-CodeSystem-XM97N6">XM97N6</a>
                </td>
                <td>http://id.who.int/icd11/mms</td>
                <td>QazVac</td>
              </tr>
              <tr>
                <td style="white-space:nowrap">
                  <a name="http---id.who.int-icd11-mms-XM2YG8"> </a>  
                  <a href="CodeSystem-DDCC-ICD11-CodeSystem.html#DDCC-ICD11-CodeSystem-XM2YG8">XM2YG8</a>
                </td>
                <td>http://id.who.int/icd11/mms</td>
                <td>COVIran Barakat</td>
              </tr>
              <tr>
                <td style="white-space:nowrap">
                  <a name="http---id.who.int-icd11-mms-XM4YL8"> </a>  
                  <a href="CodeSystem-DDCC-ICD11-CodeSystem.html#DDCC-ICD11-CodeSystem-XM4YL8">XM4YL8</a>
                </td>
                <td>http://id.who.int/icd11/mms</td>
                <td>AstraZeneca</td>
              </tr>
              <tr>
                <td style="white-space:nowrap">
                  <a name="http---id.who.int-icd11-mms-XM97T2"> </a>  
                  <a href="CodeSystem-DDCC-ICD11-CodeSystem.html#DDCC-ICD11-CodeSystem-XM97T2">XM97T2</a>
                </td>
                <td>http://id.who.int/icd11/mms</td>
                <td>Covishield®</td>
              </tr>
              <tr>
                <td style="white-space:nowrap">
                  <a name="http---id.who.int-icd11-mms-XM6QV1"> </a>  
                  <a href="CodeSystem-DDCC-ICD11-CodeSystem.html#DDCC-ICD11-CodeSystem-XM6QV1">XM6QV1</a>
                </td>
                <td>http://id.who.int/icd11/mms</td>
                <td>Janssen</td>
              </tr>
              <tr>
                <td style="white-space:nowrap">
                  <a name="http---id.who.int-icd11-mms-XM1AG7"> </a>  
                  <a href="CodeSystem-DDCC-ICD11-CodeSystem.html#DDCC-ICD11-CodeSystem-XM1AG7">XM1AG7</a>
                </td>
                <td>http://id.who.int/icd11/mms</td>
                <td>Convidecia</td>
              </tr>
              <tr>
                <td style="white-space:nowrap">
                  <a name="http---id.who.int-icd11-mms-XM5ZJ4"> </a>  
                  <a href="CodeSystem-DDCC-ICD11-CodeSystem.html#DDCC-ICD11-CodeSystem-XM5ZJ4">XM5ZJ4</a>
                </td>
                <td>http://id.who.int/icd11/mms</td>
                <td>Gam-Covid-Vac</td>
              </tr>
              <tr>
                <td style="white-space:nowrap">
                  <a name="http---id.who.int-icd11-mms-XM5QM6"> </a>  
                  <a href="CodeSystem-DDCC-ICD11-CodeSystem.html#DDCC-ICD11-CodeSystem-XM5QM6">XM5QM6</a>
                </td>
                <td>http://id.who.int/icd11/mms</td>
                <td>Sputnik-Light</td>
              </tr>
              <tr>
                <td style="white-space:nowrap">
                  <a name="http---id.who.int-icd11-mms-XM3PG0"> </a>  
                  <a href="CodeSystem-DDCC-ICD11-CodeSystem.html#DDCC-ICD11-CodeSystem-XM3PG0">XM3PG0</a>
                </td>
                <td>http://id.who.int/icd11/mms</td>
                <td>Soberana-02</td>
              </tr>
              <tr>
                <td style="white-space:nowrap">
                  <a name="http---id.who.int-icd11-mms-XM4EC8"> </a>  
                  <a href="CodeSystem-DDCC-ICD11-CodeSystem.html#DDCC-ICD11-CodeSystem-XM4EC8">XM4EC8</a>
                </td>
                <td>http://id.who.int/icd11/mms</td>
                <td>MVC-COV1901</td>
              </tr>
              <tr>
                <td style="white-space:nowrap">
                  <a name="http---id.who.int-icd11-mms-XM6SZ8"> </a>  
                  <a href="CodeSystem-DDCC-ICD11-CodeSystem.html#DDCC-ICD11-CodeSystem-XM6SZ8">XM6SZ8</a>
                </td>
                <td>http://id.who.int/icd11/mms</td>
                <td>EpiVacCorona</td>
              </tr>
              <tr>
                <td style="white-space:nowrap">
                  <a name="http---id.who.int-icd11-mms-XM52P3"> </a>  
                  <a href="CodeSystem-DDCC-ICD11-CodeSystem.html#DDCC-ICD11-CodeSystem-XM52P3">XM52P3</a>
                </td>
                <td>http://id.who.int/icd11/mms</td>
                <td>ZyCov-D</td>
              </tr>
              <tr>
                <td style="white-space:nowrap">
                  <a name="http---id.who.int-icd11-mms-XM8NQ0"> </a>  
                  <a href="CodeSystem-DDCC-ICD11-CodeSystem.html#DDCC-ICD11-CodeSystem-XM8NQ0">XM8NQ0</a>
                </td>
                <td>http://id.who.int/icd11/mms</td>
                <td>Comirnaty®</td>
              </tr>
              <tr>
                <td style="white-space:nowrap">
                  <a name="http---id.who.int-icd11-mms-XM3DT5"> </a>  
                  <a href="CodeSystem-DDCC-ICD11-CodeSystem.html#DDCC-ICD11-CodeSystem-XM3DT5">XM3DT5</a>
                </td>
                <td>http://id.who.int/icd11/mms</td>
                <td>Moderna</td>
              </tr>
            </table>
          </div>
        </text>
        <url value="http://worldhealthorganization.github.io/ddcc/ValueSet/who-ddcc-brands-covid-19"/>
        <version value="1.0.0"/>
        <name value="WHO_DDCC_Brands_COVID_19"/>
        <title value="WHO DDCC Brand List (COVID-19)"/>
        <status value="draft"/>
        <date value="2022-09-27T20:20:50+00:00"/>
        <publisher value="WHO"/>
        <contact>
          <name value="WHO"/>
          <telecom>
            <system value="url"/>
            <value value="http://who.int"/>
          </telecom>
        </contact>
        <description value="WHO DDCC Brand List (COVID-19) from [ICD 11](https://icd.who.int/browse11)"/>
        <jurisdiction>
          <coding>
            <system value="http://unstats.un.org/unsd/methods/m49/m49.htm"/>
            <code value="001"/>
          </coding>
        </jurisdiction>
        <expansion>
          <identifier value="urn:uuid:2f3f3dce-9f21-42cd-8f3d-3046c52240fd"/>
          <timestamp value="2022-09-27T20:22:40+00:00"/>
          <total value="20"/>
          <parameter>
            <name value="excludeNested"/>
            <valueBoolean value="false"/>
          </parameter>
          <parameter>
            <name value="version"/>
            <valueUri value="http://id.who.int/icd11/mms|1.0.0"/>
          </parameter>
          <contains>
            <system value="http://id.who.int/icd11/mms"/>
            <code value="XM7HT3"/>
            <display value="CoronaVac®"/>
          </contains>
          <contains>
            <system value="http://id.who.int/icd11/mms"/>
            <code value="XM8866"/>
            <display value="BBIBP-CorV"/>
          </contains>
          <contains>
            <system value="http://id.who.int/icd11/mms"/>
            <code value="XM9TQ1"/>
            <display value="KCONVAC"/>
          </contains>
          <contains>
            <system value="http://id.who.int/icd11/mms"/>
            <code value="XM1G90"/>
            <display value="Covaxin"/>
          </contains>
          <contains>
            <system value="http://id.who.int/icd11/mms"/>
            <code value="XM85P5"/>
            <display value="Covi-Vac"/>
          </contains>
          <contains>
            <system value="http://id.who.int/icd11/mms"/>
            <code value="XM9FQ7"/>
            <display value="Hayat-Vax"/>
          </contains>
          <contains>
            <system value="http://id.who.int/icd11/mms"/>
            <code value="XM97N6"/>
            <display value="QazVac"/>
          </contains>
          <contains>
            <system value="http://id.who.int/icd11/mms"/>
            <code value="XM2YG8"/>
            <display value="COVIran Barakat"/>
          </contains>
          <contains>
            <system value="http://id.who.int/icd11/mms"/>
            <code value="XM4YL8"/>
            <display value="AstraZeneca"/>
          </contains>
          <contains>
            <system value="http://id.who.int/icd11/mms"/>
            <code value="XM97T2"/>
            <display value="Covishield®"/>
          </contains>
          <contains>
            <system value="http://id.who.int/icd11/mms"/>
            <code value="XM6QV1"/>
            <display value="Janssen"/>
          </contains>
          <contains>
            <system value="http://id.who.int/icd11/mms"/>
            <code value="XM1AG7"/>
            <display value="Convidecia"/>
          </contains>
          <contains>
            <system value="http://id.who.int/icd11/mms"/>
            <code value="XM5ZJ4"/>
            <display value="Gam-Covid-Vac"/>
          </contains>
          <contains>
            <system value="http://id.who.int/icd11/mms"/>
            <code value="XM5QM6"/>
            <display value="Sputnik-Light"/>
          </contains>
          <contains>
            <system value="http://id.who.int/icd11/mms"/>
            <code value="XM3PG0"/>
            <display value="Soberana-02"/>
          </contains>
          <contains>
            <system value="http://id.who.int/icd11/mms"/>
            <code value="XM4EC8"/>
            <display value="MVC-COV1901"/>
          </contains>
          <contains>
            <system value="http://id.who.int/icd11/mms"/>
            <code value="XM6SZ8"/>
            <display value="EpiVacCorona"/>
          </contains>
          <contains>
            <system value="http://id.who.int/icd11/mms"/>
            <code value="XM52P3"/>
            <display value="ZyCov-D"/>
          </contains>
          <contains>
            <system value="http://id.who.int/icd11/mms"/>
            <code value="XM8NQ0"/>
            <display value="Comirnaty®"/>
          </contains>
          <contains>
            <system value="http://id.who.int/icd11/mms"/>
            <code value="XM3DT5"/>
            <display value="Moderna"/>
          </contains>
        </expansion>
      </ValueSet>
    </resource>
  </entry>
  <entry>
    <fullUrl value="http://worldhealthorganization.github.io/ddcc/ValueSet/who-ddcc-disease-targeted-covid-19"/>
    <resource>
      <ValueSet>
        <id value="who-ddcc-disease-targeted-covid-19"/>
        <text>
          <status value="generated"/>
          <div xmlns="http://www.w3.org/1999/xhtml">
            <p>This value set contains 1 concepts</p>
            <p style="border: black 1px dotted; background-color: #EEEEEE; padding: 8px; margin-bottom: 8px">Expansion based on 
              <a href="CodeSystem-DDCC-ICD11-CodeSystem.html">DDCC Codes for ICD11 v1.0.0 (CodeSystem)</a>
            </p>
            <table class="codes">
              <tr>
                <td style="white-space:nowrap">
                  <b>Code</b>
                </td>
                <td>
                  <b>System</b>
                </td>
                <td>
                  <b>Display</b>
                </td>
              </tr>
              <tr>
                <td style="white-space:nowrap">
                  <a name="http---id.who.int-icd11-mms-RA01"> </a>  
                  <a href="CodeSystem-DDCC-ICD11-CodeSystem.html#DDCC-ICD11-CodeSystem-RA01">RA01</a>
                </td>
                <td>http://id.who.int/icd11/mms</td>
                <td>COVID-19</td>
              </tr>
            </table>
          </div>
        </text>
        <url value="http://worldhealthorganization.github.io/ddcc/ValueSet/who-ddcc-disease-targeted-covid-19"/>
        <version value="1.0.0"/>
        <name value="WHO_DDCC_Disease_Targeted_COVID_19"/>
        <title value="WHO Disease or Agent Targeted (COVID-19)"/>
        <status value="draft"/>
        <date value="2022-09-27T20:20:50+00:00"/>
        <publisher value="WHO"/>
        <contact>
          <name value="WHO"/>
          <telecom>
            <system value="url"/>
            <value value="http://who.int"/>
          </telecom>
        </contact>
        <description value="WHO Disease or Agent Targeted List (COVID-19) from [ICD 11](https://icd.who.int/browse11)"/>
        <jurisdiction>
          <coding>
            <system value="http://unstats.un.org/unsd/methods/m49/m49.htm"/>
            <code value="001"/>
          </coding>
        </jurisdiction>
        <expansion>
          <identifier value="urn:uuid:12764057-cbaf-4d3c-8f48-84b9c2d0c78d"/>
          <timestamp value="2022-09-27T20:22:40+00:00"/>
          <total value="1"/>
          <parameter>
            <name value="excludeNested"/>
            <valueBoolean value="false"/>
          </parameter>
          <parameter>
            <name value="version"/>
            <valueUri value="http://id.who.int/icd11/mms|1.0.0"/>
          </parameter>
          <contains>
            <system value="http://id.who.int/icd11/mms"/>
            <code value="RA01"/>
            <display value="COVID-19"/>
          </contains>
        </expansion>
      </ValueSet>
    </resource>
  </entry>
  <entry>
    <fullUrl value="http://worldhealthorganization.github.io/ddcc/ValueSet/who-ddcc-test-result-covid-19"/>
    <resource>
      <ValueSet>
        <id value="who-ddcc-test-result-covid-19"/>
        <text>
          <status value="generated"/>
          <div xmlns="http://www.w3.org/1999/xhtml">
            <p>This value set contains 2 concepts</p>
            <p style="border: black 1px dotted; background-color: #EEEEEE; padding: 8px; margin-bottom: 8px">Expansion based on 
              <a href="CodeSystem-DDCC-ICD11-CodeSystem.html">DDCC Codes for ICD11 v1.0.0 (CodeSystem)</a>
            </p>
            <table class="codes">
              <tr>
                <td style="white-space:nowrap">
                  <b>Code</b>
                </td>
                <td>
                  <b>System</b>
                </td>
                <td>
                  <b>Display</b>
                </td>
              </tr>
              <tr>
                <td style="white-space:nowrap">
                  <a name="http---id.who.int-icd11-mms-RA01.0"> </a>  
                  <a href="CodeSystem-DDCC-ICD11-CodeSystem.html#DDCC-ICD11-CodeSystem-RA01.460">RA01.0</a>
                </td>
                <td>http://id.who.int/icd11/mms</td>
                <td>Detected</td>
              </tr>
              <tr>
                <td style="white-space:nowrap">
                  <a name="http---id.who.int-icd11-mms-QA02"> </a>  
                  <a href="CodeSystem-DDCC-ICD11-CodeSystem.html#DDCC-ICD11-CodeSystem-QA02">QA02</a>
                </td>
                <td>http://id.who.int/icd11/mms</td>
                <td>Not Detected</td>
              </tr>
            </table>
          </div>
        </text>
        <url value="http://worldhealthorganization.github.io/ddcc/ValueSet/who-ddcc-test-result-covid-19"/>
        <version value="1.0.0"/>
        <name value="WHO_DDCC_Test_Result_COVID_19"/>
        <title value="WHO Test Result (COVID-19)"/>
        <status value="draft"/>
        <date value="2022-09-27T20:20:50+00:00"/>
        <publisher value="WHO"/>
        <contact>
          <name value="WHO"/>
          <telecom>
            <system value="url"/>
            <value value="http://who.int"/>
          </telecom>
        </contact>
        <description value="WHO COVID-19 Test Result from [ICD 11](https://icd.who.int/browse11)"/>
        <jurisdiction>
          <coding>
            <system value="http://unstats.un.org/unsd/methods/m49/m49.htm"/>
            <code value="001"/>
          </coding>
        </jurisdiction>
        <expansion>
          <identifier value="urn:uuid:efd65df5-d5cd-4da7-9fe3-7572a8a9910a"/>
          <timestamp value="2022-09-27T20:22:42+00:00"/>
          <total value="2"/>
          <parameter>
            <name value="excludeNested"/>
            <valueBoolean value="false"/>
          </parameter>
          <parameter>
            <name value="version"/>
            <valueUri value="http://id.who.int/icd11/mms|1.0.0"/>
          </parameter>
          <contains>
            <system value="http://id.who.int/icd11/mms"/>
            <code value="RA01.0"/>
            <display value="Detected"/>
          </contains>
          <contains>
            <system value="http://id.who.int/icd11/mms"/>
            <code value="QA02"/>
            <display value="Not Detected"/>
          </contains>
        </expansion>
      </ValueSet>
    </resource>
  </entry>
  <entry>
    <fullUrl value="http://worldhealthorganization.github.io/ddcc/ValueSet/who-ddcc-vaccines-covid-19"/>
    <resource>
      <ValueSet>
        <id value="who-ddcc-vaccines-covid-19"/>
        <text>
          <status value="generated"/>
          <div xmlns="http://www.w3.org/1999/xhtml">
            <p>This value set contains 31 concepts</p>
            <p style="border: black 1px dotted; background-color: #EEEEEE; padding: 8px; margin-bottom: 8px">Expansion based on 
              <a href="CodeSystem-DDCC-ICD11-CodeSystem.html">DDCC Codes for ICD11 v1.0.0 (CodeSystem)</a>
            </p>
            <table class="codes">
              <tr>
                <td style="white-space:nowrap">
                  <b>Code</b>
                </td>
                <td>
                  <b>System</b>
                </td>
                <td>
                  <b>Display</b>
                </td>
              </tr>
              <tr>
                <td style="white-space:nowrap">
                  <a name="http---id.who.int-icd11-mms-XM68M6"> </a>  
                  <a href="CodeSystem-DDCC-ICD11-CodeSystem.html#DDCC-ICD11-CodeSystem-XM68M6">XM68M6</a>
                </td>
                <td>http://id.who.int/icd11/mms</td>
                <td>COVID-19 vaccine</td>
              </tr>
              <tr>
                <td style="white-space:nowrap">
                  <a name="http---id.who.int-icd11-mms-XM1NL1"> </a>  
                  <a href="CodeSystem-DDCC-ICD11-CodeSystem.html#DDCC-ICD11-CodeSystem-XM1NL1">XM1NL1</a>
                </td>
                <td>http://id.who.int/icd11/mms</td>
                <td>COVID-19 vaccine, inactivated virus</td>
              </tr>
              <tr>
                <td style="white-space:nowrap">
                  <a name="http---id.who.int-icd11-mms-XM7HT3"> </a>  
                  <a href="CodeSystem-DDCC-ICD11-CodeSystem.html#DDCC-ICD11-CodeSystem-XM7HT3">XM7HT3</a>
                </td>
                <td>http://id.who.int/icd11/mms</td>
                <td>CoronaVac®</td>
              </tr>
              <tr>
                <td style="white-space:nowrap">
                  <a name="http---id.who.int-icd11-mms-XM8866"> </a>  
                  <a href="CodeSystem-DDCC-ICD11-CodeSystem.html#DDCC-ICD11-CodeSystem-XM8866">XM8866</a>
                </td>
                <td>http://id.who.int/icd11/mms</td>
                <td>BBIBP-CorV</td>
              </tr>
              <tr>
                <td style="white-space:nowrap">
                  <a name="http---id.who.int-icd11-mms-XM9TQ1"> </a>  
                  <a href="CodeSystem-DDCC-ICD11-CodeSystem.html#DDCC-ICD11-CodeSystem-XM9TQ1">XM9TQ1</a>
                </td>
                <td>http://id.who.int/icd11/mms</td>
                <td>KCONVAC</td>
              </tr>
              <tr>
                <td style="white-space:nowrap">
                  <a name="http---id.who.int-icd11-mms-XM1G90"> </a>  
                  <a href="CodeSystem-DDCC-ICD11-CodeSystem.html#DDCC-ICD11-CodeSystem-XM1G90">XM1G90</a>
                </td>
                <td>http://id.who.int/icd11/mms</td>
                <td>Covaxin</td>
              </tr>
              <tr>
                <td style="white-space:nowrap">
                  <a name="http---id.who.int-icd11-mms-XM85P5"> </a>  
                  <a href="CodeSystem-DDCC-ICD11-CodeSystem.html#DDCC-ICD11-CodeSystem-XM85P5">XM85P5</a>
                </td>
                <td>http://id.who.int/icd11/mms</td>
                <td>Covi-Vac</td>
              </tr>
              <tr>
                <td style="white-space:nowrap">
                  <a name="http---id.who.int-icd11-mms-XM9FQ7"> </a>  
                  <a href="CodeSystem-DDCC-ICD11-CodeSystem.html#DDCC-ICD11-CodeSystem-XM9FQ7">XM9FQ7</a>
                </td>
                <td>http://id.who.int/icd11/mms</td>
                <td>Hayat-Vax</td>
              </tr>
              <tr>
                <td style="white-space:nowrap">
                  <a name="http---id.who.int-icd11-mms-XM97N6"> </a>  
                  <a href="CodeSystem-DDCC-ICD11-CodeSystem.html#DDCC-ICD11-CodeSystem-XM97N6">XM97N6</a>
                </td>
                <td>http://id.who.int/icd11/mms</td>
                <td>QazVac</td>
              </tr>
              <tr>
                <td style="white-space:nowrap">
                  <a name="http---id.who.int-icd11-mms-XM2YG8"> </a>  
                  <a href="CodeSystem-DDCC-ICD11-CodeSystem.html#DDCC-ICD11-CodeSystem-XM2YG8">XM2YG8</a>
                </td>
                <td>http://id.who.int/icd11/mms</td>
                <td>COVIran Barakat</td>
              </tr>
              <tr>
                <td style="white-space:nowrap">
                  <a name="http---id.who.int-icd11-mms-XM3U61"> </a>  
                  <a href="CodeSystem-DDCC-ICD11-CodeSystem.html#DDCC-ICD11-CodeSystem-XM3U61">XM3U61</a>
                </td>
                <td>http://id.who.int/icd11/mms</td>
                <td>Inactivated SARS-CoV-2 vaccine</td>
              </tr>
              <tr>
                <td style="white-space:nowrap">
                  <a name="http---id.who.int-icd11-mms-XM5DF6"> </a>  
                  <a href="CodeSystem-DDCC-ICD11-CodeSystem.html#DDCC-ICD11-CodeSystem-XM5DF6">XM5DF6</a>
                </td>
                <td>http://id.who.int/icd11/mms</td>
                <td>COVID-19 vaccine, live attenuated virus</td>
              </tr>
              <tr>
                <td style="white-space:nowrap">
                  <a name="http---id.who.int-icd11-mms-XM9QW8"> </a>  
                  <a href="CodeSystem-DDCC-ICD11-CodeSystem.html#DDCC-ICD11-CodeSystem-XM9QW8">XM9QW8</a>
                </td>
                <td>http://id.who.int/icd11/mms</td>
                <td>COVID-19 vaccine, non-replicating viral vector</td>
              </tr>
              <tr>
                <td style="white-space:nowrap">
                  <a name="http---id.who.int-icd11-mms-XM4YL8"> </a>  
                  <a href="CodeSystem-DDCC-ICD11-CodeSystem.html#DDCC-ICD11-CodeSystem-XM4YL8">XM4YL8</a>
                </td>
                <td>http://id.who.int/icd11/mms</td>
                <td>COVID-19 Vaccine AstraZeneca</td>
              </tr>
              <tr>
                <td style="white-space:nowrap">
                  <a name="http---id.who.int-icd11-mms-XM97T2"> </a>  
                  <a href="CodeSystem-DDCC-ICD11-CodeSystem.html#DDCC-ICD11-CodeSystem-XM97T2">XM97T2</a>
                </td>
                <td>http://id.who.int/icd11/mms</td>
                <td>Covishield®</td>
              </tr>
              <tr>
                <td style="white-space:nowrap">
                  <a name="http---id.who.int-icd11-mms-XM6QV1"> </a>  
                  <a href="CodeSystem-DDCC-ICD11-CodeSystem.html#DDCC-ICD11-CodeSystem-XM6QV1">XM6QV1</a>
                </td>
                <td>http://id.who.int/icd11/mms</td>
                <td>COVID-19 Vaccine Janssen</td>
              </tr>
              <tr>
                <td style="white-space:nowrap">
                  <a name="http---id.who.int-icd11-mms-XM1AG7"> </a>  
                  <a href="CodeSystem-DDCC-ICD11-CodeSystem.html#DDCC-ICD11-CodeSystem-XM1AG7">XM1AG7</a>
                </td>
                <td>http://id.who.int/icd11/mms</td>
                <td>Convidecia</td>
              </tr>
              <tr>
                <td style="white-space:nowrap">
                  <a name="http---id.who.int-icd11-mms-XM5ZJ4"> </a>  
                  <a href="CodeSystem-DDCC-ICD11-CodeSystem.html#DDCC-ICD11-CodeSystem-XM5ZJ4">XM5ZJ4</a>
                </td>
                <td>http://id.who.int/icd11/mms</td>
                <td>Gam-Covid-Vac</td>
              </tr>
              <tr>
                <td style="white-space:nowrap">
                  <a name="http---id.who.int-icd11-mms-XM5QM6"> </a>  
                  <a href="CodeSystem-DDCC-ICD11-CodeSystem.html#DDCC-ICD11-CodeSystem-XM5QM6">XM5QM6</a>
                </td>
                <td>http://id.who.int/icd11/mms</td>
                <td>Sputnik-Light</td>
              </tr>
              <tr>
                <td style="white-space:nowrap">
                  <a name="http---id.who.int-icd11-mms-XM0CX4"> </a>  
                  <a href="CodeSystem-DDCC-ICD11-CodeSystem.html#DDCC-ICD11-CodeSystem-XM0CX4">XM0CX4</a>
                </td>
                <td>http://id.who.int/icd11/mms</td>
                <td>COVID-19 vaccine, replicating viral vector</td>
              </tr>
              <tr>
                <td style="white-space:nowrap">
                  <a name="http---id.who.int-icd11-mms-XM5JC5"> </a>  
                  <a href="CodeSystem-DDCC-ICD11-CodeSystem.html#DDCC-ICD11-CodeSystem-XM5JC5">XM5JC5</a>
                </td>
                <td>http://id.who.int/icd11/mms</td>
                <td>COVID-19 vaccine, virus protein subunit</td>
              </tr>
              <tr>
                <td style="white-space:nowrap">
                  <a name="http---id.who.int-icd11-mms-XM3CT4"> </a>  
                  <a href="CodeSystem-DDCC-ICD11-CodeSystem.html#DDCC-ICD11-CodeSystem-XM3CT4">XM3CT4</a>
                </td>
                <td>http://id.who.int/icd11/mms</td>
                <td>Recombinant SARS-CoV-2 vaccine</td>
              </tr>
              <tr>
                <td style="white-space:nowrap">
                  <a name="http---id.who.int-icd11-mms-XM3PG0"> </a>  
                  <a href="CodeSystem-DDCC-ICD11-CodeSystem.html#DDCC-ICD11-CodeSystem-XM3PG0">XM3PG0</a>
                </td>
                <td>http://id.who.int/icd11/mms</td>
                <td>Soberana-02</td>
              </tr>
              <tr>
                <td style="white-space:nowrap">
                  <a name="http---id.who.int-icd11-mms-XM4EC8"> </a>  
                  <a href="CodeSystem-DDCC-ICD11-CodeSystem.html#DDCC-ICD11-CodeSystem-XM4EC8">XM4EC8</a>
                </td>
                <td>http://id.who.int/icd11/mms</td>
                <td>MVC-COV1901</td>
              </tr>
              <tr>
                <td style="white-space:nowrap">
                  <a name="http---id.who.int-icd11-mms-XM6SZ8"> </a>  
                  <a href="CodeSystem-DDCC-ICD11-CodeSystem.html#DDCC-ICD11-CodeSystem-XM6SZ8">XM6SZ8</a>
                </td>
                <td>http://id.who.int/icd11/mms</td>
                <td>EpiVacCorona</td>
              </tr>
              <tr>
                <td style="white-space:nowrap">
                  <a name="http---id.who.int-icd11-mms-XM1J92"> </a>  
                  <a href="CodeSystem-DDCC-ICD11-CodeSystem.html#DDCC-ICD11-CodeSystem-XM1J92">XM1J92</a>
                </td>
                <td>http://id.who.int/icd11/mms</td>
                <td>COVID-19 vaccine, virus like particle (VLP)</td>
              </tr>
              <tr>
                <td style="white-space:nowrap">
                  <a name="http---id.who.int-icd11-mms-XM6AT1"> </a>  
                  <a href="CodeSystem-DDCC-ICD11-CodeSystem.html#DDCC-ICD11-CodeSystem-XM6AT1">XM6AT1</a>
                </td>
                <td>http://id.who.int/icd11/mms</td>
                <td>COVID-19 vaccine, DNA based</td>
              </tr>
              <tr>
                <td style="white-space:nowrap">
                  <a name="http---id.who.int-icd11-mms-XM52P3"> </a>  
                  <a href="CodeSystem-DDCC-ICD11-CodeSystem.html#DDCC-ICD11-CodeSystem-XM52P3">XM52P3</a>
                </td>
                <td>http://id.who.int/icd11/mms</td>
                <td>ZyCov-D</td>
              </tr>
              <tr>
                <td style="white-space:nowrap">
                  <a name="http---id.who.int-icd11-mms-XM0GQ8"> </a>  
                  <a href="CodeSystem-DDCC-ICD11-CodeSystem.html#DDCC-ICD11-CodeSystem-XM0GQ8">XM0GQ8</a>
                </td>
                <td>http://id.who.int/icd11/mms</td>
                <td>COVID-19 vaccine, RNA based</td>
              </tr>
              <tr>
                <td style="white-space:nowrap">
                  <a name="http---id.who.int-icd11-mms-XM8NQ0"> </a>  
                  <a href="CodeSystem-DDCC-ICD11-CodeSystem.html#DDCC-ICD11-CodeSystem-XM8NQ0">XM8NQ0</a>
                </td>
                <td>http://id.who.int/icd11/mms</td>
                <td>Comirnaty®</td>
              </tr>
              <tr>
                <td style="white-space:nowrap">
                  <a name="http---id.who.int-icd11-mms-XM3DT5"> </a>  
                  <a href="CodeSystem-DDCC-ICD11-CodeSystem.html#DDCC-ICD11-CodeSystem-XM3DT5">XM3DT5</a>
                </td>
                <td>http://id.who.int/icd11/mms</td>
                <td>COVID-19 Vaccine Moderna</td>
              </tr>
            </table>
          </div>
        </text>
        <url value="http://worldhealthorganization.github.io/ddcc/ValueSet/who-ddcc-vaccines-covid-19"/>
        <version value="1.0.0"/>
        <name value="WHO_DDCC_Vaccines_COVID_19"/>
        <title value="WHO Vaccine List (COVID-19)"/>
        <status value="draft"/>
        <date value="2022-09-27T20:20:50+00:00"/>
        <publisher value="WHO"/>
        <contact>
          <name value="WHO"/>
          <telecom>
            <system value="url"/>
            <value value="http://who.int"/>
          </telecom>
        </contact>
        <description value="WHO Vaccine List (COVID-19) from [ICD 11](https://icd.who.int/browse11)"/>
        <jurisdiction>
          <coding>
            <system value="http://unstats.un.org/unsd/methods/m49/m49.htm"/>
            <code value="001"/>
          </coding>
        </jurisdiction>
        <expansion>
          <identifier value="urn:uuid:ca8cd829-2342-4d92-a2f8-fca43ccc8a02"/>
          <timestamp value="2022-09-27T20:22:45+00:00"/>
          <total value="31"/>
          <parameter>
            <name value="excludeNested"/>
            <valueBoolean value="false"/>
          </parameter>
          <parameter>
            <name value="version"/>
            <valueUri value="http://id.who.int/icd11/mms|1.0.0"/>
          </parameter>
          <contains>
            <system value="http://id.who.int/icd11/mms"/>
            <code value="XM68M6"/>
            <display value="COVID-19 vaccine"/>
          </contains>
          <contains>
            <system value="http://id.who.int/icd11/mms"/>
            <code value="XM1NL1"/>
            <display value="COVID-19 vaccine, inactivated virus"/>
          </contains>
          <contains>
            <system value="http://id.who.int/icd11/mms"/>
            <code value="XM7HT3"/>
            <display value="CoronaVac®"/>
          </contains>
          <contains>
            <system value="http://id.who.int/icd11/mms"/>
            <code value="XM8866"/>
            <display value="BBIBP-CorV"/>
          </contains>
          <contains>
            <system value="http://id.who.int/icd11/mms"/>
            <code value="XM9TQ1"/>
            <display value="KCONVAC"/>
          </contains>
          <contains>
            <system value="http://id.who.int/icd11/mms"/>
            <code value="XM1G90"/>
            <display value="Covaxin"/>
          </contains>
          <contains>
            <system value="http://id.who.int/icd11/mms"/>
            <code value="XM85P5"/>
            <display value="Covi-Vac"/>
          </contains>
          <contains>
            <system value="http://id.who.int/icd11/mms"/>
            <code value="XM9FQ7"/>
            <display value="Hayat-Vax"/>
          </contains>
          <contains>
            <system value="http://id.who.int/icd11/mms"/>
            <code value="XM97N6"/>
            <display value="QazVac"/>
          </contains>
          <contains>
            <system value="http://id.who.int/icd11/mms"/>
            <code value="XM2YG8"/>
            <display value="COVIran Barakat"/>
          </contains>
          <contains>
            <system value="http://id.who.int/icd11/mms"/>
            <code value="XM3U61"/>
            <display value="Inactivated SARS-CoV-2 vaccine"/>
          </contains>
          <contains>
            <system value="http://id.who.int/icd11/mms"/>
            <code value="XM5DF6"/>
            <display value="COVID-19 vaccine, live attenuated virus"/>
          </contains>
          <contains>
            <system value="http://id.who.int/icd11/mms"/>
            <code value="XM9QW8"/>
            <display value="COVID-19 vaccine, non-replicating viral vector"/>
          </contains>
          <contains>
            <system value="http://id.who.int/icd11/mms"/>
            <code value="XM4YL8"/>
            <display value="COVID-19 Vaccine AstraZeneca"/>
          </contains>
          <contains>
            <system value="http://id.who.int/icd11/mms"/>
            <code value="XM97T2"/>
            <display value="Covishield®"/>
          </contains>
          <contains>
            <system value="http://id.who.int/icd11/mms"/>
            <code value="XM6QV1"/>
            <display value="COVID-19 Vaccine Janssen"/>
          </contains>
          <contains>
            <system value="http://id.who.int/icd11/mms"/>
            <code value="XM1AG7"/>
            <display value="Convidecia"/>
          </contains>
          <contains>
            <system value="http://id.who.int/icd11/mms"/>
            <code value="XM5ZJ4"/>
            <display value="Gam-Covid-Vac"/>
          </contains>
          <contains>
            <system value="http://id.who.int/icd11/mms"/>
            <code value="XM5QM6"/>
            <display value="Sputnik-Light"/>
          </contains>
          <contains>
            <system value="http://id.who.int/icd11/mms"/>
            <code value="XM0CX4"/>
            <display value="COVID-19 vaccine, replicating viral vector"/>
          </contains>
          <contains>
            <system value="http://id.who.int/icd11/mms"/>
            <code value="XM5JC5"/>
            <display value="COVID-19 vaccine, virus protein subunit"/>
          </contains>
          <contains>
            <system value="http://id.who.int/icd11/mms"/>
            <code value="XM3CT4"/>
            <display value="Recombinant SARS-CoV-2 vaccine"/>
          </contains>
          <contains>
            <system value="http://id.who.int/icd11/mms"/>
            <code value="XM3PG0"/>
            <display value="Soberana-02"/>
          </contains>
          <contains>
            <system value="http://id.who.int/icd11/mms"/>
            <code value="XM4EC8"/>
            <display value="MVC-COV1901"/>
          </contains>
          <contains>
            <system value="http://id.who.int/icd11/mms"/>
            <code value="XM6SZ8"/>
            <display value="EpiVacCorona"/>
          </contains>
          <contains>
            <system value="http://id.who.int/icd11/mms"/>
            <code value="XM1J92"/>
            <display value="COVID-19 vaccine, virus like particle (VLP)"/>
          </contains>
          <contains>
            <system value="http://id.who.int/icd11/mms"/>
            <code value="XM6AT1"/>
            <display value="COVID-19 vaccine, DNA based"/>
          </contains>
          <contains>
            <system value="http://id.who.int/icd11/mms"/>
            <code value="XM52P3"/>
            <display value="ZyCov-D"/>
          </contains>
          <contains>
            <system value="http://id.who.int/icd11/mms"/>
            <code value="XM0GQ8"/>
            <display value="COVID-19 vaccine, RNA based"/>
          </contains>
          <contains>
            <system value="http://id.who.int/icd11/mms"/>
            <code value="XM8NQ0"/>
            <display value="Comirnaty®"/>
          </contains>
          <contains>
            <system value="http://id.who.int/icd11/mms"/>
            <code value="XM3DT5"/>
            <display value="COVID-19 Vaccine Moderna"/>
          </contains>
        </expansion>
      </ValueSet>
    </resource>
  </entry>
</Bundle>