[
  {
    "id": "HC1",
    "type": "StructureDefinition",
    "url": "http://hl7.eu/fhir/ig/dcc/StructureDefinition/HC1",
    "version": "1.0.0",
    "name": "dcc"
  },
  {
    "id": "t",
    "type": "StructureDefinition",
    "url": "http://hl7.eu/fhir/ig/dcc/StructureDefinition/t",
    "version": "1.0.0",
    "name": "t"
  },
  {
    "id": "v",
    "type": "StructureDefinition",
    "url": "http://hl7.eu/fhir/ig/dcc/StructureDefinition/v",
    "version": "1.0.0",
    "name": "v"
  },
  {
    "id": "Immunization-pre-uv-ips",
    "type": "StructureDefinition",
    "url": "http://hl7.org/fhir/uv/ips/StructureDefinition/Immunization-pre-uv-ips",
    "version": "1.0.0",
    "name": "ImmunizationUvIps"
  },
  {
    "id": "Patient-pre-uv-ips",
    "type": "StructureDefinition",
    "url": "http://hl7.org/fhir/uv/ips/StructureDefinition/Patient-pre-uv-ips",
    "version": "1.0.0",
    "name": "PatientUvIps"
  },
  {
    "id": "DDCC-ICD11-CodeSystem",
    "type": "CodeSystem",
    "url": "http://id.who.int/icd11/mms",
    "version": "1.0.0",
    "name": "DDCC_ICD11_CodeSystem"
  },
  {
    "id": "WHO.DDCC.Generator",
    "type": "CapabilityStatement",
    "url": "http://worldhealthorganization.github.io/ddcc/CapabilityStatement/WHO.DDCC.Generator",
    "version": "1.0.0",
    "name": "WHO_DDCC_Generator"
  },
  {
    "id": "WHO.DDCC.RegistryService",
    "type": "CapabilityStatement",
    "url": "http://worldhealthorganization.github.io/ddcc/CapabilityStatement/WHO.DDCC.RegistryService",
    "version": "1.0.0",
    "name": "WHO_DDCC_RegistryService"
  },
  {
    "id": "DDCC-Composition-Category-CodeSystem",
    "type": "CodeSystem",
    "url": "http://worldhealthorganization.github.io/ddcc/CodeSystem/DDCC-Composition-Category-CodeSystem",
    "version": "1.0.0",
    "name": "DDCC_Composition_Category_CodeSystem"
  },
  {
    "id": "DDCC-Device-Property-CodeSystem",
    "type": "CodeSystem",
    "url": "http://worldhealthorganization.github.io/ddcc/CodeSystem/DDCC-Device-Property-CodeSystem",
    "version": "1.0.0",
    "name": "DDCC_Device_Property_CodeSystem"
  },
  {
    "id": "DDCC-Example-Test-CodeSystem",
    "type": "CodeSystem",
    "url": "http://worldhealthorganization.github.io/ddcc/CodeSystem/DDCC-Example-Test-CodeSystem",
    "version": "1.0.0",
    "name": "DDCC_Example_Test_CodeSystem"
  },
  {
    "id": "DDCC-Folder-DesignationType",
    "type": "CodeSystem",
    "url": "http://worldhealthorganization.github.io/ddcc/CodeSystem/DDCC-Folder-DesignationType",
    "version": "1.0.0",
    "name": "DDCC_Folder_DesignationType_Codesystem"
  },
  {
    "id": "DDCC-QR-Format-CodeSystem",
    "type": "CodeSystem",
    "url": "http://worldhealthorganization.github.io/ddcc/CodeSystem/DDCC-QR-Format-CodeSystem",
    "version": "1.0.0",
    "name": "DDCC_QR_Format_CodeSystem"
  },
  {
    "id": "DDCC-QR-Type-CodeSystem",
    "type": "CodeSystem",
    "url": "http://worldhealthorganization.github.io/ddcc/CodeSystem/DDCC-QR-Type-CodeSystem",
    "version": "1.0.0",
    "name": "DDCC_QR_Type_CodeSystem"
  },
  {
    "id": "who-ddcc-map-cvx-icd11-brands",
    "type": "ConceptMap",
    "url": "http://worldhealthorganization.github.io/ddcc/ConceptMap/WHO_DDCC_Map_CVX_To_ICD11_Brands",
    "version": "1.0.0",
    "name": "ICD11_SNOMED_CT_COVID19_brands"
  },
  {
    "id": "who-ddcc-map-cvx-icd11-vaccines",
    "type": "ConceptMap",
    "url": "http://worldhealthorganization.github.io/ddcc/ConceptMap/WHO_DDCC_Map_CVX_To_ICD11_Vaccines",
    "version": "1.0.0",
    "name": "ICD11_SNOMED_CT_COVID19_vaccines"
  },
  {
    "id": "who-ddcc-map-icd11-icd10-disease-targeted",
    "type": "ConceptMap",
    "url": "http://worldhealthorganization.github.io/ddcc/ConceptMap/WHO_DDCC_Map_ICD11_to_ICD10_Disease_Targeted",
    "version": "1.0.0",
    "name": "ICD_11_ICD_10_COVID19_Disease"
  },
  {
    "id": "who-ddcc-map-icd11-sct-agent-targeted",
    "type": "ConceptMap",
    "url": "http://worldhealthorganization.github.io/ddcc/ConceptMap/WHO_DDCC_Map_ICD11_to_SCT_Agent_Targeted",
    "version": "1.0.0",
    "name": "ICD11_SNOMED_CT_COVID19_Agent_Targeted"
  },
  {
    "id": "who-ddcc-map-icd11-sct-disease-targeted",
    "type": "ConceptMap",
    "url": "http://worldhealthorganization.github.io/ddcc/ConceptMap/WHO_DDCC_Map_ICD11_to_SCT_Disease_Targeted",
    "version": "1.0.0",
    "name": "ICD_11_SNOMED_CT_COVID19_Disease"
  },
  {
    "id": "who-ddcc-map-icd11-sct-test-result",
    "type": "ConceptMap",
    "url": "http://worldhealthorganization.github.io/ddcc/ConceptMap/WHO_DDCC_Map_ICD11_to_SCT_Test_Result",
    "version": "1.0.0",
    "name": "ICD11_SNOMED_CT_COVID19_Test_Result"
  },
  {
    "id": "who-ddcc-map-icd11-sct-vaccines",
    "type": "ConceptMap",
    "url": "http://worldhealthorganization.github.io/ddcc/ConceptMap/WHO_DDCC_Map_ICD11_to_SCT_Vaccines",
    "version": "1.0.0",
    "name": "ICD11_SNOMED_CT_COVID19_vaccines"
  },
  {
    "id": "who-ddcc-map-ichi-loinc-type-of-test",
    "type": "ConceptMap",
    "url": "http://worldhealthorganization.github.io/ddcc/ConceptMap/WHO_DDCC_Map_ICHI_to_LOINC_Type_of_Test",
    "version": "1.0.0",
    "name": "ICHI_LOINC_COVID19_Type_of_Test"
  },
  {
    "id": "who-ddcc-map-ichi-sct-specimen-origin",
    "type": "ConceptMap",
    "url": "http://worldhealthorganization.github.io/ddcc/ConceptMap/WHO_DDCC_Map_ICHI_to_SCT_Specimen_Origin",
    "version": "1.0.0",
    "name": "ICHI_SNOMED_CT_COVID19_Specimen_Origin"
  },
  {
    "id": "who-ddcc-map-ichi-sct-type-of-test",
    "type": "ConceptMap",
    "url": "http://worldhealthorganization.github.io/ddcc/ConceptMap/WHO_DDCC_Map_ICHI_to_SCT_Type_of_Test",
    "version": "1.0.0",
    "name": "ICHI_SNOMED_CT_COVID19_Type_of_Test"
  },
  {
    "id": "who-ddcc-map-loinc-sct-type-of-test",
    "type": "ConceptMap",
    "url": "http://worldhealthorganization.github.io/ddcc/ConceptMap/WHO_DDCC_Map_LOINC_to_SCT_Type_of_Test",
    "version": "1.0.0",
    "name": "LOINC_SNOMED_CT_COVID19_Type_of_Test"
  },
  {
    "id": "who-ddcc-map-sct-ichi-specimen-origin",
    "type": "ConceptMap",
    "url": "http://worldhealthorganization.github.io/ddcc/ConceptMap/WHO_DDCC_Map_SCT_to_ICHI_Specimen_Origin",
    "version": "1.0.0",
    "name": "SNOMED_CT_ICHI_COVID19_Specimen_Origin"
  },
  {
    "id": "DDCCTRCoreDataSetQuestionnaire",
    "type": "Questionnaire",
    "url": "http://worldhealthorganization.github.io/ddcc/DDCCTRCoreDataSetQuestionnaire",
    "version": "1.0.0",
    "name": "DDCCTRCoreDataSetQuestionnaire"
  },
  {
    "id": "DDCCVSCoreDataSetQuestionnaire",
    "type": "Questionnaire",
    "url": "http://worldhealthorganization.github.io/ddcc/DDCCVSCoreDataSetQuestionnaire",
    "version": "1.0.0",
    "name": "DDCCVSCoreDataSetQuestionnaire"
  },
  {
    "id": "fhir.who.ddcc",
    "type": "ImplementationGuide",
    "url": "http://worldhealthorganization.github.io/ddcc/ImplementationGuide/fhir.who.ddcc",
    "version": "1.0.0",
    "name": "ddcc"
  },
  {
    "id": "DDCC-QuestionnaireResponse-generateHealthCertificate",
    "type": "OperationDefinition",
    "url": "http://worldhealthorganization.github.io/ddcc/OperationDefinition/DDCCGenerateHealthCertificate",
    "version": "1.0.0",
    "name": "QuestionnaireResponse_Generate_Health_Certificate"
  },
  {
    "id": "DDCC-QuestionnaireResponse-generateHealthFolder",
    "type": "OperationDefinition",
    "url": "http://worldhealthorganization.github.io/ddcc/OperationDefinition/DDCCGenerateHealthFolder",
    "version": "1.0.0",
    "name": "QuestionnaireResponse_Generate_Health_Folder"
  },
  {
    "id": "DDCC-QuestionnaireResponse-revokeHealthCertificate",
    "type": "OperationDefinition",
    "url": "http://worldhealthorganization.github.io/ddcc/OperationDefinition/DDCCRevokeHealthCertificate",
    "version": "1.0.0",
    "name": "QuestionnaireResponse_Revoke_Health_Certificate"
  },
  {
    "id": "DDCCHCIDRegistrationQuestionnaire",
    "type": "Questionnaire",
    "url": "http://worldhealthorganization.github.io/ddcc/Questionnaire/DDCCHCIDRegistrationQuestionnaire",
    "version": "1.0.0",
    "name": "DDCCHCIDRegistrationQuestionnaire"
  },
  {
    "id": "DDCCComposition",
    "type": "StructureDefinition",
    "url": "http://worldhealthorganization.github.io/ddcc/StructureDefinition/DDCCComposition",
    "version": "1.0.0",
    "name": "DDCCComposition"
  },
  {
    "id": "DDCCCoreDataSet",
    "type": "StructureDefinition",
    "url": "http://worldhealthorganization.github.io/ddcc/StructureDefinition/DDCCCoreDataSet",
    "version": "1.0.0",
    "name": "DDCCCoreDataSet"
  },
  {
    "id": "DDCCCoreDataSet.TR",
    "type": "StructureDefinition",
    "url": "http://worldhealthorganization.github.io/ddcc/StructureDefinition/DDCCCoreDataSet.TR",
    "version": "1.0.0",
    "name": "DDCCCoreDataSet_TR"
  },
  {
    "id": "DDCCCoreDataSet.VS",
    "type": "StructureDefinition",
    "url": "http://worldhealthorganization.github.io/ddcc/StructureDefinition/DDCCCoreDataSet.VS",
    "version": "1.0.0",
    "name": "DDCCCoreDataSet_VS"
  },
  {
    "id": "DDCCCoreDataSet.VS.CoC",
    "type": "StructureDefinition",
    "url": "http://worldhealthorganization.github.io/ddcc/StructureDefinition/DDCCCoreDataSet.VS.CoC",
    "version": "1.0.0",
    "name": "DDCCCoreDataSet_VS_CoC"
  },
  {
    "id": "DDCCCoreDataSet.VS.PoV",
    "type": "StructureDefinition",
    "url": "http://worldhealthorganization.github.io/ddcc/StructureDefinition/DDCCCoreDataSet.VS.PoV",
    "version": "1.0.0",
    "name": "DDCCCoreDataSet_VS_PoV"
  },
  {
    "id": "DDCCCountryOfEvent",
    "type": "StructureDefinition",
    "url": "http://worldhealthorganization.github.io/ddcc/StructureDefinition/DDCCCountryOfEvent",
    "version": "1.0.0",
    "name": "DDCCCountryOfEvent"
  },
  {
    "id": "DDCCDiagnosticReport",
    "type": "StructureDefinition",
    "url": "http://worldhealthorganization.github.io/ddcc/StructureDefinition/DDCCDiagnosticReport",
    "version": "1.0.0",
    "name": "DDCCDiagnosticReport"
  },
  {
    "id": "DDCCDocument",
    "type": "StructureDefinition",
    "url": "http://worldhealthorganization.github.io/ddcc/StructureDefinition/DDCCDocument",
    "version": "1.0.0",
    "name": "DDCCDocument"
  },
  {
    "id": "DDCCDocumentReference",
    "type": "StructureDefinition",
    "url": "http://worldhealthorganization.github.io/ddcc/StructureDefinition/DDCCDocumentReference",
    "version": "1.0.0",
    "name": "DDCCDocumentReference"
  },
  {
    "id": "DDCCDocumentReferenceQR",
    "type": "StructureDefinition",
    "url": "http://worldhealthorganization.github.io/ddcc/StructureDefinition/DDCCDocumentReferenceQR",
    "version": "1.0.0",
    "name": "DDCCDocumentReferenceQR"
  },
  {
    "id": "DDCCDocumentSigned",
    "type": "StructureDefinition",
    "url": "http://worldhealthorganization.github.io/ddcc/StructureDefinition/DDCCDocumentSigned",
    "version": "1.0.0",
    "name": "DDCCDocumentSigned"
  },
  {
    "id": "DDCCEventBrand",
    "type": "StructureDefinition",
    "url": "http://worldhealthorganization.github.io/ddcc/StructureDefinition/DDCCEventBrand",
    "version": "1.0.0",
    "name": "DDCCEventBrand"
  },
  {
    "id": "DDCCFolder",
    "type": "StructureDefinition",
    "url": "http://worldhealthorganization.github.io/ddcc/StructureDefinition/DDCCFolder",
    "version": "1.0.0",
    "name": "DDCCFolder"
  },
  {
    "id": "DDCCGenerateHealthCertificateParameters",
    "type": "StructureDefinition",
    "url": "http://worldhealthorganization.github.io/ddcc/StructureDefinition/DDCCGenerateHealthCertificateParameters",
    "version": "1.0.0",
    "name": "DDCCGenerateHealthCertificateParameters"
  },
  {
    "id": "DDCCGenerateHealthFolderParameters",
    "type": "StructureDefinition",
    "url": "http://worldhealthorganization.github.io/ddcc/StructureDefinition/DDCCGenerateHealthFolderParameters",
    "version": "1.0.0",
    "name": "DDCCGenerateHealthFolderParameters"
  },
  {
    "id": "DDCCImmunization",
    "type": "StructureDefinition",
    "url": "http://worldhealthorganization.github.io/ddcc/StructureDefinition/DDCCImmunization",
    "version": "1.0.0",
    "name": "DDCCImmunization"
  },
  {
    "id": "DDCCImmunizationRecommendation",
    "type": "StructureDefinition",
    "url": "http://worldhealthorganization.github.io/ddcc/StructureDefinition/DDCCImmunizationRecommendation",
    "version": "1.0.0",
    "name": "DDCCImmunizationRecommendation"
  },
  {
    "id": "DDCCObservation",
    "type": "StructureDefinition",
    "url": "http://worldhealthorganization.github.io/ddcc/StructureDefinition/DDCCObservation",
    "version": "1.0.0",
    "name": "DDCCObservation"
  },
  {
    "id": "DDCCOrganization",
    "type": "StructureDefinition",
    "url": "http://worldhealthorganization.github.io/ddcc/StructureDefinition/DDCCOrganization",
    "version": "1.0.0",
    "name": "DDCCOrganization"
  },
  {
    "id": "DDCCPatient",
    "type": "StructureDefinition",
    "url": "http://worldhealthorganization.github.io/ddcc/StructureDefinition/DDCCPatient",
    "version": "1.0.0",
    "name": "DDCCPatient"
  },
  {
    "id": "DDCCPractitioner",
    "type": "StructureDefinition",
    "url": "http://worldhealthorganization.github.io/ddcc/StructureDefinition/DDCCPractitioner",
    "version": "1.0.0",
    "name": "DDCCPractitioner"
  },
  {
    "id": "DDCCPractitionerRole",
    "type": "StructureDefinition",
    "url": "http://worldhealthorganization.github.io/ddcc/StructureDefinition/DDCCPractitionerRole",
    "version": "1.0.0",
    "name": "DDCCPractitionerRole"
  },
  {
    "id": "DDCCProcedure",
    "type": "StructureDefinition",
    "url": "http://worldhealthorganization.github.io/ddcc/StructureDefinition/DDCCProcedure",
    "version": "1.0.0",
    "name": "DDCCProcedure"
  },
  {
    "id": "DDCCProvideDocumentBundle",
    "type": "StructureDefinition",
    "url": "http://worldhealthorganization.github.io/ddcc/StructureDefinition/DDCCProvideDocumentBundle",
    "version": "1.0.0",
    "name": "DDCCProvideDocumentBundle"
  },
  {
    "id": "DDCCQuestionnaire",
    "type": "StructureDefinition",
    "url": "http://worldhealthorganization.github.io/ddcc/StructureDefinition/DDCCQuestionnaire",
    "version": "1.0.0",
    "name": "DDCCQuestionnaire"
  },
  {
    "id": "DDCCQuestionnaireResponse",
    "type": "StructureDefinition",
    "url": "http://worldhealthorganization.github.io/ddcc/StructureDefinition/DDCCQuestionnaireResponse",
    "version": "1.0.0",
    "name": "DDCCQuestionnaireResponse"
  },
  {
    "id": "DDCCQuestionnaireSDC",
    "type": "StructureDefinition",
    "url": "http://worldhealthorganization.github.io/ddcc/StructureDefinition/DDCCQuestionnaireSDC",
    "version": "1.0.0",
    "name": "DDCCQuestionnaireSDC"
  },
  {
    "id": "DDCCRevokeHealthCertificateParameters",
    "type": "StructureDefinition",
    "url": "http://worldhealthorganization.github.io/ddcc/StructureDefinition/DDCCRevokeHealthCertificateParameters",
    "version": "1.0.0",
    "name": "DDCCRevokeHealthCertificateParameters"
  },
  {
    "id": "DDCCSpecimen",
    "type": "StructureDefinition",
    "url": "http://worldhealthorganization.github.io/ddcc/StructureDefinition/DDCCSpecimen",
    "version": "1.0.0",
    "name": "DDCCSpecimen"
  },
  {
    "id": "DDCCSubmissionSet",
    "type": "StructureDefinition",
    "url": "http://worldhealthorganization.github.io/ddcc/StructureDefinition/DDCCSubmissionSet",
    "version": "1.0.0",
    "name": "DDCCSubmissionSet"
  },
  {
    "id": "DDCCSubmitHealthEventRequest",
    "type": "StructureDefinition",
    "url": "http://worldhealthorganization.github.io/ddcc/StructureDefinition/DDCCSubmitHealthEventRequest",
    "version": "1.0.0",
    "name": "DDCCSubmitHealthEventRequest"
  },
  {
    "id": "DDCCSubmitHealthEventResponse",
    "type": "StructureDefinition",
    "url": "http://worldhealthorganization.github.io/ddcc/StructureDefinition/DDCCSubmitHealthEventResponse",
    "version": "1.0.0",
    "name": "DDCCSubmitHealthEventResponse"
  },
  {
    "id": "DDCCTRComposition",
    "type": "StructureDefinition",
    "url": "http://worldhealthorganization.github.io/ddcc/StructureDefinition/DDCCTRComposition",
    "version": "1.0.0",
    "name": "DDCCTRComposition"
  },
  {
    "id": "DDCCTRDocument",
    "type": "StructureDefinition",
    "url": "http://worldhealthorganization.github.io/ddcc/StructureDefinition/DDCCTRDocument",
    "version": "1.0.0",
    "name": "DDCCTRDocument"
  },
  {
    "id": "DDCCTRDocumentSigned",
    "type": "StructureDefinition",
    "url": "http://worldhealthorganization.github.io/ddcc/StructureDefinition/DDCCTRDocumentSigned",
    "version": "1.0.0",
    "name": "DDCCTRDocumentSigned"
  },
  {
    "id": "DDCCTest",
    "type": "StructureDefinition",
    "url": "http://worldhealthorganization.github.io/ddcc/StructureDefinition/DDCCTest",
    "version": "1.0.0",
    "name": "DDCCTest"
  },
  {
    "id": "DDCCVSAddBundle",
    "type": "StructureDefinition",
    "url": "http://worldhealthorganization.github.io/ddcc/StructureDefinition/DDCCVSAddBundle",
    "version": "1.0.0",
    "name": "DDCCVSAddBundle"
  },
  {
    "id": "DDCCVSComposition",
    "type": "StructureDefinition",
    "url": "http://worldhealthorganization.github.io/ddcc/StructureDefinition/DDCCVSComposition",
    "version": "1.0.0",
    "name": "DDCCVSComposition"
  },
  {
    "id": "DDCCVSDocument",
    "type": "StructureDefinition",
    "url": "http://worldhealthorganization.github.io/ddcc/StructureDefinition/DDCCVSDocument",
    "version": "1.0.0",
    "name": "DDCCVSDocument"
  },
  {
    "id": "DDCCVSDocumentSigned",
    "type": "StructureDefinition",
    "url": "http://worldhealthorganization.github.io/ddcc/StructureDefinition/DDCCVSDocumentSigned",
    "version": "1.0.0",
    "name": "DDCCVSDocumentSigned"
  },
  {
    "id": "DDCCVaccineMarketAuthorization",
    "type": "StructureDefinition",
    "url": "http://worldhealthorganization.github.io/ddcc/StructureDefinition/DDCCVaccineMarketAuthorization",
    "version": "1.0.0",
    "name": "DDCCVaccineMarketAuthorization"
  },
  {
    "id": "DDCCVaccineValidFrom",
    "type": "StructureDefinition",
    "url": "http://worldhealthorganization.github.io/ddcc/StructureDefinition/DDCCVaccineValidFrom",
    "version": "1.0.0",
    "name": "DDCCVaccineValidFrom"
  },
  {
    "id": "BundleVSToAddBundle",
    "type": "StructureMap",
    "url": "http://worldhealthorganization.github.io/ddcc/StructureMap/BundleVSToAddBundle",
    "version": "1.0.0",
    "name": "BundleVSToAddBundle"
  },
  {
    "id": "CoreDataSetLibrary",
    "type": "StructureMap",
    "url": "http://worldhealthorganization.github.io/ddcc/StructureMap/CoreDataSetLibrary",
    "version": "1.0.0",
    "name": "CoreDataSetLibrary"
  },
  {
    "id": "coredataset-to-addbundle",
    "type": "StructureMap",
    "url": "http://worldhealthorganization.github.io/ddcc/StructureMap/CoreDataSetToAddBundle",
    "version": "1.0.0",
    "name": "CoreDataSetToAddBundle"
  },
  {
    "id": "CoreDataSetVSLibrary",
    "type": "StructureMap",
    "url": "http://worldhealthorganization.github.io/ddcc/StructureMap/CoreDataSetVSLibrary",
    "version": "1.0.0",
    "name": "CoreDataSetVSLibrary"
  },
  {
    "id": "CoreDataSetVSToAddBundle",
    "type": "StructureMap",
    "url": "http://worldhealthorganization.github.io/ddcc/StructureMap/CoreDataSetVSToAddBundle",
    "version": "1.0.0",
    "name": "CoreDataSetVSToAddBundle"
  },
  {
    "id": "CoreDataSetVSToSHC",
    "type": "StructureMap",
    "url": "http://worldhealthorganization.github.io/ddcc/StructureMap/CoreDataSetVSToSHC",
    "version": "1.0.0",
    "name": "CoreDataSetVSToSHC"
  },
  {
    "id": "DDCCtoCoredataset",
    "type": "StructureMap",
    "url": "http://worldhealthorganization.github.io/ddcc/StructureMap/DDCCtoCoredataset",
    "version": "1.0.0",
    "name": "DDCCtoCoredataset"
  },
  {
    "id": "DDCCtoEUdcc",
    "type": "StructureMap",
    "url": "http://worldhealthorganization.github.io/ddcc/StructureMap/DDCCtoEUdcc",
    "version": "1.0.0",
    "name": "DDCCtoEUdcc"
  },
  {
    "id": "ddcc-to-shc",
    "type": "StructureMap",
    "url": "http://worldhealthorganization.github.io/ddcc/StructureMap/DDCCtoSHC",
    "version": "1.0.0",
    "name": "DDCCtoSHC"
  },
  {
    "id": "IPSToCoreDataSetVS",
    "type": "StructureMap",
    "url": "http://worldhealthorganization.github.io/ddcc/StructureMap/IPSToCoreDataSetVS",
    "version": "1.0.0",
    "name": "IPSToCoreDataSetVS"
  },
  {
    "id": "ddcc-qresp-to-coredataset",
    "type": "StructureMap",
    "url": "http://worldhealthorganization.github.io/ddcc/StructureMap/QRespToCoreDataSet",
    "version": "1.0.0",
    "name": "QRespToCoreDataSet"
  },
  {
    "id": "QRespToVSCoreDataSet",
    "type": "StructureMap",
    "url": "http://worldhealthorganization.github.io/ddcc/StructureMap/QRespToVSCoreDataSet",
    "version": "1.0.0",
    "name": "QRespToVSCoreDataSet"
  },
  {
    "id": "ResourcesToCoreDataSet",
    "type": "StructureMap",
    "url": "http://worldhealthorganization.github.io/ddcc/StructureMap/ResourcesToCoreDataSet",
    "version": "1.0.0",
    "name": "ResourcesToCoreDataSet"
  },
  {
    "id": "ddcc-resources-to-coredataset",
    "type": "StructureMap",
    "url": "http://worldhealthorganization.github.io/ddcc/StructureMap/ResourcesToCoreDataSet",
    "version": "1.0.0",
    "name": "ResourcesToCoreDataSet"
  },
  {
    "id": "ResourcesToVSCoreDataSet",
    "type": "StructureMap",
    "url": "http://worldhealthorganization.github.io/ddcc/StructureMap/ResourcesToVSCoreDataSet",
    "version": "1.0.0",
    "name": "ResourcesToVSCoreDataSet"
  },
  {
    "id": "SHCToCoreDataSetVS",
    "type": "StructureMap",
    "url": "http://worldhealthorganization.github.io/ddcc/StructureMap/SHCToCoreDataSetVS",
    "version": "1.0.0",
    "name": "SHCToCoreDataSetVS"
  },
  {
    "id": "shc-to-ddcc",
    "type": "StructureMap",
    "url": "http://worldhealthorganization.github.io/ddcc/StructureMap/SHCtoDDCC",
    "version": "1.0.0",
    "name": "SHCtoDDCC"
  },
  {
    "id": "DDCC-Composition-Category-ValueSet",
    "type": "ValueSet",
    "url": "http://worldhealthorganization.github.io/ddcc/ValueSet/DDCC-Composition-Category-ValueSet",
    "version": "1.0.0",
    "name": "DDCC_Composition_Category_ValueSet"
  },
  {
    "id": "DDCC-Device-Property-ValueSet",
    "type": "ValueSet",
    "url": "http://worldhealthorganization.github.io/ddcc/ValueSet/DDCC-Device-Property-ValueSet",
    "version": "1.0.0",
    "name": "DDCC_Device_Property_ValueSet"
  },
  {
    "id": "DDCC-Folder-DesignationType",
    "type": "ValueSet",
    "url": "http://worldhealthorganization.github.io/ddcc/ValueSet/DDCC-Folder-DesignationType",
    "version": "1.0.0",
    "name": "DDCC_Folder_DesignationType_ValueSet"
  },
  {
    "id": "DDCC-QR-Format-ValueSet",
    "type": "ValueSet",
    "url": "http://worldhealthorganization.github.io/ddcc/ValueSet/DDCC-QR-Format-ValueSet",
    "version": "1.0.0",
    "name": "DDCC_QR_Format_ValueSet"
  },
  {
    "id": "DDCC-QR-Type-ValueSet",
    "type": "ValueSet",
    "url": "http://worldhealthorganization.github.io/ddcc/ValueSet/DDCC-QR-Type-ValueSet",
    "version": "1.0.0",
    "name": "DDCC_QR_Type_ValueSet"
  },
  {
    "id": "who-ddcc-agent-targeted-covid-19",
    "type": "ValueSet",
    "url": "http://worldhealthorganization.github.io/ddcc/ValueSet/who-ddcc-agent-targeted-covid-19",
    "version": "1.0.0",
    "name": "WHO_DDCC_Agent_Targeted_COVID_19"
  },
  {
    "id": "who-ddcc-allowed-vaccines-covid-19",
    "type": "ValueSet",
    "url": "http://worldhealthorganization.github.io/ddcc/ValueSet/who-ddcc-allowed-vaccines-covid-19",
    "version": "1.0.0",
    "name": "WHO_DDCC_Allowed_Vaccines_COVID_19"
  },
  {
    "id": "who-ddcc-brands-covid-19",
    "type": "ValueSet",
    "url": "http://worldhealthorganization.github.io/ddcc/ValueSet/who-ddcc-brands-covid-19",
    "version": "1.0.0",
    "name": "WHO_DDCC_Brands_COVID_19"
  },
  {
    "id": "who-ddcc-disease-targeted-covid-19",
    "type": "ValueSet",
    "url": "http://worldhealthorganization.github.io/ddcc/ValueSet/who-ddcc-disease-targeted-covid-19",
    "version": "1.0.0",
    "name": "WHO_DDCC_Disease_Targeted_COVID_19"
  },
  {
    "id": "who-ddcc-sample-origin-covid-19",
    "type": "ValueSet",
    "url": "http://worldhealthorganization.github.io/ddcc/ValueSet/who-ddcc-sample-origin-covid-19",
    "version": "1.0.0",
    "name": "WHO_DDCC_Sample_Origin_COVID_19"
  },
  {
    "id": "who-ddcc-test-result-covid-19",
    "type": "ValueSet",
    "url": "http://worldhealthorganization.github.io/ddcc/ValueSet/who-ddcc-test-result-covid-19",
    "version": "1.0.0",
    "name": "WHO_DDCC_Test_Result_COVID_19"
  },
  {
    "id": "who-ddcc-type-of-test-covid-19",
    "type": "ValueSet",
    "url": "http://worldhealthorganization.github.io/ddcc/ValueSet/who-ddcc-type-of-test-covid-19",
    "version": "1.0.0",
    "name": "WHO_DDCC_Type_of_Test_COVID_19"
  },
  {
    "id": "who-ddcc-vaccines-covid-19",
    "type": "ValueSet",
    "url": "http://worldhealthorganization.github.io/ddcc/ValueSet/who-ddcc-vaccines-covid-19",
    "version": "1.0.0",
    "name": "WHO_DDCC_Vaccines_COVID_19"
  }
]