<?xml version="1.0" encoding="UTF-8"?>

<ImplementationGuide xmlns="http://hl7.org/fhir">
  <id value="fhir.who.ddcc-vs"/>
  <text>
    <status value="extensions"/><div xmlns="http://www.w3.org/1999/xhtml"><h2>ddccvs</h2><p>The official URL for this implementation guide is: </p><pre>http://worldhealthorganization.github.io/ddcc/ImplementationGuide/fhir.who.ddcc-vs</pre><div><p>This WHO Digital Documentation of COVID-19 Certificates (DDCC) Implementation Guide details how to use Health Level 7 (HL7) Fast Healthcare Interoperability Resources (FHIR) for consistent digital representation of COVID-19 certificates and interoperability.</p>
</div></div>
  </text>
  <url value="http://worldhealthorganization.github.io/ddcc/ImplementationGuide/fhir.who.ddcc-vs"/>
  <version value="1.0.0"/>
  <name value="ddccvs"/>
  <title value="WHO Digital Documentation of COVID-19 Certificates (DDCC)"/>
  <status value="draft"/>
  <date value="2022-03-22"/>
  <publisher value="WHO"/>
  <contact>
    <name value="WHO"/>
    <telecom>
      <system value="url"/>
      <value value="http://who.int"/>
    </telecom>
  </contact>
  <description value="This WHO Digital Documentation of COVID-19 Certificates (DDCC) Implementation Guide details how to use Health Level 7 (HL7) Fast Healthcare Interoperability Resources (FHIR) for consistent digital representation of COVID-19 certificates and interoperability."/>
  <jurisdiction>
    <coding>
      <system value="http://unstats.un.org/unsd/methods/m49/m49.htm"/>
      <code value="001"/>
    </coding>
  </jurisdiction>
  <packageId value="fhir.who.ddcc-vs"/>
  <license value="CC0-1.0"/>
  <fhirVersion value="4.0.1"/>
  <dependsOn id="hl7_fhir_uv_ips">
    <uri value="http://hl7.org/fhir/uv/ips/ImplementationGuide/hl7.fhir.uv.ips"/>
    <packageId value="hl7.fhir.uv.ips"/>
    <version value="1.0.0"/>
  </dependsOn>
  <dependsOn id="hl7_fhir_uv_sdc">
    <uri value="http://hl7.org/fhir/uv/sdc/ImplementationGuide/hl7.fhir.uv.sdc"/>
    <packageId value="hl7.fhir.uv.sdc"/>
    <version value="current"/>
  </dependsOn>
  <dependsOn id="ihe_mhd_fhir">
    <uri value="http://profiles.ihe.net/ITI/MHD/ImplementationGuide/ihe.mhd.fhir"/>
    <packageId value="ihe.mhd.fhir"/>
    <version value="4.0.2"/>
  </dependsOn>
  <definition>
    <extension url="http://hl7.org/fhir/tools/StructureDefinition/ig-parameter">
      <extension url="code">
        <valueString value="copyrightyear"/>
      </extension>
      <extension url="value">
        <valueString value="2021+"/>
      </extension>
    </extension>
    <extension url="http://hl7.org/fhir/tools/StructureDefinition/ig-parameter">
      <extension url="code">
        <valueString value="releaselabel"/>
      </extension>
      <extension url="value">
        <valueString value="CI Build"/>
      </extension>
    </extension>
    <extension url="http://hl7.org/fhir/tools/StructureDefinition/ig-parameter">
      <extension url="code">
        <valueString value="path-liquid"/>
      </extension>
      <extension url="value">
        <valueString value="template/liquid"/>
      </extension>
    </extension>
    <extension url="http://hl7.org/fhir/tools/StructureDefinition/ig-parameter">
      <extension url="code">
        <valueString value="path-liquid"/>
      </extension>
      <extension url="value">
        <valueString value="input/liquid"/>
      </extension>
    </extension>
    <extension url="http://hl7.org/fhir/tools/StructureDefinition/ig-parameter">
      <extension url="code">
        <valueString value="path-qa"/>
      </extension>
      <extension url="value">
        <valueString value="temp/qa"/>
      </extension>
    </extension>
    <extension url="http://hl7.org/fhir/tools/StructureDefinition/ig-parameter">
      <extension url="code">
        <valueString value="path-temp"/>
      </extension>
      <extension url="value">
        <valueString value="temp/pages"/>
      </extension>
    </extension>
    <extension url="http://hl7.org/fhir/tools/StructureDefinition/ig-parameter">
      <extension url="code">
        <valueString value="path-output"/>
      </extension>
      <extension url="value">
        <valueString value="output"/>
      </extension>
    </extension>
    <extension url="http://hl7.org/fhir/tools/StructureDefinition/ig-parameter">
      <extension url="code">
        <valueString value="path-suppressed-warnings"/>
      </extension>
      <extension url="value">
        <valueString value="input/ignoreWarnings.txt"/>
      </extension>
    </extension>
    <extension url="http://hl7.org/fhir/tools/StructureDefinition/ig-parameter">
      <extension url="code">
        <valueString value="path-history"/>
      </extension>
      <extension url="value">
        <valueString value="http://worldhealthorganization.github.io/ddcc/history.html"/>
      </extension>
    </extension>
    <extension url="http://hl7.org/fhir/tools/StructureDefinition/ig-parameter">
      <extension url="code">
        <valueString value="template-html"/>
      </extension>
      <extension url="value">
        <valueString value="template-page.html"/>
      </extension>
    </extension>
    <extension url="http://hl7.org/fhir/tools/StructureDefinition/ig-parameter">
      <extension url="code">
        <valueString value="template-md"/>
      </extension>
      <extension url="value">
        <valueString value="template-page-md.html"/>
      </extension>
    </extension>
    <extension url="http://hl7.org/fhir/tools/StructureDefinition/ig-parameter">
      <extension url="code">
        <valueString value="apply-contact"/>
      </extension>
      <extension url="value">
        <valueString value="true"/>
      </extension>
    </extension>
    <extension url="http://hl7.org/fhir/tools/StructureDefinition/ig-parameter">
      <extension url="code">
        <valueString value="apply-context"/>
      </extension>
      <extension url="value">
        <valueString value="true"/>
      </extension>
    </extension>
    <extension url="http://hl7.org/fhir/tools/StructureDefinition/ig-parameter">
      <extension url="code">
        <valueString value="apply-copyright"/>
      </extension>
      <extension url="value">
        <valueString value="true"/>
      </extension>
    </extension>
    <extension url="http://hl7.org/fhir/tools/StructureDefinition/ig-parameter">
      <extension url="code">
        <valueString value="apply-jurisdiction"/>
      </extension>
      <extension url="value">
        <valueString value="true"/>
      </extension>
    </extension>
    <extension url="http://hl7.org/fhir/tools/StructureDefinition/ig-parameter">
      <extension url="code">
        <valueString value="apply-license"/>
      </extension>
      <extension url="value">
        <valueString value="true"/>
      </extension>
    </extension>
    <extension url="http://hl7.org/fhir/tools/StructureDefinition/ig-parameter">
      <extension url="code">
        <valueString value="apply-publisher"/>
      </extension>
      <extension url="value">
        <valueString value="true"/>
      </extension>
    </extension>
    <extension url="http://hl7.org/fhir/tools/StructureDefinition/ig-parameter">
      <extension url="code">
        <valueString value="apply-version"/>
      </extension>
      <extension url="value">
        <valueString value="true"/>
      </extension>
    </extension>
    <extension url="http://hl7.org/fhir/tools/StructureDefinition/ig-parameter">
      <extension url="code">
        <valueString value="active-tables"/>
      </extension>
      <extension url="value">
        <valueString value="true"/>
      </extension>
    </extension>
    <extension url="http://hl7.org/fhir/tools/StructureDefinition/ig-parameter">
      <extension url="code">
        <valueString value="fmm-definition"/>
      </extension>
      <extension url="value">
        <valueString value="http://hl7.org/fhir/versions.html#maturity"/>
      </extension>
    </extension>
    <extension url="http://hl7.org/fhir/tools/StructureDefinition/ig-parameter">
      <extension url="code">
        <valueString value="propagate-status"/>
      </extension>
      <extension url="value">
        <valueString value="true"/>
      </extension>
    </extension>
    <resource>
      <extension url="http://hl7.org/fhir/tools/StructureDefinition/resource-information">
        <valueString value="StructureDefinition:resource"/>
      </extension>
      <reference>
        <reference value="StructureDefinition/DDCCComposition"/>
      </reference>
      <name value="DDCC Composition"/>
      <description value="Describes the logical structure for a Digital Documentation of COVID-19 Certificates &#xA;(DDCC).  "/>
      <exampleBoolean value="false"/>
    </resource>
    <resource>
      <extension url="http://hl7.org/fhir/tools/StructureDefinition/resource-information">
        <valueString value="StructureDefinition:resource"/>
      </extension>
      <reference>
        <reference value="StructureDefinition/DDCCDiagnosticReport"/>
      </reference>
      <name value="DDCC Diagnostic Report"/>
      <description value="A DDCC Diagnostic Report contains the content corresponding to a row in the Test &#xA;Events section of a Paper DDCC. While this is not a further profile of the International&#xA;Patient Summary (IPS) DiagnosticReport resouce, this is intended to map into an IPS &#xA;DiagnosticReport resource."/>
      <exampleBoolean value="false"/>
    </resource>
    <resource>
      <extension url="http://hl7.org/fhir/tools/StructureDefinition/resource-information">
        <valueString value="StructureDefinition:resource"/>
      </extension>
      <reference>
        <reference value="StructureDefinition/DDCCDocument"/>
      </reference>
      <name value="DDCC Document"/>
      <description value="A [DDCC Document](StructureDefinition-DDCCDocument.html) is a document bundle containing the DDCC.&#xA;"/>
      <exampleBoolean value="false"/>
    </resource>
    <resource>
      <extension url="http://hl7.org/fhir/tools/StructureDefinition/resource-information">
        <valueString value="StructureDefinition:resource"/>
      </extension>
      <reference>
        <reference value="StructureDefinition/DDCCDocumentReference"/>
      </reference>
      <name value="DDCC Document Reference"/>
      <description value="A [DDCC Document Reference](StructureDefinition-DDCCDocumentReference.html) is a &#xA;document reference to a [DDCC Document](StructureDefinition-DDCCDocument.html) &#xA;containing the DDCC.&#xA;The content attachment url will point to a DDCC Document."/>
      <exampleBoolean value="false"/>
    </resource>
    <resource>
      <extension url="http://hl7.org/fhir/tools/StructureDefinition/resource-information">
        <valueString value="StructureDefinition:resource"/>
      </extension>
      <reference>
        <reference value="StructureDefinition/DDCCDocumentReferenceQR"/>
      </reference>
      <name value="DDCC DocumentReference return for QR"/>
      <description value="DDCC DocumentReference for QR codes including the QR image and the serialized content."/>
      <exampleBoolean value="false"/>
    </resource>
    <resource>
      <extension url="http://hl7.org/fhir/tools/StructureDefinition/resource-information">
        <valueString value="StructureDefinition:resource"/>
      </extension>
      <reference>
        <reference value="StructureDefinition/DDCCDocumentSigned"/>
      </reference>
      <name value="DDCC DocumentSigned"/>
      <description value="A [DDCC Document Signed](StructureDefinition-DDCCDocumentSigned.html) is a document bundle containing the DDCC&#xA;that has a digital signature.&#xA;"/>
      <exampleBoolean value="false"/>
    </resource>
    <resource>
      <extension url="http://hl7.org/fhir/tools/StructureDefinition/resource-information">
        <valueString value="StructureDefinition:resource"/>
      </extension>
      <reference>
        <reference value="StructureDefinition/DDCCFolder"/>
      </reference>
      <name value="DDCC Folder"/>
      <description value="DDCC Folder of the Paper Certificate"/>
      <exampleBoolean value="false"/>
    </resource>
    <resource>
      <extension url="http://hl7.org/fhir/tools/StructureDefinition/resource-information">
        <valueString value="StructureDefinition:resource"/>
      </extension>
      <reference>
        <reference value="StructureDefinition/DDCCGenerateHealthCertificateParameters"/>
      </reference>
      <name value="DDCC Generate Health Certificate Parameters"/>
      <description value="Parameters for the [DDCC Generate Health Certificate Operation](OperationDefinition-DDCC-QuestionnaireResponse-generateHealthCertificate.html)."/>
      <exampleBoolean value="false"/>
    </resource>
    <resource>
      <extension url="http://hl7.org/fhir/tools/StructureDefinition/resource-information">
        <valueString value="StructureDefinition:resource"/>
      </extension>
      <reference>
        <reference value="StructureDefinition/DDCCGenerateHealthFolderParameters"/>
      </reference>
      <name value="DDCC Generate Health Folder Parameters"/>
      <description value="Parameters for the [DDCC Generate Health Folder Operation](OperationDefinition-DDCC-QuestionnaireResponse-generateHealthFolder.html)."/>
      <exampleBoolean value="false"/>
    </resource>
    <resource>
      <extension url="http://hl7.org/fhir/tools/StructureDefinition/resource-information">
        <valueString value="StructureDefinition:resource"/>
      </extension>
      <reference>
        <reference value="StructureDefinition/DDCCImmunization"/>
      </reference>
      <name value="DDCC Immunization"/>
      <description value="A DDCC Immunization contains the content corresponding to a row in the Vaccination &#xA;Events section of a Paper DDCC. While this is not a further profile of the International&#xA;Patient Summary (IPS) Immunization resouce, this is intended to map into an IPS &#xA;Immunization resource."/>
      <exampleBoolean value="false"/>
    </resource>
    <resource>
      <extension url="http://hl7.org/fhir/tools/StructureDefinition/resource-information">
        <valueString value="StructureDefinition:resource"/>
      </extension>
      <reference>
        <reference value="StructureDefinition/DDCCImmunizationRecommendation"/>
      </reference>
      <name value="DDCC Immunization Recommendation"/>
      <description value="A DDCC Immunization Recommendation contains the content corresponding to when&#xA;a patient should return for a booster shot."/>
      <exampleBoolean value="false"/>
    </resource>
    <resource>
      <extension url="http://hl7.org/fhir/tools/StructureDefinition/resource-information">
        <valueString value="StructureDefinition:resource"/>
      </extension>
      <reference>
        <reference value="StructureDefinition/DDCCObservation"/>
      </reference>
      <name value="DDCC Observation"/>
      <description value="A DDCC Observation contains the content corresponding to a row in the Test &#xA;Events section of a Paper DDCC. While this is not a further profile of the International&#xA;Patient Summary (IPS) Observation resouce, this is intended to map into an IPS &#xA;Observation resource."/>
      <exampleBoolean value="false"/>
    </resource>
    <resource>
      <extension url="http://hl7.org/fhir/tools/StructureDefinition/resource-information">
        <valueString value="StructureDefinition:resource"/>
      </extension>
      <reference>
        <reference value="StructureDefinition/DDCCOrganization"/>
      </reference>
      <name value="DDCC Organization"/>
      <description value="Abstraction for a DDCC Organization. There should be a DDCC Organization associated &#xA;to each public health authortiy (PHA)"/>
      <exampleBoolean value="false"/>
    </resource>
    <resource>
      <extension url="http://hl7.org/fhir/tools/StructureDefinition/resource-information">
        <valueString value="StructureDefinition:resource"/>
      </extension>
      <reference>
        <reference value="StructureDefinition/DDCCPatient"/>
      </reference>
      <name value="DDCC Patient"/>
      <description value="A DDCCPatient should:&#xA;* if the [identifier.assigner](StructureDefinition-DDCCPatient-definitions.html#Patient.identifier] is set then the value of [identifier.assigner](StructureDefinition-DDCCPatient-definitions.html#Patient.identifier.assigner) should be set to reference the [DDCC Organization](StructureDefinition-DDCCOrganization.html) resource associated to the PHA.&#xA;* obeys who-ddcc-patient-1&#xA;"/>
      <exampleBoolean value="false"/>
    </resource>
    <resource>
      <extension url="http://hl7.org/fhir/tools/StructureDefinition/resource-information">
        <valueString value="StructureDefinition:resource"/>
      </extension>
      <reference>
        <reference value="StructureDefinition/DDCCPractitioner"/>
      </reference>
      <name value="DDCC Practitioner"/>
      <description value="Container for an DDCC Practitioner, which is a Practitioner authorized by the PHA to &#xA;vaccinate an [DDCC Patient](StructureDefinition-DDCCPatient.html).&#xA;"/>
      <exampleBoolean value="false"/>
    </resource>
    <resource>
      <extension url="http://hl7.org/fhir/tools/StructureDefinition/resource-information">
        <valueString value="StructureDefinition:resource"/>
      </extension>
      <reference>
        <reference value="StructureDefinition/DDCCPractitionerRole"/>
      </reference>
      <name value="DDCC Practitioner Role"/>
      <description value="Association of an [DDCC Practitioner](StructureDefinition-DDCCPractitioner.html) to a &#xA;managing [DDCC Organization](StructureDefinition-DDCCOrganization.html), indicating &#xA;that an DDCC Practitioner is authorized by the public health authority (PHA) to &#xA;vaccinate an [DDCC Patient](StructureDefinition-DDCCPatient.html).&#xA;"/>
      <exampleBoolean value="false"/>
    </resource>
    <resource>
      <extension url="http://hl7.org/fhir/tools/StructureDefinition/resource-information">
        <valueString value="StructureDefinition:resource"/>
      </extension>
      <reference>
        <reference value="StructureDefinition/DDCCProcedure"/>
      </reference>
      <name value="DDCC Procedure"/>
      <description value="A DDCC Procedure contains the content corresponding to a row in the Test &#xA;Events section of a Paper DDCC. While this is not a further profile of the International&#xA;Patient Summary (IPS) Procedure resouce, this is intended to map into an IPS &#xA;Procedure resource."/>
      <exampleBoolean value="false"/>
    </resource>
    <resource>
      <extension url="http://hl7.org/fhir/tools/StructureDefinition/resource-information">
        <valueString value="StructureDefinition:resource"/>
      </extension>
      <reference>
        <reference value="StructureDefinition/DDCCProvideDocumentBundle"/>
      </reference>
      <name value="DDCC Provide Document Bundle"/>
      <description value="DDCC Provide Document Bundle for ITI-65"/>
      <exampleBoolean value="false"/>
    </resource>
    <resource>
      <extension url="http://hl7.org/fhir/tools/StructureDefinition/resource-information">
        <valueString value="StructureDefinition:resource:abstract"/>
      </extension>
      <reference>
        <reference value="StructureDefinition/DDCCQuestionnaire"/>
      </reference>
      <name value="DDCC Questionniare"/>
      <description value="Describes the logical structure for a questionnaire associacted to a DDCC which includes a Structure Map to generate the relevant DDCC from a given [DDCC QuestionnaireResponse](StructureDefinition-DDCCQuestionnaireResponse.html) which responds to the DDCC Questionnaire."/>
      <exampleBoolean value="false"/>
    </resource>
    <resource>
      <extension url="http://hl7.org/fhir/tools/StructureDefinition/resource-information">
        <valueString value="StructureDefinition:resource:abstract"/>
      </extension>
      <reference>
        <reference value="StructureDefinition/DDCCQuestionnaireResponse"/>
      </reference>
      <name value="DDCC Questionnaire Response"/>
      <description value="Describes the logical structure for a questionnaire response associacted to a [DDCC Questionaire](StructureDefinition-DDCCQuestionnaire.html). "/>
      <exampleBoolean value="false"/>
    </resource>
    <resource>
      <extension url="http://hl7.org/fhir/tools/StructureDefinition/resource-information">
        <valueString value="StructureDefinition:resource"/>
      </extension>
      <reference>
        <reference value="StructureDefinition/DDCCQuestionnaireSDC"/>
      </reference>
      <name value="DDCC Questionnaire based on SDC"/>
      <description value="DDCC Questionniare based on SDC Populatable Questionnaire with additional extension"/>
      <exampleBoolean value="false"/>
    </resource>
    <resource>
      <extension url="http://hl7.org/fhir/tools/StructureDefinition/resource-information">
        <valueString value="StructureDefinition:resource"/>
      </extension>
      <reference>
        <reference value="StructureDefinition/DDCCRevokeHealthCertificateParameters"/>
      </reference>
      <name value="DDCC Revoke Health Certificate Parameters"/>
      <description value="Parameters for the [DDCC Revoke Health Certificate Operation](OperationDefinition-DDCC-QuestionnaireResponse-revokeHealthCertificate.html)."/>
      <exampleBoolean value="false"/>
    </resource>
    <resource>
      <extension url="http://hl7.org/fhir/tools/StructureDefinition/resource-information">
        <valueString value="StructureDefinition:resource"/>
      </extension>
      <reference>
        <reference value="StructureDefinition/DDCCSpecimen"/>
      </reference>
      <name value="DDCC Specimen"/>
      <description value="A DDCC Specimen contains the content corresponding to a row in the Test &#xA;Events section of a Paper DDCC. While this is not a further profile of the International&#xA;Patient Summary (IPS) Specimen resouce, this is intended to map into an IPS &#xA;Specimen resource."/>
      <exampleBoolean value="false"/>
    </resource>
    <resource>
      <extension url="http://hl7.org/fhir/tools/StructureDefinition/resource-information">
        <valueString value="StructureDefinition:resource"/>
      </extension>
      <reference>
        <reference value="StructureDefinition/DDCCSubmissionSet"/>
      </reference>
      <name value="DDCC Submission Set"/>
      <description value="DDCC Submission Set for ITI-65"/>
      <exampleBoolean value="false"/>
    </resource>
    <resource>
      <extension url="http://hl7.org/fhir/tools/StructureDefinition/resource-information">
        <valueString value="StructureDefinition:resource"/>
      </extension>
      <reference>
        <reference value="StructureDefinition/DDCCSubmitHealthEventRequest"/>
      </reference>
      <name value="DDCC Submit Health Event Request"/>
      <description value="An [DDCC Submit Health Event Request](StructureDefinition-DDCCSubmitHealthEventRequest.html) is a transaction bundle containing the content of health events which are being submitted under the [Submit Health Event](transactions.html#submit-health-event) transaction."/>
      <exampleBoolean value="false"/>
    </resource>
    <resource>
      <extension url="http://hl7.org/fhir/tools/StructureDefinition/resource-information">
        <valueString value="StructureDefinition:resource"/>
      </extension>
      <reference>
        <reference value="StructureDefinition/DDCCSubmitHealthEventResponse"/>
      </reference>
      <name value="DDCC Submit Health Event Response"/>
      <description value="A DDCC Submit Health Event Response](StructureDefinition-DDCCSubmitHealthEventRespose.html) is a transaction reponse bundle containing the operation outcomes for the submission of one or more health certificates under the [Submit Health Event](transactions.html#submit-health-event) transaction.&#xA;"/>
      <exampleBoolean value="false"/>
    </resource>
    <resource>
      <extension url="http://hl7.org/fhir/tools/StructureDefinition/resource-information">
        <valueString value="StructureDefinition:resource"/>
      </extension>
      <reference>
        <reference value="StructureDefinition/DDCCTRComposition"/>
      </reference>
      <name value="DDCC:TR Composition"/>
      <description value="Describes the logical structure for a Digital Documentation of COVID-19 Certificates - Test Results&#xA;(DDCC:TR).  "/>
      <exampleBoolean value="false"/>
    </resource>
    <resource>
      <extension url="http://hl7.org/fhir/tools/StructureDefinition/resource-information">
        <valueString value="StructureDefinition:resource"/>
      </extension>
      <reference>
        <reference value="StructureDefinition/DDCCTRDocument"/>
      </reference>
      <name value="DDCC:VS Document"/>
      <description value="A [DDCC:VS Document](StructureDefinition-DDCCVSDocument.html) is a document bundle containing the DDCC:VS.&#xA;"/>
      <exampleBoolean value="false"/>
    </resource>
    <resource>
      <extension url="http://hl7.org/fhir/tools/StructureDefinition/resource-information">
        <valueString value="StructureDefinition:resource"/>
      </extension>
      <reference>
        <reference value="StructureDefinition/DDCCTRDocumentSigned"/>
      </reference>
      <name value="DDCC:TR DocumentSigned"/>
      <description value="A [DDCC:TR Document Signed](StructureDefinition-DDCCTRDocumentSigned.html) is a document bundle containing the DDCC:TR&#xA;that has a digital signature.&#xA;"/>
      <exampleBoolean value="false"/>
    </resource>
    <resource>
      <extension url="http://hl7.org/fhir/tools/StructureDefinition/resource-information">
        <valueString value="StructureDefinition:resource"/>
      </extension>
      <reference>
        <reference value="StructureDefinition/DDCCTest"/>
      </reference>
      <name value="DDCC Test"/>
      <description value="A DDCC Test contains the content corresponding to a row in the Test &#xA;Events section of a Paper DDCC. While this is not a further profile of the International&#xA;Patient Summary (IPS) Device resouce, this is intended to map into an IPS &#xA;Device resource."/>
      <exampleBoolean value="false"/>
    </resource>
    <resource>
      <extension url="http://hl7.org/fhir/tools/StructureDefinition/resource-information">
        <valueString value="StructureDefinition:resource"/>
      </extension>
      <reference>
        <reference value="StructureDefinition/DDCCVSAddBundle"/>
      </reference>
      <name value="DDCC:VS Add Bundle"/>
      <description value="Bundle to be transformed to from the DDCC:VS QuestionnaireResponse&#xA;to add on the DDCC generator."/>
      <exampleBoolean value="false"/>
    </resource>
    <resource>
      <extension url="http://hl7.org/fhir/tools/StructureDefinition/resource-information">
        <valueString value="StructureDefinition:resource"/>
      </extension>
      <reference>
        <reference value="StructureDefinition/DDCCVSComposition"/>
      </reference>
      <name value="DDCC:VS Composition"/>
      <description value="Describes the logical structure for a Digital Documentation of COVID-19 Certificates - Vaccination Status&#xA;(DDCC:VS).  "/>
      <exampleBoolean value="false"/>
    </resource>
    <resource>
      <extension url="http://hl7.org/fhir/tools/StructureDefinition/resource-information">
        <valueString value="StructureDefinition:resource"/>
      </extension>
      <reference>
        <reference value="StructureDefinition/DDCCVSDocument"/>
      </reference>
      <name value="DDCC:VS Document"/>
      <description value="A [DDCC:VS Document](StructureDefinition-DDCCVSDocument.html) is a document bundle containing the DDCC:VS.&#xA;"/>
      <exampleBoolean value="false"/>
    </resource>
    <resource>
      <extension url="http://hl7.org/fhir/tools/StructureDefinition/resource-information">
        <valueString value="StructureDefinition:resource"/>
      </extension>
      <reference>
        <reference value="StructureDefinition/DDCCVSDocumentSigned"/>
      </reference>
      <name value="DDCC:VS DocumentSigned"/>
      <description value="A [DDCC:VS Document Signed](StructureDefinition-DDCCVSDocumentSigned.html) is a document bundle containing the DDCC:VS&#xA;that has a digital signature.&#xA;"/>
      <exampleBoolean value="false"/>
    </resource>
    <resource>
      <extension url="http://hl7.org/fhir/tools/StructureDefinition/resource-information">
        <valueString value="StructureDefinition:extension"/>
      </extension>
      <reference>
        <reference value="StructureDefinition/DDCCCountryOfEvent"/>
      </reference>
      <name value="DDCC Country Of Event for Immunization"/>
      <description value="DDCC Country Of Event for Immunization"/>
      <exampleBoolean value="false"/>
    </resource>
    <resource>
      <extension url="http://hl7.org/fhir/tools/StructureDefinition/resource-information">
        <valueString value="StructureDefinition:extension"/>
      </extension>
      <reference>
        <reference value="StructureDefinition/DDCCEventBrand"/>
      </reference>
      <name value="DDCC Event Brand for Immunization"/>
      <description value="DDCC Event Brand for Immunization"/>
      <exampleBoolean value="false"/>
    </resource>
    <resource>
      <extension url="http://hl7.org/fhir/tools/StructureDefinition/resource-information">
        <valueString value="StructureDefinition:extension"/>
      </extension>
      <reference>
        <reference value="StructureDefinition/DDCCVaccineMarketAuthorization"/>
      </reference>
      <name value="DDCC Vaccine Market Authorization for Immunization"/>
      <description value="DDCC Vaccine Market Authorization for Immunization"/>
      <exampleBoolean value="false"/>
    </resource>
    <resource>
      <extension url="http://hl7.org/fhir/tools/StructureDefinition/resource-information">
        <valueString value="StructureDefinition:extension"/>
      </extension>
      <reference>
        <reference value="StructureDefinition/DDCCVaccineValidFrom"/>
      </reference>
      <name value="DDCC Vaccine Valid From"/>
      <description value="Date upon which provided vaccination is considered valid"/>
      <exampleBoolean value="false"/>
    </resource>
    <resource>
      <extension url="http://hl7.org/fhir/tools/StructureDefinition/resource-information">
        <valueString value="StructureDefinition:logical:abstract"/>
      </extension>
      <reference>
        <reference value="StructureDefinition/DDCCCoreDataSet"/>
      </reference>
      <name value="DDCC Core Data Set Logical Model"/>
      <description value="Data elements for the DDCC Core Data Set."/>
      <exampleBoolean value="false"/>
    </resource>
    <resource>
      <extension url="http://hl7.org/fhir/tools/StructureDefinition/resource-information">
        <valueString value="StructureDefinition:logical:abstract"/>
      </extension>
      <reference>
        <reference value="StructureDefinition/DDCCCoreDataSet.TR"/>
      </reference>
      <name value="DDCC Core Data Set Logical Model for Test Results"/>
      <description value="Data elements for the DDCC Core Data Set for Test Results."/>
      <exampleBoolean value="false"/>
    </resource>
    <resource>
      <extension url="http://hl7.org/fhir/tools/StructureDefinition/resource-information">
        <valueString value="StructureDefinition:logical:abstract"/>
      </extension>
      <reference>
        <reference value="StructureDefinition/DDCCCoreDataSet.VS"/>
      </reference>
      <name value="DDCC Core Data Set Logical Model for Vaccine Status"/>
      <description value="Data elements for the DDCC Core Data Set for Vaccine Status."/>
      <exampleBoolean value="false"/>
    </resource>
    <resource>
      <extension url="http://hl7.org/fhir/tools/StructureDefinition/resource-information">
        <valueString value="StructureDefinition:logical"/>
      </extension>
      <reference>
        <reference value="StructureDefinition/DDCCCoreDataSet.VS.CoC"/>
      </reference>
      <name value="DDCC Core Data Set Logical Model - Vaccine Status - Continuity of Care"/>
      <description value="Data elements for the DDCC Core Data Set - Vaccine Status - Continuity of Care."/>
      <exampleBoolean value="false"/>
    </resource>
    <resource>
      <extension url="http://hl7.org/fhir/tools/StructureDefinition/resource-information">
        <valueString value="StructureDefinition:logical"/>
      </extension>
      <reference>
        <reference value="StructureDefinition/DDCCCoreDataSet.VS.PoV"/>
      </reference>
      <name value="DDCC Core Data Set Logical Model - Vaccine Status - Proof of Vaccination"/>
      <description value="Data elements for the DDCC Core Data Set - Vaccine Status - Proof of Vaccination."/>
      <exampleBoolean value="false"/>
    </resource>
    <resource>
      <extension url="http://hl7.org/fhir/tools/StructureDefinition/resource-information">
        <valueString value="ValueSet"/>
      </extension>
      <reference>
        <reference value="ValueSet/DDCC-Composition-Category-ValueSet"/>
      </reference>
      <name value="DDCC Composition Category Codes"/>
      <description value="Categorization of DDCC Composition"/>
      <exampleBoolean value="false"/>
    </resource>
    <resource>
      <extension url="http://hl7.org/fhir/tools/StructureDefinition/resource-information">
        <valueString value="ValueSet"/>
      </extension>
      <reference>
        <reference value="ValueSet/DDCC-Device-Property-ValueSet"/>
      </reference>
      <name value="DDCC Device Property Codes"/>
      <description value="Properties of DDCC devices"/>
      <exampleBoolean value="false"/>
    </resource>
    <resource>
      <extension url="http://hl7.org/fhir/tools/StructureDefinition/resource-information">
        <valueString value="ValueSet"/>
      </extension>
      <reference>
        <reference value="ValueSet/DDCC-Folder-DesignationType"/>
      </reference>
      <name value="DDCC DesignationTypes for Folder"/>
      <description value="DDCC Designation Types ValueSet for DDCC Folders."/>
      <exampleBoolean value="false"/>
    </resource>
    <resource>
      <extension url="http://hl7.org/fhir/tools/StructureDefinition/resource-information">
        <valueString value="ValueSet"/>
      </extension>
      <reference>
        <reference value="ValueSet/DDCC-QR-Format-ValueSet"/>
      </reference>
      <name value="DDCC QR Format Codes"/>
      <description value="Format of the representation of QR code"/>
      <exampleBoolean value="false"/>
    </resource>
    <resource>
      <extension url="http://hl7.org/fhir/tools/StructureDefinition/resource-information">
        <valueString value="ValueSet"/>
      </extension>
      <reference>
        <reference value="ValueSet/DDCC-QR-Type-ValueSet"/>
      </reference>
      <name value="DDCC QR Type Codes"/>
      <description value="Type of QR codes by their business usage"/>
      <exampleBoolean value="false"/>
    </resource>
    <resource>
      <extension url="http://hl7.org/fhir/tools/StructureDefinition/resource-information">
        <valueString value="ValueSet"/>
      </extension>
      <reference>
        <reference value="ValueSet/who-ddcc-agent-targeted-covid-19"/>
      </reference>
      <name value="WHO Agent Targeted (COVID-19)"/>
      <description value="WHO Agent Targeted List (COVID-19) from [ICD 11](https://icd.who.int/browse11)"/>
      <exampleBoolean value="false"/>
    </resource>
    <resource>
      <extension url="http://hl7.org/fhir/tools/StructureDefinition/resource-information">
        <valueString value="ValueSet"/>
      </extension>
      <reference>
        <reference value="ValueSet/who-ddcc-disease-targeted-covid-19"/>
      </reference>
      <name value="WHO Disease or Agent Targeted (COVID-19)"/>
      <description value="WHO Disease or Agent Targeted List (COVID-19) from [ICD 11](https://icd.who.int/browse11)"/>
      <exampleBoolean value="false"/>
    </resource>
    <resource>
      <extension url="http://hl7.org/fhir/tools/StructureDefinition/resource-information">
        <valueString value="ValueSet"/>
      </extension>
      <reference>
        <reference value="ValueSet/who-ddcc-sample-origin-covid-19"/>
      </reference>
      <name value="WHO Speciman Sample Origin (COVID-19)"/>
      <description value="WHO Speciman Sample Origin List (COVID-19)"/>
      <exampleBoolean value="false"/>
    </resource>
    <resource>
      <extension url="http://hl7.org/fhir/tools/StructureDefinition/resource-information">
        <valueString value="ValueSet"/>
      </extension>
      <reference>
        <reference value="ValueSet/who-ddcc-test-result-covid-19"/>
      </reference>
      <name value="WHO Test Result (COVID-19)"/>
      <description value="WHO COVID-19 Test Result from [ICD 11](https://icd.who.int/browse11)"/>
      <exampleBoolean value="false"/>
    </resource>
    <resource>
      <extension url="http://hl7.org/fhir/tools/StructureDefinition/resource-information">
        <valueString value="ValueSet"/>
      </extension>
      <reference>
        <reference value="ValueSet/who-ddcc-type-of-test-covid-19"/>
      </reference>
      <name value="WHO Type of Covid-19 Test"/>
      <description value="WHO Type of COVID-19 Test"/>
      <exampleBoolean value="false"/>
    </resource>
    <resource>
      <extension url="http://hl7.org/fhir/tools/StructureDefinition/resource-information">
        <valueString value="ValueSet"/>
      </extension>
      <reference>
        <reference value="ValueSet/who-ddcc-vaccines-covid-19"/>
      </reference>
      <name value="WHO Vaccine List (COVID-19)"/>
      <description value="WHO Vaccine List (COVID-19) from [ICD 11](https://icd.who.int/browse11)"/>
      <exampleBoolean value="false"/>
    </resource>
    <resource>
      <extension url="http://hl7.org/fhir/tools/StructureDefinition/resource-information">
        <valueString value="CodeSystem"/>
      </extension>
      <reference>
        <reference value="CodeSystem/DDCC-Composition-Category-CodeSystem"/>
      </reference>
      <name value="DDCC Composition Category Codes"/>
      <description value="Possible categories available for composition."/>
      <exampleBoolean value="false"/>
    </resource>
    <resource>
      <extension url="http://hl7.org/fhir/tools/StructureDefinition/resource-information">
        <valueString value="CodeSystem"/>
      </extension>
      <reference>
        <reference value="CodeSystem/DDCC-Device-Property-CodeSystem"/>
      </reference>
      <name value="DDCC Device Property Codes"/>
      <description value="Possible properties available for devices."/>
      <exampleBoolean value="false"/>
    </resource>
    <resource>
      <extension url="http://hl7.org/fhir/tools/StructureDefinition/resource-information">
        <valueString value="CodeSystem"/>
      </extension>
      <reference>
        <reference value="CodeSystem/DDCC-Example-Test-CodeSystem"/>
      </reference>
      <name value="DDCC Codes for examples"/>
      <description value="Example codes for example resources."/>
      <exampleBoolean value="false"/>
    </resource>
    <resource>
      <extension url="http://hl7.org/fhir/tools/StructureDefinition/resource-information">
        <valueString value="CodeSystem"/>
      </extension>
      <reference>
        <reference value="CodeSystem/DDCC-Folder-DesignationType"/>
      </reference>
      <name value="DDCC Designation Types for Folder"/>
      <description value="DDCC Designation Types to use for DDCC Folders."/>
      <exampleBoolean value="false"/>
    </resource>
    <resource>
      <extension url="http://hl7.org/fhir/tools/StructureDefinition/resource-information">
        <valueString value="CodeSystem"/>
      </extension>
      <reference>
        <reference value="CodeSystem/DDCC-QR-Format-CodeSystem"/>
      </reference>
      <name value="DDCC QR Format Codes"/>
      <description value="Possible formats available for QR data."/>
      <exampleBoolean value="false"/>
    </resource>
    <resource>
      <extension url="http://hl7.org/fhir/tools/StructureDefinition/resource-information">
        <valueString value="CodeSystem"/>
      </extension>
      <reference>
        <reference value="CodeSystem/DDCC-QR-Type-CodeSystem"/>
      </reference>
      <name value="DDCC QR Category Usage Codes"/>
      <description value="Possible formats available for QR usage."/>
      <exampleBoolean value="false"/>
    </resource>
    <resource>
      <extension url="http://hl7.org/fhir/tools/StructureDefinition/resource-information">
        <valueString value="Composition"/>
      </extension>
      <reference>
        <reference value="Composition/DDCC-Composition-Example-Arabic"/>
      </reference>
      <name value="DDCC-Composition-Example-Arabic"/>
      <exampleCanonical value="http://worldhealthorganization.github.io/ddcc/StructureDefinition/DDCCVSComposition"/>
    </resource>
    <resource>
      <extension url="http://hl7.org/fhir/tools/StructureDefinition/resource-information">
        <valueString value="Composition"/>
      </extension>
      <reference>
        <reference value="Composition/DDCC-Composition-Example-Chinese"/>
      </reference>
      <name value="DDCC-Composition-Example-Chinese"/>
      <exampleCanonical value="http://worldhealthorganization.github.io/ddcc/StructureDefinition/DDCCVSComposition"/>
    </resource>
    <resource>
      <extension url="http://hl7.org/fhir/tools/StructureDefinition/resource-information">
        <valueString value="Composition"/>
      </extension>
      <reference>
        <reference value="Composition/DDCC-Composition-Example-English"/>
      </reference>
      <name value="DDCC-Composition-Example-English"/>
      <exampleCanonical value="http://worldhealthorganization.github.io/ddcc/StructureDefinition/DDCCVSComposition"/>
    </resource>
    <resource>
      <extension url="http://hl7.org/fhir/tools/StructureDefinition/resource-information">
        <valueString value="Composition"/>
      </extension>
      <reference>
        <reference value="Composition/DDCC-Composition-Example-French"/>
      </reference>
      <name value="DDCC-Composition-Example-French"/>
      <exampleCanonical value="http://worldhealthorganization.github.io/ddcc/StructureDefinition/DDCCVSComposition"/>
    </resource>
    <resource>
      <extension url="http://hl7.org/fhir/tools/StructureDefinition/resource-information">
        <valueString value="Composition"/>
      </extension>
      <reference>
        <reference value="Composition/DDCC-Composition-Example-Russian"/>
      </reference>
      <name value="DDCC-Composition-Example-Russian"/>
      <exampleCanonical value="http://worldhealthorganization.github.io/ddcc/StructureDefinition/DDCCVSComposition"/>
    </resource>
    <resource>
      <extension url="http://hl7.org/fhir/tools/StructureDefinition/resource-information">
        <valueString value="Composition"/>
      </extension>
      <reference>
        <reference value="Composition/DDCC-Composition-Example-Spanish"/>
      </reference>
      <name value="DDCC-Composition-Example-Spanish"/>
      <exampleCanonical value="http://worldhealthorganization.github.io/ddcc/StructureDefinition/DDCCVSComposition"/>
    </resource>
    <resource>
      <extension url="http://hl7.org/fhir/tools/StructureDefinition/resource-information">
        <valueString value="Immunization"/>
      </extension>
      <reference>
        <reference value="Immunization/DDCC-Immunization-Arabic"/>
      </reference>
      <name value="DDCC-Immunization-Arabic"/>
      <exampleCanonical value="http://worldhealthorganization.github.io/ddcc/StructureDefinition/DDCCImmunization"/>
    </resource>
    <resource>
      <extension url="http://hl7.org/fhir/tools/StructureDefinition/resource-information">
        <valueString value="Immunization"/>
      </extension>
      <reference>
        <reference value="Immunization/DDCC-Immunization-Chinese"/>
      </reference>
      <name value="DDCC-Immunization-Chinese"/>
      <exampleCanonical value="http://worldhealthorganization.github.io/ddcc/StructureDefinition/DDCCImmunization"/>
    </resource>
    <resource>
      <extension url="http://hl7.org/fhir/tools/StructureDefinition/resource-information">
        <valueString value="Immunization"/>
      </extension>
      <reference>
        <reference value="Immunization/DDCC-Immunization-English"/>
      </reference>
      <name value="DDCC-Immunization-English"/>
      <exampleCanonical value="http://worldhealthorganization.github.io/ddcc/StructureDefinition/DDCCImmunization"/>
    </resource>
    <resource>
      <extension url="http://hl7.org/fhir/tools/StructureDefinition/resource-information">
        <valueString value="Immunization"/>
      </extension>
      <reference>
        <reference value="Immunization/DDCC-Immunization-French"/>
      </reference>
      <name value="DDCC-Immunization-French"/>
      <exampleCanonical value="http://worldhealthorganization.github.io/ddcc/StructureDefinition/DDCCImmunization"/>
    </resource>
    <resource>
      <extension url="http://hl7.org/fhir/tools/StructureDefinition/resource-information">
        <valueString value="Immunization"/>
      </extension>
      <reference>
        <reference value="Immunization/DDCC-Immunization-Russian"/>
      </reference>
      <name value="DDCC-Immunization-Russian"/>
      <exampleCanonical value="http://worldhealthorganization.github.io/ddcc/StructureDefinition/DDCCImmunization"/>
    </resource>
    <resource>
      <extension url="http://hl7.org/fhir/tools/StructureDefinition/resource-information">
        <valueString value="Immunization"/>
      </extension>
      <reference>
        <reference value="Immunization/DDCC-Immunization-Spanish"/>
      </reference>
      <name value="DDCC-Immunization-Spanish"/>
      <exampleCanonical value="http://worldhealthorganization.github.io/ddcc/StructureDefinition/DDCCImmunization"/>
    </resource>
    <resource>
      <extension url="http://hl7.org/fhir/tools/StructureDefinition/resource-information">
        <valueString value="ImmunizationRecommendation"/>
      </extension>
      <reference>
        <reference value="ImmunizationRecommendation/DDCC-ImmunizationRecommendation-Arabic"/>
      </reference>
      <name value="DDCC-ImmunizationRecommendation-Arabic"/>
      <exampleCanonical value="http://worldhealthorganization.github.io/ddcc/StructureDefinition/DDCCImmunizationRecommendation"/>
    </resource>
    <resource>
      <extension url="http://hl7.org/fhir/tools/StructureDefinition/resource-information">
        <valueString value="ImmunizationRecommendation"/>
      </extension>
      <reference>
        <reference value="ImmunizationRecommendation/DDCC-ImmunizationRecommendation-Chinese"/>
      </reference>
      <name value="DDCC-ImmunizationRecommendation-Chinese"/>
      <exampleCanonical value="http://worldhealthorganization.github.io/ddcc/StructureDefinition/DDCCImmunizationRecommendation"/>
    </resource>
    <resource>
      <extension url="http://hl7.org/fhir/tools/StructureDefinition/resource-information">
        <valueString value="ImmunizationRecommendation"/>
      </extension>
      <reference>
        <reference value="ImmunizationRecommendation/DDCC-ImmunizationRecommendation-English"/>
      </reference>
      <name value="DDCC-ImmunizationRecommendation-English"/>
      <exampleCanonical value="http://worldhealthorganization.github.io/ddcc/StructureDefinition/DDCCImmunizationRecommendation"/>
    </resource>
    <resource>
      <extension url="http://hl7.org/fhir/tools/StructureDefinition/resource-information">
        <valueString value="ImmunizationRecommendation"/>
      </extension>
      <reference>
        <reference value="ImmunizationRecommendation/DDCC-ImmunizationRecommendation-French"/>
      </reference>
      <name value="DDCC-ImmunizationRecommendation-French"/>
      <exampleCanonical value="http://worldhealthorganization.github.io/ddcc/StructureDefinition/DDCCImmunizationRecommendation"/>
    </resource>
    <resource>
      <extension url="http://hl7.org/fhir/tools/StructureDefinition/resource-information">
        <valueString value="ImmunizationRecommendation"/>
      </extension>
      <reference>
        <reference value="ImmunizationRecommendation/DDCC-ImmunizationRecommendation-Russian"/>
      </reference>
      <name value="DDCC-ImmunizationRecommendation-Russian"/>
      <exampleCanonical value="http://worldhealthorganization.github.io/ddcc/StructureDefinition/DDCCImmunizationRecommendation"/>
    </resource>
    <resource>
      <extension url="http://hl7.org/fhir/tools/StructureDefinition/resource-information">
        <valueString value="ImmunizationRecommendation"/>
      </extension>
      <reference>
        <reference value="ImmunizationRecommendation/DDCC-ImmunizationRecommendation-Spanish"/>
      </reference>
      <name value="DDCC-ImmunizationRecommendation-Spanish"/>
      <exampleCanonical value="http://worldhealthorganization.github.io/ddcc/StructureDefinition/DDCCImmunizationRecommendation"/>
    </resource>
    <resource>
      <extension url="http://hl7.org/fhir/tools/StructureDefinition/resource-information">
        <valueString value="Organization"/>
      </extension>
      <reference>
        <reference value="Organization/DDCC-Organization-Arabic"/>
      </reference>
      <name value="DDCC-Organization-Arabic"/>
      <exampleCanonical value="http://worldhealthorganization.github.io/ddcc/StructureDefinition/DDCCOrganization"/>
    </resource>
    <resource>
      <extension url="http://hl7.org/fhir/tools/StructureDefinition/resource-information">
        <valueString value="Organization"/>
      </extension>
      <reference>
        <reference value="Organization/DDCC-Organization-Chinese"/>
      </reference>
      <name value="DDCC-Organization-Chinese"/>
      <exampleCanonical value="http://worldhealthorganization.github.io/ddcc/StructureDefinition/DDCCOrganization"/>
    </resource>
    <resource>
      <extension url="http://hl7.org/fhir/tools/StructureDefinition/resource-information">
        <valueString value="Organization"/>
      </extension>
      <reference>
        <reference value="Organization/DDCC-Organization-English"/>
      </reference>
      <name value="DDCC-Organization-English"/>
      <exampleCanonical value="http://worldhealthorganization.github.io/ddcc/StructureDefinition/DDCCOrganization"/>
    </resource>
    <resource>
      <extension url="http://hl7.org/fhir/tools/StructureDefinition/resource-information">
        <valueString value="Organization"/>
      </extension>
      <reference>
        <reference value="Organization/DDCC-Organization-French"/>
      </reference>
      <name value="DDCC-Organization-French"/>
      <exampleCanonical value="http://worldhealthorganization.github.io/ddcc/StructureDefinition/DDCCOrganization"/>
    </resource>
    <resource>
      <extension url="http://hl7.org/fhir/tools/StructureDefinition/resource-information">
        <valueString value="Organization"/>
      </extension>
      <reference>
        <reference value="Organization/DDCC-Organization-Russian"/>
      </reference>
      <name value="DDCC-Organization-Russian"/>
      <exampleCanonical value="http://worldhealthorganization.github.io/ddcc/StructureDefinition/DDCCOrganization"/>
    </resource>
    <resource>
      <extension url="http://hl7.org/fhir/tools/StructureDefinition/resource-information">
        <valueString value="Organization"/>
      </extension>
      <reference>
        <reference value="Organization/DDCC-Organization-Spanish"/>
      </reference>
      <name value="DDCC-Organization-Spanish"/>
      <exampleCanonical value="http://worldhealthorganization.github.io/ddcc/StructureDefinition/DDCCOrganization"/>
    </resource>
    <resource>
      <extension url="http://hl7.org/fhir/tools/StructureDefinition/resource-information">
        <valueString value="Patient"/>
      </extension>
      <reference>
        <reference value="Patient/DDCC-Patient-Arabic"/>
      </reference>
      <name value="DDCC-Patient-Arabic"/>
      <exampleCanonical value="http://worldhealthorganization.github.io/ddcc/StructureDefinition/DDCCPatient"/>
    </resource>
    <resource>
      <extension url="http://hl7.org/fhir/tools/StructureDefinition/resource-information">
        <valueString value="Patient"/>
      </extension>
      <reference>
        <reference value="Patient/DDCC-Patient-Chinese"/>
      </reference>
      <name value="DDCC-Patient-Chinese"/>
      <exampleCanonical value="http://worldhealthorganization.github.io/ddcc/StructureDefinition/DDCCPatient"/>
    </resource>
    <resource>
      <extension url="http://hl7.org/fhir/tools/StructureDefinition/resource-information">
        <valueString value="Patient"/>
      </extension>
      <reference>
        <reference value="Patient/DDCC-Patient-English"/>
      </reference>
      <name value="DDCC-Patient-English"/>
      <exampleCanonical value="http://worldhealthorganization.github.io/ddcc/StructureDefinition/DDCCPatient"/>
    </resource>
    <resource>
      <extension url="http://hl7.org/fhir/tools/StructureDefinition/resource-information">
        <valueString value="Patient"/>
      </extension>
      <reference>
        <reference value="Patient/DDCC-Patient-French"/>
      </reference>
      <name value="DDCC-Patient-French"/>
      <exampleCanonical value="http://worldhealthorganization.github.io/ddcc/StructureDefinition/DDCCPatient"/>
    </resource>
    <resource>
      <extension url="http://hl7.org/fhir/tools/StructureDefinition/resource-information">
        <valueString value="Patient"/>
      </extension>
      <reference>
        <reference value="Patient/DDCC-Patient-Russian"/>
      </reference>
      <name value="DDCC-Patient-Russian"/>
      <exampleCanonical value="http://worldhealthorganization.github.io/ddcc/StructureDefinition/DDCCPatient"/>
    </resource>
    <resource>
      <extension url="http://hl7.org/fhir/tools/StructureDefinition/resource-information">
        <valueString value="Patient"/>
      </extension>
      <reference>
        <reference value="Patient/DDCC-Patient-Spanish"/>
      </reference>
      <name value="DDCC-Patient-Spanish"/>
      <exampleCanonical value="http://worldhealthorganization.github.io/ddcc/StructureDefinition/DDCCPatient"/>
    </resource>
    <resource>
      <extension url="http://hl7.org/fhir/tools/StructureDefinition/resource-information">
        <valueString value="OperationDefinition"/>
      </extension>
      <reference>
        <reference value="OperationDefinition/DDCC-QuestionnaireResponse-generateHealthCertificate"/>
      </reference>
      <name value="DDCCGenerateHealthCertificate"/>
      <description value="Generate one or more signed DDCC Documents based on a [DDCC QuestionnaireResponse](StructureDefinition-DDCCQuestionnaireResponse.html)"/>
      <exampleBoolean value="false"/>
    </resource>
    <resource>
      <extension url="http://hl7.org/fhir/tools/StructureDefinition/resource-information">
        <valueString value="OperationDefinition"/>
      </extension>
      <reference>
        <reference value="OperationDefinition/DDCC-QuestionnaireResponse-generateHealthFolder"/>
      </reference>
      <name value="DDCCGenerateHealthFolder"/>
      <description value="Generate a DDCC Folder from an IPS Bundle."/>
      <exampleBoolean value="false"/>
    </resource>
    <resource>
      <extension url="http://hl7.org/fhir/tools/StructureDefinition/resource-information">
        <valueString value="OperationDefinition"/>
      </extension>
      <reference>
        <reference value="OperationDefinition/DDCC-QuestionnaireResponse-revokeHealthCertificate"/>
      </reference>
      <name value="DDCCRevokeHealthCertificate"/>
      <description value="Revoke a DDCC Document."/>
      <exampleBoolean value="false"/>
    </resource>
    <resource>
      <extension url="http://hl7.org/fhir/tools/StructureDefinition/resource-information">
        <valueString value="Bundle"/>
      </extension>
      <reference>
        <reference value="Bundle/DDCC-TX-SHE-bundle-example-1"/>
      </reference>
      <name value="DDCC-TX-SHE-bundle-example-1"/>
      <exampleCanonical value="http://worldhealthorganization.github.io/ddcc/StructureDefinition/DDCCSubmitHealthEventRequest"/>
    </resource>
    <resource>
      <extension url="http://hl7.org/fhir/tools/StructureDefinition/resource-information">
        <valueString value="Bundle"/>
      </extension>
      <reference>
        <reference value="Bundle/DDCC-TX-SHE-bundle-example-Arabic"/>
      </reference>
      <name value="DDCC-TX-SHE-bundle-example-Arabic"/>
      <exampleCanonical value="http://worldhealthorganization.github.io/ddcc/StructureDefinition/DDCCSubmitHealthEventRequest"/>
    </resource>
    <resource>
      <extension url="http://hl7.org/fhir/tools/StructureDefinition/resource-information">
        <valueString value="Bundle"/>
      </extension>
      <reference>
        <reference value="Bundle/DDCC-TX-SHE-bundle-example-Chinese"/>
      </reference>
      <name value="DDCC-TX-SHE-bundle-example-Chinese"/>
      <exampleCanonical value="http://worldhealthorganization.github.io/ddcc/StructureDefinition/DDCCSubmitHealthEventRequest"/>
    </resource>
    <resource>
      <extension url="http://hl7.org/fhir/tools/StructureDefinition/resource-information">
        <valueString value="Bundle"/>
      </extension>
      <reference>
        <reference value="Bundle/DDCC-TX-SHE-bundle-example-French"/>
      </reference>
      <name value="DDCC-TX-SHE-bundle-example-French"/>
      <exampleCanonical value="http://worldhealthorganization.github.io/ddcc/StructureDefinition/DDCCSubmitHealthEventRequest"/>
    </resource>
    <resource>
      <extension url="http://hl7.org/fhir/tools/StructureDefinition/resource-information">
        <valueString value="Bundle"/>
      </extension>
      <reference>
        <reference value="Bundle/DDCC-TX-SHE-bundle-example-Russian"/>
      </reference>
      <name value="DDCC-TX-SHE-bundle-example-Russian"/>
      <exampleCanonical value="http://worldhealthorganization.github.io/ddcc/StructureDefinition/DDCCSubmitHealthEventRequest"/>
    </resource>
    <resource>
      <extension url="http://hl7.org/fhir/tools/StructureDefinition/resource-information">
        <valueString value="Bundle"/>
      </extension>
      <reference>
        <reference value="Bundle/DDCC-TX-SHE-bundle-example-Spanish"/>
      </reference>
      <name value="DDCC-TX-SHE-bundle-example-Spanish"/>
      <exampleCanonical value="http://worldhealthorganization.github.io/ddcc/StructureDefinition/DDCCSubmitHealthEventRequest"/>
    </resource>
    <resource>
      <extension url="http://hl7.org/fhir/tools/StructureDefinition/resource-information">
        <valueString value="QuestionnaireResponse"/>
      </extension>
      <reference>
        <reference value="QuestionnaireResponse/DDCC-VS-QuestionnaireResponse-Arabic"/>
      </reference>
      <name value="DDCC-VS-QuestionnaireResponse-Arabic"/>
      <exampleCanonical value="http://worldhealthorganization.github.io/ddcc/StructureDefinition/DDCCQuestionnaireResponse"/>
    </resource>
    <resource>
      <extension url="http://hl7.org/fhir/tools/StructureDefinition/resource-information">
        <valueString value="QuestionnaireResponse"/>
      </extension>
      <reference>
        <reference value="QuestionnaireResponse/DDCC-VS-QuestionnaireResponse-Chinese"/>
      </reference>
      <name value="DDCC-VS-QuestionnaireResponse-Chinese"/>
      <exampleCanonical value="http://worldhealthorganization.github.io/ddcc/StructureDefinition/DDCCQuestionnaireResponse"/>
    </resource>
    <resource>
      <extension url="http://hl7.org/fhir/tools/StructureDefinition/resource-information">
        <valueString value="QuestionnaireResponse"/>
      </extension>
      <reference>
        <reference value="QuestionnaireResponse/DDCC-VS-QuestionnaireResponse-Example"/>
      </reference>
      <name value="DDCC-VS-QuestionnaireResponse-Example"/>
      <exampleCanonical value="http://worldhealthorganization.github.io/ddcc/StructureDefinition/DDCCQuestionnaireResponse"/>
    </resource>
    <resource>
      <extension url="http://hl7.org/fhir/tools/StructureDefinition/resource-information">
        <valueString value="QuestionnaireResponse"/>
      </extension>
      <reference>
        <reference value="QuestionnaireResponse/DDCC-VS-QuestionnaireResponse-French"/>
      </reference>
      <name value="DDCC-VS-QuestionnaireResponse-French"/>
      <exampleCanonical value="http://worldhealthorganization.github.io/ddcc/StructureDefinition/DDCCQuestionnaireResponse"/>
    </resource>
    <resource>
      <extension url="http://hl7.org/fhir/tools/StructureDefinition/resource-information">
        <valueString value="QuestionnaireResponse"/>
      </extension>
      <reference>
        <reference value="QuestionnaireResponse/DDCC-VS-QuestionnaireResponse-Russian"/>
      </reference>
      <name value="DDCC-VS-QuestionnaireResponse-Russian"/>
      <exampleCanonical value="http://worldhealthorganization.github.io/ddcc/StructureDefinition/DDCCQuestionnaireResponse"/>
    </resource>
    <resource>
      <extension url="http://hl7.org/fhir/tools/StructureDefinition/resource-information">
        <valueString value="QuestionnaireResponse"/>
      </extension>
      <reference>
        <reference value="QuestionnaireResponse/DDCC-VS-QuestionnaireResponse-Spanish"/>
      </reference>
      <name value="DDCC-VS-QuestionnaireResponse-Spanish"/>
      <exampleCanonical value="http://worldhealthorganization.github.io/ddcc/StructureDefinition/DDCCQuestionnaireResponse"/>
    </resource>
    <resource>
      <extension url="http://hl7.org/fhir/tools/StructureDefinition/resource-information">
        <valueString value="Questionnaire"/>
      </extension>
      <reference>
        <reference value="Questionnaire/DDCCHCIDRegistrationQuestionnaire"/>
      </reference>
      <name value="DDCCHCIDRegistrationQuestionnaire"/>
      <description value="DDCC HCID Registration Questionnaire"/>
      <exampleBoolean value="false"/>
    </resource>
    <resource>
      <extension url="http://hl7.org/fhir/tools/StructureDefinition/resource-information">
        <valueString value="Questionnaire"/>
      </extension>
      <reference>
        <reference value="Questionnaire/DDCCTRCoreDataSetQuestionnaire"/>
      </reference>
      <name value="DDCCTRCoreDataSetQuestionnaire"/>
      <description value="DDCC Questionnaire for a Test event."/>
      <exampleBoolean value="false"/>
    </resource>
    <resource>
      <extension url="http://hl7.org/fhir/tools/StructureDefinition/resource-information">
        <valueString value="Questionnaire"/>
      </extension>
      <reference>
        <reference value="Questionnaire/DDCCVSCoreDataSetQuestionnaire"/>
      </reference>
      <name value="DDCCVSCoreDataSetQuestionnaire"/>
      <description value="DDCC Questionnaire for an Immunization event."/>
      <exampleBoolean value="false"/>
    </resource>
    <resource>
      <extension url="http://hl7.org/fhir/tools/StructureDefinition/resource-information">
        <valueString value="Bundle"/>
      </extension>
      <reference>
        <reference value="Bundle/Example-Arabic"/>
      </reference>
      <name value="Example-Arabic"/>
      <exampleCanonical value="http://worldhealthorganization.github.io/ddcc/StructureDefinition/DDCCVSDocument"/>
    </resource>
    <resource>
      <extension url="http://hl7.org/fhir/tools/StructureDefinition/resource-information">
        <valueString value="Bundle"/>
      </extension>
      <reference>
        <reference value="Bundle/Example-Chinese"/>
      </reference>
      <name value="Example-Chinese"/>
      <exampleCanonical value="http://worldhealthorganization.github.io/ddcc/StructureDefinition/DDCCVSDocument"/>
    </resource>
    <resource>
      <extension url="http://hl7.org/fhir/tools/StructureDefinition/resource-information">
        <valueString value="Bundle"/>
      </extension>
      <reference>
        <reference value="Bundle/Example-English"/>
      </reference>
      <name value="Example-English"/>
      <exampleCanonical value="http://worldhealthorganization.github.io/ddcc/StructureDefinition/DDCCVSDocument"/>
    </resource>
    <resource>
      <extension url="http://hl7.org/fhir/tools/StructureDefinition/resource-information">
        <valueString value="Bundle"/>
      </extension>
      <reference>
        <reference value="Bundle/Example-French"/>
      </reference>
      <name value="Example-French"/>
      <exampleCanonical value="http://worldhealthorganization.github.io/ddcc/StructureDefinition/DDCCVSDocument"/>
    </resource>
    <resource>
      <extension url="http://hl7.org/fhir/tools/StructureDefinition/resource-information">
        <valueString value="Bundle"/>
      </extension>
      <reference>
        <reference value="Bundle/Example-Russian"/>
      </reference>
      <name value="Example-Russian"/>
      <exampleCanonical value="http://worldhealthorganization.github.io/ddcc/StructureDefinition/DDCCVSDocument"/>
    </resource>
    <resource>
      <extension url="http://hl7.org/fhir/tools/StructureDefinition/resource-information">
        <valueString value="Bundle"/>
      </extension>
      <reference>
        <reference value="Bundle/Example-Spanish"/>
      </reference>
      <name value="Example-Spanish"/>
      <exampleCanonical value="http://worldhealthorganization.github.io/ddcc/StructureDefinition/DDCCVSDocument"/>
    </resource>
    <resource>
      <extension url="http://hl7.org/fhir/tools/StructureDefinition/resource-information">
        <valueString value="ConceptMap"/>
      </extension>
      <reference>
        <reference value="ConceptMap/who-ddcc-map-icd11-icd10-disease-targeted"/>
      </reference>
      <name value="WHO_DDCC_Map_ICD11_to_ICD10_Disease_Targeted"/>
      <description value="Mapping from ICD-11 to ICD-10 for COVID-19 disease."/>
      <exampleBoolean value="false"/>
    </resource>
    <resource>
      <extension url="http://hl7.org/fhir/tools/StructureDefinition/resource-information">
        <valueString value="ConceptMap"/>
      </extension>
      <reference>
        <reference value="ConceptMap/who-ddcc-map-icd11-sct-agent-targeted"/>
      </reference>
      <name value="WHO_DDCC_Map_ICD11_to_SCT_Agent_Targeted"/>
      <description value="Mapping from ICD-11 to SNOMED CT for COVID-19 Agent Targeted"/>
      <exampleBoolean value="false"/>
    </resource>
    <resource>
      <extension url="http://hl7.org/fhir/tools/StructureDefinition/resource-information">
        <valueString value="ConceptMap"/>
      </extension>
      <reference>
        <reference value="ConceptMap/who-ddcc-map-icd11-sct-disease-targeted"/>
      </reference>
      <name value="WHO_DDCC_Map_ICD11_to_SCT_Disease_Targeted"/>
      <description value="Mapping from ICD-11 to SNOMED CT for COVID-19 disease."/>
      <exampleBoolean value="false"/>
    </resource>
    <resource>
      <extension url="http://hl7.org/fhir/tools/StructureDefinition/resource-information">
        <valueString value="ConceptMap"/>
      </extension>
      <reference>
        <reference value="ConceptMap/who-ddcc-map-icd11-sct-vaccines"/>
      </reference>
      <name value="WHO_DDCC_Map_ICD11_to_SCT_Vaccines"/>
      <description value="Mapping from ICD-11 to SNOMED CT for COVID-19 Vaccines"/>
      <exampleBoolean value="false"/>
    </resource>
    <resource>
      <extension url="http://hl7.org/fhir/tools/StructureDefinition/resource-information">
        <valueString value="ConceptMap"/>
      </extension>
      <reference>
        <reference value="ConceptMap/who-ddcc-map-ichi-sct-type-of-test"/>
      </reference>
      <name value="WHO_DDCC_Map_LOINC_to_SCT_Type_of_Test"/>
      <description value="Mapping from LOINC to SNOMED CT for COVID-19 Type of Test"/>
      <exampleBoolean value="false"/>
    </resource>
    <resource>
      <extension url="http://hl7.org/fhir/tools/StructureDefinition/resource-information">
        <valueString value="ConceptMap"/>
      </extension>
      <reference>
        <reference value="ConceptMap/who-ddcc-map-sct-ichi-specimen-origin"/>
      </reference>
      <name value="WHO_DDCC_Map_ICD11_to_SCT_Test_Result"/>
      <description value="Mapping from ICD-11 to SNOMED CT for COVID-19 Test Result"/>
      <exampleBoolean value="false"/>
    </resource>
    <resource>
      <extension url="http://hl7.org/fhir/tools/StructureDefinition/resource-information">
        <valueString value="Bundle"/>
      </extension>
      <reference>
        <reference value="Bundle/IPS-Immunization-Example-Bundle-01"/>
      </reference>
      <name value="IPS-Immunization-Example-Bundle-01"/>
      <exampleBoolean value="false"/>
    </resource>
    <resource>
      <extension url="http://hl7.org/fhir/tools/StructureDefinition/resource-information">
        <valueString value="CapabilityStatement"/>
      </extension>
      <reference>
        <reference value="CapabilityStatement/WHO.DDCC.Generator"/>
      </reference>
      <name value="WHO DDCC Generator"/>
      <description value="CapabilityStatement for WHO DDCC Generator actor."/>
      <exampleBoolean value="false"/>
    </resource>
    <resource>
      <extension url="http://hl7.org/fhir/tools/StructureDefinition/resource-information">
        <valueString value="CapabilityStatement"/>
      </extension>
      <reference>
        <reference value="CapabilityStatement/WHO.DDCC.RegistryService"/>
      </reference>
      <name value="WHO DDCC Registry Service"/>
      <description value="CapabilityStatement for WHO DDCC Registry Service actor."/>
      <exampleBoolean value="false"/>
    </resource>
    <resource>
      <extension url="http://hl7.org/fhir/tools/StructureDefinition/resource-information">
        <valueString value="StructureDefinition:resource"/>
      </extension>
      <reference>
        <reference value="StructureDefinition/Immunization-pre-uv-ips"/>
      </reference>
      <name value="Immunization (IPS)"/>
      <description value="This profile represents the constraints applied to the Immunization resource by the International Patient Summary (IPS) FHIR Implementation Guide. A record of an immunization is represented in the patient summary as an instance of an Immunization resource constrained by this profile.&#xD;&#xA;&#xD;&#xA;It describes the event of a patient being administered a vaccination or a record of a vaccination as reported by a patient, a clinician or another party."/>
      <exampleBoolean value="false"/>
    </resource>
    <resource>
      <extension url="http://hl7.org/fhir/tools/StructureDefinition/resource-information">
        <valueString value="StructureDefinition:resource"/>
      </extension>
      <reference>
        <reference value="StructureDefinition/Patient-pre-uv-ips"/>
      </reference>
      <name value="Patient (IPS)"/>
      <description value="This profile represents the constraints applied to the Patient resource by the International Patient Summary (IPS) FHIR Implementation Guide and describes the minimum expectations for the Patient resource when used in the IPS composition or in one of the referred resources."/>
      <exampleBoolean value="false"/>
    </resource>
    <resource>
      <extension url="http://hl7.org/fhir/tools/StructureDefinition/resource-information">
        <valueString value="StructureDefinition:logical:abstract"/>
      </extension>
      <reference>
        <reference value="StructureDefinition/HC1"/>
      </reference>
      <name value="EU DCC"/>
      <description value="EU Digital Covid Certificate"/>
      <exampleBoolean value="false"/>
    </resource>
    <resource>
      <extension url="http://hl7.org/fhir/tools/StructureDefinition/resource-information">
        <valueString value="StructureDefinition:logical:abstract"/>
      </extension>
      <reference>
        <reference value="StructureDefinition/t"/>
      </reference>
      <name value="Test Group"/>
      <description value="Test Group"/>
      <exampleBoolean value="false"/>
    </resource>
    <resource>
      <extension url="http://hl7.org/fhir/tools/StructureDefinition/resource-information">
        <valueString value="StructureDefinition:logical:abstract"/>
      </extension>
      <reference>
        <reference value="StructureDefinition/v"/>
      </reference>
      <name value="Vaccination Group"/>
      <description value="Vaccination Group"/>
      <exampleBoolean value="false"/>
    </resource>
    <resource>
      <extension url="http://hl7.org/fhir/tools/StructureDefinition/resource-information">
        <valueString value="StructureMap"/>
      </extension>
      <reference>
        <reference value="StructureMap/CoreDataSetLibrary"/>
      </reference>
      <name value="CoreDataSetLibrary"/>
      <exampleBoolean value="false"/>
    </resource>
    <resource>
      <extension url="http://hl7.org/fhir/tools/StructureDefinition/resource-information">
        <valueString value="StructureMap"/>
      </extension>
      <reference>
        <reference value="StructureMap/CoreDataSetVSLibrary"/>
      </reference>
      <name value="CoreDataSetVSLibrary"/>
      <exampleBoolean value="false"/>
    </resource>
    <resource>
      <extension url="http://hl7.org/fhir/tools/StructureDefinition/resource-information">
        <valueString value="StructureMap"/>
      </extension>
      <reference>
        <reference value="StructureMap/CoreDataSetVSToAddBundle"/>
      </reference>
      <name value="CoreDataSetVSToAddBundle"/>
      <exampleBoolean value="false"/>
    </resource>
    <resource>
      <extension url="http://hl7.org/fhir/tools/StructureDefinition/resource-information">
        <valueString value="StructureMap"/>
      </extension>
      <reference>
        <reference value="StructureMap/DDCCtoCoredataset"/>
      </reference>
      <name value="DDCCtoCoredataset"/>
      <exampleBoolean value="false"/>
    </resource>
    <resource>
      <extension url="http://hl7.org/fhir/tools/StructureDefinition/resource-information">
        <valueString value="StructureMap"/>
      </extension>
      <reference>
        <reference value="StructureMap/DDCCtoEUdcc"/>
      </reference>
      <name value="DDCCtoEUdcc"/>
      <exampleBoolean value="false"/>
    </resource>
    <resource>
      <extension url="http://hl7.org/fhir/tools/StructureDefinition/resource-information">
        <valueString value="StructureMap"/>
      </extension>
      <reference>
        <reference value="StructureMap/QRespToVSCoreDataSet"/>
      </reference>
      <name value="QRespToVSCoreDataSet"/>
      <exampleBoolean value="false"/>
    </resource>
    <resource>
      <extension url="http://hl7.org/fhir/tools/StructureDefinition/resource-information">
        <valueString value="StructureMap"/>
      </extension>
      <reference>
        <reference value="StructureMap/ResourcesToCoreDataSet"/>
      </reference>
      <name value="ResourcesToCoreDataSet"/>
      <exampleBoolean value="false"/>
    </resource>
    <resource>
      <extension url="http://hl7.org/fhir/tools/StructureDefinition/resource-information">
        <valueString value="StructureMap"/>
      </extension>
      <reference>
        <reference value="StructureMap/ResourcesToVSCoreDataSet"/>
      </reference>
      <name value="ResourcesToVSCoreDataSet"/>
      <exampleBoolean value="false"/>
    </resource>
    <resource>
      <extension url="http://hl7.org/fhir/tools/StructureDefinition/resource-information">
        <valueString value="StructureMap"/>
      </extension>
      <reference>
        <reference value="StructureMap/svc-map-qr-uvci-bundle"/>
      </reference>
      <name value="svc-map-qr-uvci-bundle"/>
      <exampleBoolean value="false"/>
    </resource>
    <page>
      <nameUrl value="toc.html"/>
      <title value="Table of Contents"/>
      <generation value="html"/>
      <page>
        <nameUrl value="index.html"/>
        <title value="Home"/>
        <generation value="html"/>
      </page>
      <page>
        <nameUrl value="actors.html"/>
        <title value="Actors"/>
        <generation value="html"/>
      </page>
      <page>
        <nameUrl value="background.html"/>
        <title value="Background"/>
        <generation value="html"/>
      </page>
      <page>
        <nameUrl value="changes.html"/>
        <title value="Changes"/>
        <generation value="html"/>
      </page>
      <page>
        <nameUrl value="concepts.html"/>
        <title value="Concepts"/>
        <generation value="html"/>
      </page>
      <page>
        <nameUrl value="content_profiles.html"/>
        <title value="Content Profiles"/>
        <generation value="html"/>
      </page>
      <page>
        <nameUrl value="data_exchange.html"/>
        <title value="Data Exchange"/>
        <generation value="html"/>
      </page>
      <page>
        <nameUrl value="dependencies.html"/>
        <title value="Dependencies"/>
        <generation value="html"/>
      </page>
      <page>
        <nameUrl value="deployment.html"/>
        <title value="Deployment"/>
        <generation value="html"/>
      </page>
      <page>
        <nameUrl value="dictionary.html"/>
        <title value="Dictionary"/>
        <generation value="html"/>
      </page>
      <page>
        <nameUrl value="downloads.html"/>
        <title value="Downloads"/>
        <generation value="html"/>
      </page>
      <page>
        <nameUrl value="expected_actions.html"/>
        <title value="Expected Actions"/>
        <generation value="html"/>
      </page>
      <page>
        <nameUrl value="functional.html"/>
        <title value="Functional"/>
        <generation value="html"/>
      </page>
      <page>
        <nameUrl value="functional_requirements_mapping.html"/>
        <title value="Functional Requirements Mapping"/>
        <generation value="markdown"/>
      </page>
      <page>
        <nameUrl value="maps.html"/>
        <title value="Maps"/>
        <generation value="html"/>
      </page>
      <page>
        <nameUrl value="personas.html"/>
        <title value="Personas"/>
        <generation value="html"/>
      </page>
      <page>
        <nameUrl value="references.html"/>
        <title value="References"/>
        <generation value="html"/>
      </page>
      <page>
        <nameUrl value="requirements.html"/>
        <title value="Requirements"/>
        <generation value="html"/>
      </page>
      <page>
        <nameUrl value="security_privacy.html"/>
        <title value="Security Privacy"/>
        <generation value="html"/>
      </page>
      <page>
        <nameUrl value="testing.html"/>
        <title value="Testing"/>
        <generation value="html"/>
      </page>
      <page>
        <nameUrl value="transactions.html"/>
        <title value="Transactions"/>
        <generation value="html"/>
      </page>
      <page>
        <nameUrl value="usecases.html"/>
        <title value="Usecases"/>
        <generation value="html"/>
      </page>
      <page>
        <nameUrl value="workflows.html"/>
        <title value="Workflows"/>
        <generation value="html"/>
      </page>
    </page>
    <parameter>
      <code value="path-resource"/>
      <value value="input/capabilities"/>
    </parameter>
    <parameter>
      <code value="path-resource"/>
      <value value="input/examples"/>
    </parameter>
    <parameter>
      <code value="path-resource"/>
      <value value="input/extensions"/>
    </parameter>
    <parameter>
      <code value="path-resource"/>
      <value value="input/models"/>
    </parameter>
    <parameter>
      <code value="path-resource"/>
      <value value="input/operations"/>
    </parameter>
    <parameter>
      <code value="path-resource"/>
      <value value="input/profiles"/>
    </parameter>
    <parameter>
      <code value="path-resource"/>
      <value value="input/resources"/>
    </parameter>
    <parameter>
      <code value="path-resource"/>
      <value value="input/vocabulary"/>
    </parameter>
    <parameter>
      <code value="path-resource"/>
      <value value="input/maps"/>
    </parameter>
    <parameter>
      <code value="path-resource"/>
      <value value="input/testing"/>
    </parameter>
    <parameter>
      <code value="path-resource"/>
      <value value="input/history"/>
    </parameter>
    <parameter>
      <code value="path-resource"/>
      <value value="fsh-generated/resources"/>
    </parameter>
    <parameter>
      <code value="path-pages"/>
      <value value="template/config"/>
    </parameter>
    <parameter>
      <code value="path-pages"/>
      <value value="input/images"/>
    </parameter>
    <parameter>
      <code value="path-tx-cache"/>
      <value value="input-cache/txcache"/>
    </parameter>
  </definition>
</ImplementationGuide>