"Path","Slice Name","Alias(s)","Label","Min","Max","Must Support?","Is Modifier?","Is Summary?","Type(s)","Short","Definition","Comments","Requirements","Default Value","Meaning When Missing","Fixed Value","Pattern","Example","Minimum Value","Maximum Value","Maximum Length","Binding Strength","Binding Description","Binding Value Set","Code","Slicing Discriminator","Slicing Description","Slicing Ordered","Slicing Rules","Base Path","Base Min","Base Max","Condition(s)","Constraint(s)","Mapping: WHO Digital Documentation of COVID Certificates"
"DDCCCoreDataSet","","","",0,*,"","","","","DDCC Core Data Set Logical Model","Data elements for the DDCC Core Data Set.","","","","","","","","","",,,,,"",,,,"Base",0,*,"",""
"DDCCCoreDataSet.name","","","",1,1,"","","Y","string {[]} {[]}
","Name","The full name of the vaccinated person.","","","","","","","","","",,,,,"",,,,"DDCCCoreDataSet.name",1,1,"","","Patient.name.text"
"DDCCCoreDataSet.birthDate","","","",0,1,"","","Y","date {[]} {[]}
","Date of birth","The vaccinated person's date of birth (DOB) if known. If unknown, use given DOB for administrative purposes","","","","","","","","","",,,,,"",,,,"DDCCCoreDataSet.birthDate",0,1,"","","Patient.birthDate"
"DDCCCoreDataSet.identifier","","","",0,1,"","","Y","Identifier {[]} {[]}
","Unique identifier","Unique identifier for the vaccinated person, according to the policies applicable to each country. There can be more than one unique identifier used to link records. (e.g. national ID, health ID, immunization information system ID, medical record ID).","","","","","","","","","",,,,,"",,,,"DDCCCoreDataSet.identifier",0,1,"","","Patient.identifier"
"DDCCCoreDataSet.sex","","","",0,1,"","","Y","code {[]} {[]}
","Sex","Documentation of a specific instance of sex information for the vaccinated person.","","","","","","","","","",,"required","","http://hl7.org/fhir/ValueSet/administrative-gender","",,,,"DDCCCoreDataSet.sex",0,1,"","","Patient.gender"
"DDCCCoreDataSet.certificate","","","",0,1,"","","Y","BackboneElement {[]} {[]}
","Certificate Metadata","Metadata associated with the certificate","","","","","","","","","",,,,,"",,,,"DDCCCoreDataSet.certificate",0,1,"",""
"DDCCCoreDataSet.certificate.issuer","","","",1,1,"","","Y","Reference {[]} {[CanonicalType[http://worldhealthorganization.github.io/ddcc/StructureDefinition/DDCCOrganization]]}
","Certificate issuer","Certificate issuer.","","","","","","","","","",,,,,"",,,,"DDCCCoreDataSet.certificate.issuer",1,1,"",""
"DDCCCoreDataSet.certificate.hcid","","","",1,1,"","","Y","Identifier {[]} {[]}
","Health certificate identifier (HCID)","Health certificate identifier (HCID).","","","","","","","","","",,,,,"",,,,"DDCCCoreDataSet.certificate.hcid",1,1,"",""
"DDCCCoreDataSet.certificate.version","","","",1,1,"","","Y","string {[]} {[]}
","Certificate schema version","Certificate schema version","","","","","","","","","",,,,,"",,,,"DDCCCoreDataSet.certificate.version",1,1,"",""
"DDCCCoreDataSet.certificate.period","","","",0,1,"","","","Period {[]} {[]}
","Certificate Validity Period","Certificate validity period.","","","","","","","","","",,,,,"",,,,"DDCCCoreDataSet.certificate.period",0,1,"",""
"DDCCCoreDataSet.certificate.period.start","","","",0,1,"","","","date {[]} {[]}
","Certificate valid from","Start date of certificate validity.","","","","","","","","","",,,,,"",,,,"DDCCCoreDataSet.certificate.period.start",0,1,"",""
"DDCCCoreDataSet.certificate.period.end","","","",0,1,"","","","date {[]} {[]}
","Certificate valid until","End date of certificate validity.","","","","","","","","","",,,,,"",,,,"DDCCCoreDataSet.certificate.period.end",0,1,"",""
