{"resourceType":"StructureMap","id":"SHCToCoreDataSetVS","meta":{"versionId":"5","lastUpdated":"2021-12-29T00:46:08.706+00:00"},"text":{"status":"generated","div":"<div xmlns=\"http://www.w3.org/1999/xhtml\"><pre>map &quot;http://worldhealthorganization.github.io/ddcc/StructureMap/SHCToCoreDataSetVS&quot; = &quot;SHCToCoreDataSetVS&quot;\r\n\r\n\r\nuses &quot;http://hl7.org/fhir/uv/shc-vaccination/StructureDefinition/shc-vaccination-bundle-dm&quot; alias SHCVaccinationBundleDM as source\r\nuses &quot;http://hl7.org/fhir/uv/shc-vaccination/StructureDefinition/shc-patient-general-dm&quot; alias SHCPatientDM as source\r\nuses &quot;http://hl7.org/fhir/uv/shc-vaccination/StructureDefinition/shc-vaccination-dm&quot; alias SHCImmunizationDM as source\r\nuses &quot;http://worldhealthorganization.github.io/ddcc/StructureDefinition/DDCCCoreDataSet.VS&quot; alias DDCCVS as target\r\n\r\ngroup SHCToVS(source shc : SHCVaccinationBundleDM, target ddcc : DDCCVS) {\r\n  shc.entry as patientEntrySHC then {\r\n    patientEntrySHC.resource : Patient first as patientSHC then {\r\n      patientSHC then PatientToDDCC(patientSHC, ddcc) &quot;Patient resource&quot;;\r\n      shc.entry as immunizationEntrySHC then {\r\n        immunizationEntrySHC.resource : Immunization as immunizationSHC -&gt; ddcc.vaccination as vaccination then ImmunizationToDDCC(immunizationSHC, vaccination) &quot;Immunization resource&quot;;\r\n      } &quot;Immunization entry&quot;;\r\n    } &quot;Patient entry&quot;;\r\n  } &quot;map patient&quot;;\r\n}\r\n\r\ngroup PatientToDDCC(source patient : SHCPatientDM, target tgt : DDCCVS) {\r\n  patient.name as name then {\r\n    name.text as text -&gt; tgt.name = text &quot;set name&quot;;\r\n  } &quot;set full name&quot;;\r\n  patient.birthDate as birthDate -&gt; tgt.birthDate = birthDate &quot;set birthDate&quot;;\r\n}\r\n\r\ngroup ImmunizationToDDCC(source immunization : SHCImmunizationDM, target vaccination) {\r\n  immunization.vaccineCode as vaccineCode -&gt; vaccination.vaccine = vaccineCode &quot;set vaccine&quot;;\r\n  immunization.manufacturer as tman then {\r\n    tman.identifier as ident -&gt; vaccination.manufacturer as manufacturer then {\r\n      ident.system as system -&gt; manufacturer.system = system &quot;set system&quot;;\r\n      ident.value as value -&gt; manufacturer.code = value &quot;set value&quot;;\r\n    } &quot;set manufacturer&quot;;\r\n  };\r\n  immunization.lotNumber as lot -&gt; vaccination.lot = lot &quot;set lot&quot;;\r\n  immunization.occurrence as date -&gt; vaccination.date = date &quot;set date&quot;;\r\n  immunization.performer as performer then {\r\n    performer.actor as actor then {\r\n      actor.display as centre -&gt; vaccination.centre = centre &quot;set centre&quot;;\r\n    };\r\n  };\r\n}\r\n\r\n</pre></div>"},"url":"http://worldhealthorganization.github.io/ddcc/StructureMap/SHCToCoreDataSetVS","version":"1.0.0","name":"SHCToCoreDataSetVS","status":"draft","date":"2022-05-27T14:27:29+00:00","publisher":"WHO","contact":[{"name":"WHO","telecom":[{"system":"url","value":"http://who.int"}]}],"jurisdiction":[{"coding":[{"system":"http://unstats.un.org/unsd/methods/m49/m49.htm","code":"001"}]}],"structure":[{"url":"http://hl7.org/fhir/uv/shc-vaccination/StructureDefinition/shc-vaccination-bundle-dm","mode":"source","alias":"SHCVaccinationBundleDM"},{"url":"http://hl7.org/fhir/uv/shc-vaccination/StructureDefinition/shc-patient-general-dm","mode":"source","alias":"SHCPatientDM"},{"url":"http://hl7.org/fhir/uv/shc-vaccination/StructureDefinition/shc-vaccination-dm","mode":"source","alias":"SHCImmunizationDM"},{"url":"http://worldhealthorganization.github.io/ddcc/StructureDefinition/DDCCCoreDataSet.VS","mode":"target","alias":"DDCCVS"}],"group":[{"name":"SHCToVS","typeMode":"none","input":[{"name":"shc","type":"SHCVaccinationBundleDM","mode":"source"},{"name":"ddcc","type":"DDCCVS","mode":"target"}],"rule":[{"name":"map patient","source":[{"context":"shc","element":"entry","variable":"patientEntrySHC"}],"rule":[{"name":"Patient entry","source":[{"context":"patientEntrySHC","type":"Patient","element":"resource","listMode":"first","variable":"patientSHC"}],"rule":[{"name":"Patient resource","source":[{"context":"patientSHC"}],"dependent":[{"name":"PatientToDDCC","variable":["patientSHC","ddcc"],"_variable":[{"extension":[{"url":"http://hl7.org/fhir/tools/StructureDefinition/original-item-type","valueUrl":"id"}]},{"extension":[{"url":"http://hl7.org/fhir/tools/StructureDefinition/original-item-type","valueUrl":"id"}]}]}]},{"name":"Immunization entry","source":[{"context":"shc","element":"entry","variable":"immunizationEntrySHC"}],"rule":[{"name":"Immunization resource","source":[{"context":"immunizationEntrySHC","type":"Immunization","element":"resource","variable":"immunizationSHC"}],"target":[{"context":"ddcc","contextType":"variable","element":"vaccination","variable":"vaccination"}],"dependent":[{"name":"ImmunizationToDDCC","variable":["immunizationSHC","vaccination"],"_variable":[{"extension":[{"url":"http://hl7.org/fhir/tools/StructureDefinition/original-item-type","valueUrl":"id"}]},{"extension":[{"url":"http://hl7.org/fhir/tools/StructureDefinition/original-item-type","valueUrl":"id"}]}]}]}]}]}]}]},{"name":"PatientToDDCC","typeMode":"none","input":[{"name":"patient","type":"SHCPatientDM","mode":"source"},{"name":"tgt","type":"DDCCVS","mode":"target"}],"rule":[{"name":"set full name","source":[{"context":"patient","element":"name","variable":"name"}],"rule":[{"name":"set name","source":[{"context":"name","element":"text","variable":"text"}],"target":[{"context":"tgt","contextType":"variable","element":"name","transform":"copy","parameter":[{"valueId":"text"}]}]}]},{"name":"set birthDate","source":[{"context":"patient","element":"birthDate","variable":"birthDate"}],"target":[{"context":"tgt","contextType":"variable","element":"birthDate","transform":"copy","parameter":[{"valueId":"birthDate"}]}]}]},{"name":"ImmunizationToDDCC","typeMode":"none","input":[{"name":"immunization","type":"SHCImmunizationDM","mode":"source"},{"name":"vaccination","mode":"target"}],"rule":[{"name":"set vaccine","source":[{"context":"immunization","element":"vaccineCode","variable":"vaccineCode"}],"target":[{"context":"vaccination","contextType":"variable","element":"vaccine","transform":"copy","parameter":[{"valueId":"vaccineCode"}]}]},{"name":"manufacturer","source":[{"context":"immunization","element":"manufacturer","variable":"tman"}],"rule":[{"name":"set manufacturer","source":[{"context":"tman","element":"identifier","variable":"ident"}],"target":[{"context":"vaccination","contextType":"variable","element":"manufacturer","variable":"manufacturer"}],"rule":[{"name":"set system","source":[{"context":"ident","element":"system","variable":"system"}],"target":[{"context":"manufacturer","contextType":"variable","element":"system","transform":"copy","parameter":[{"valueId":"system"}]}]},{"name":"set value","source":[{"context":"ident","element":"value","variable":"value"}],"target":[{"context":"manufacturer","contextType":"variable","element":"code","transform":"copy","parameter":[{"valueId":"value"}]}]}]}]},{"name":"set lot","source":[{"context":"immunization","element":"lotNumber","variable":"lot"}],"target":[{"context":"vaccination","contextType":"variable","element":"lot","transform":"copy","parameter":[{"valueId":"lot"}]}]},{"name":"set date","source":[{"context":"immunization","element":"occurrence","variable":"date"}],"target":[{"context":"vaccination","contextType":"variable","element":"date","transform":"copy","parameter":[{"valueId":"date"}]}]},{"name":"performer","source":[{"context":"immunization","element":"performer","variable":"performer"}],"rule":[{"name":"actor","source":[{"context":"performer","element":"actor","variable":"actor"}],"rule":[{"name":"set centre","source":[{"context":"actor","element":"display","variable":"centre"}],"target":[{"context":"vaccination","contextType":"variable","element":"centre","transform":"copy","parameter":[{"valueId":"centre"}]}]}]}]}]}]}