{"resourceType":"ValueSet","id":"who-ddcc-sample-origin-covid-19","text":{"status":"generated","div":"<div xmlns=\"http://www.w3.org/1999/xhtml\"><ul><li>Include these codes as defined in <code>http://id.who.int/icd/entity</code><table class=\"none\"><tr><td style=\"white-space:nowrap\"><b>Code</b></td><td><b>Display</b></td></tr><tr><td>50872817</td><td>Nasopharyngeal swab</td></tr><tr><td>555916027</td><td>Oropharyngeal swab</td></tr><tr><td>608172011</td><td>Swab from nasal sinus</td></tr><tr><td>1162766848</td><td>Saliva specimen</td></tr><tr><td>1695591348</td><td>Blood specimen</td></tr></table></li></ul></div>"},"url":"http://worldhealthorganization.github.io/ddcc/ValueSet/who-ddcc-sample-origin-covid-19","version":"1.0.0","name":"WHO_DDCC_Sample_Origin_COVID_19","title":"WHO Speciman Sample Origin (COVID-19)","status":"draft","date":"2022-03-29T01:33:50+00:00","publisher":"WHO","contact":[{"name":"WHO","telecom":[{"system":"url","value":"http://who.int"}]}],"description":"WHO Speciman Sample Origin List (COVID-19)","jurisdiction":[{"coding":[{"system":"http://unstats.un.org/unsd/methods/m49/m49.htm","code":"001"}]}],"compose":{"include":[{"system":"http://id.who.int/icd/entity","concept":[{"code":"50872817","display":"Nasopharyngeal swab"},{"code":"555916027","display":"Oropharyngeal swab"},{"code":"608172011","display":"Swab from nasal sinus"},{"code":"1162766848","display":"Saliva specimen"},{"code":"1695591348","display":"Blood specimen"}]}]}}