{"resourceType":"ValueSet","id":"ICAOVaccineListV1","text":{"status":"generated","div":"<div xmlns=\"http://www.w3.org/1999/xhtml\"><ul><li>Include all codes defined in <a href=\"CodeSystem-ICAOVaccineListV1.html\"><code>http://worldhealthorganization.github.io/ddcc/ICAOV1</code></a></li></ul></div>"},"url":"http://worldhealthorganization.github.io/ddcc/ValueSet/ICAOVaccineListV1","version":"1.0.0","name":"ICAOV1_ValueSet","title":"DDCC Codes for ICAO Vaccines","status":"draft","date":"2023-01-09T00:16:31+00:00","publisher":"WHO","contact":[{"name":"WHO","telecom":[{"system":"url","value":"http://who.int"}]}],"description":"ICAO vaccines codes for DDCC so the FHIR server can perform expansions.","jurisdiction":[{"coding":[{"system":"http://unstats.un.org/unsd/methods/m49/m49.htm","code":"001"}]}],"compose":{"include":[{"system":"http://worldhealthorganization.github.io/ddcc/ICAOV1"}]}}