<?xml version="1.0" encoding="UTF-8"?>

<ValueSet xmlns="http://hl7.org/fhir">
  <id value="DDCC-Device-Property-ValueSet"/>
  <text>
    <status value="generated"/><div xmlns="http://www.w3.org/1999/xhtml"><ul><li>Include all codes defined in <a href="CodeSystem-DDCC-Device-Property-CodeSystem.html"><code>http://worldhealthorganization.github.io/ddcc/CodeSystem/DDCC-Device-Property-CodeSystem</code></a></li></ul></div>
  </text>
  <url value="http://worldhealthorganization.github.io/ddcc/ValueSet/DDCC-Device-Property-ValueSet"/>
  <version value="0.3.1"/>
  <name value="DDCC_Device_Property_ValueSet"/>
  <title value="DDCC Device Property Codes"/>
  <status value="active"/>
  <date value="2022-01-24T15:52:44+00:00"/>
  <publisher value="WHO"/>
  <contact>
    <name value="WHO"/>
    <telecom>
      <system value="url"/>
      <value value="http://who.int"/>
    </telecom>
  </contact>
  <description value="Properties of DDCC devices"/>
  <jurisdiction>
    <coding>
      <system value="http://unstats.un.org/unsd/methods/m49/m49.htm"/>
      <code value="001"/>
    </coding>
  </jurisdiction>
  <compose>
    <include>
      <system value="http://worldhealthorganization.github.io/ddcc/CodeSystem/DDCC-Device-Property-CodeSystem"/>
    </include>
  </compose>
</ValueSet>