<?xml version="1.0" encoding="UTF-8"?><CodeSystem xmlns="http://hl7.org/fhir"><id value="DDCC-Composition-Category-CodeSystem"/><text><status value="generated"/><div xmlns="http://www.w3.org/1999/xhtml"><p>This code system http://worldhealthorganization.github.io/ddcc/CodeSystem/DDCC-Composition-Category-CodeSystem defines the following codes:</p><table class="codes"><tr><td style="white-space:nowrap"><b>Code</b></td><td><b>Display</b></td></tr><tr><td style="white-space:nowrap">ddcc-vs<a name="DDCC-Composition-Category-CodeSystem-ddcc-vs"> </a></td><td>DDCC:VS</td></tr><tr><td style="white-space:nowrap">ddcc-tr<a name="DDCC-Composition-Category-CodeSystem-ddcc-tr"> </a></td><td>DDCC:TR</td></tr></table></div></text><url value="http://worldhealthorganization.github.io/ddcc/CodeSystem/DDCC-Composition-Category-CodeSystem"/><version value="1.0.0"/><name value="DDCC_Composition_Category_CodeSystem"/><title value="DDCC Composition Category Codes"/><status value="active"/><date value="2022-03-28T14:06:51+00:00"/><publisher value="WHO"/><contact><name value="WHO"/><telecom><system value="url"/><value value="http://who.int"/></telecom></contact><description value="Possible categories available for composition."/><jurisdiction><coding><system value="http://unstats.un.org/unsd/methods/m49/m49.htm"/><code value="001"/></coding></jurisdiction><content value="complete"/><count value="2"/><concept><code value="ddcc-vs"/><display value="DDCC:VS"/></concept><concept><code value="ddcc-tr"/><display value="DDCC:TR"/></concept></CodeSystem>