<?xml version="1.0" encoding="UTF-8"?><CodeSystem xmlns="http://hl7.org/fhir"><id value="DDCC-Device-Property-CodeSystem"/><text><status value="generated"/><div xmlns="http://www.w3.org/1999/xhtml"><p>This code system http://worldhealthorganization.github.io/ddcc/CodeSystem/DDCC-Device-Property-CodeSystem defines the following codes:</p><table class="codes"><tr><td style="white-space:nowrap"><b>Code</b></td><td><b>Display</b></td></tr><tr><td style="white-space:nowrap">pathogen<a name="DDCC-Device-Property-CodeSystem-pathogen"> </a></td><td>Pathogen Targeted</td></tr><tr><td style="white-space:nowrap">brand<a name="DDCC-Device-Property-CodeSystem-brand"> </a></td><td>Test Brand</td></tr></table></div></text><url value="http://worldhealthorganization.github.io/ddcc/CodeSystem/DDCC-Device-Property-CodeSystem"/><version value="1.0.0"/><name value="DDCC_Device_Property_CodeSystem"/><title value="DDCC Device Property Codes"/><status value="active"/><date value="2022-03-24T20:26:37+00:00"/><publisher value="WHO"/><contact><name value="WHO"/><telecom><system value="url"/><value value="http://who.int"/></telecom></contact><description value="Possible properties available for devices."/><jurisdiction><coding><system value="http://unstats.un.org/unsd/methods/m49/m49.htm"/><code value="001"/></coding></jurisdiction><content value="complete"/><count value="2"/><concept><code value="pathogen"/><display value="Pathogen Targeted"/></concept><concept><code value="brand"/><display value="Test Brand"/></concept></CodeSystem>