<?xml version="1.0" encoding="UTF-8"?><ValueSet xmlns="http://hl7.org/fhir"><id value="who-ddcc-allowed-vaccines-covid-19"/><text><status value="generated"/><div xmlns="http://www.w3.org/1999/xhtml"><p>This value set includes codes based on the following rules:</p><ul><li>Import all the codes that are contained in <a href="ValueSet-who-ddcc-vaccines-covid-19.html">http://worldhealthorganization.github.io/ddcc/ValueSet/who-ddcc-vaccines-covid-19</a></li><li>Include these codes as defined in <a href="http://terminology.hl7.org/4.0.0/CodeSystem-CVX.html"><code>http://hl7.org/fhir/sid/cvx</code></a><table class="none"><tr><td style="white-space:nowrap"><b>Code</b></td><td><b>Display</b></td></tr><tr><td>208</td><td>SARS-COV-2 (COVID-19) vaccine, mRNA, spike protein, LNP, preservative free, 30 mcg/0.3mL dose</td></tr></table></li></ul></div></text><url value="http://worldhealthorganization.github.io/ddcc/ValueSet/who-ddcc-allowed-vaccines-covid-19"/><version value="1.0.0"/><name value="WHO_DDCC_Allowed_Vaccines_COVID_19"/><title value="WHO DDCC Allowed Vaccine List (COVID-19)"/><status value="draft"/><date value="2022-11-30T13:59:42+00:00"/><publisher value="WHO"/><contact><name value="WHO"/><telecom><system value="url"/><value value="http://who.int"/></telecom></contact><description value="WHO DDCC Allowed Vaccine List (COVID-19) for importing from other valuesets.  Any not&#xA;in who-ddcc-vaccines-covid-19 should be included in the ConceptMap so it can be&#xA;translated into an ICD-11 code."/><jurisdiction><coding><system value="http://unstats.un.org/unsd/methods/m49/m49.htm"/><code value="001"/></coding></jurisdiction><compose><include><valueSet value="http://worldhealthorganization.github.io/ddcc/ValueSet/who-ddcc-vaccines-covid-19"/></include><include><system value="http://hl7.org/fhir/sid/cvx"/><concept><code value="208"/></concept></include></compose></ValueSet>