<?xml version="1.0" encoding="UTF-8"?><ValueSet xmlns="http://hl7.org/fhir"><id value="who-ddcc-vaccines-covid-19"/><text><status value="generated"/><div xmlns="http://www.w3.org/1999/xhtml"><ul><li>Include these codes as defined in <a href="CodeSystem-DDCC-ICD11-CodeSystem.html"><code>http://id.who.int/icd11/mms</code></a><table class="none"><tr><td style="white-space:nowrap"><b>Code</b></td><td><b>Display</b></td></tr><tr><td><a href="CodeSystem-DDCC-ICD11-CodeSystem.html#DDCC-ICD11-CodeSystem-XM68M6">XM68M6</a></td><td>COVID-19 vaccine</td></tr><tr><td><a href="CodeSystem-DDCC-ICD11-CodeSystem.html#DDCC-ICD11-CodeSystem-XM1NL1">XM1NL1</a></td><td>COVID-19 vaccine, inactivated virus</td></tr><tr><td><a href="CodeSystem-DDCC-ICD11-CodeSystem.html#DDCC-ICD11-CodeSystem-XM7HT3">XM7HT3</a></td><td>CoronaVac®</td></tr><tr><td><a href="CodeSystem-DDCC-ICD11-CodeSystem.html#DDCC-ICD11-CodeSystem-XM8866">XM8866</a></td><td>BBIBP-CorV</td></tr><tr><td><a href="CodeSystem-DDCC-ICD11-CodeSystem.html#DDCC-ICD11-CodeSystem-XM9TQ1">XM9TQ1</a></td><td>KCONVAC</td></tr><tr><td><a href="CodeSystem-DDCC-ICD11-CodeSystem.html#DDCC-ICD11-CodeSystem-XM1G90">XM1G90</a></td><td>Covaxin</td></tr><tr><td><a href="CodeSystem-DDCC-ICD11-CodeSystem.html#DDCC-ICD11-CodeSystem-XM85P5">XM85P5</a></td><td>Covi-Vac</td></tr><tr><td><a href="CodeSystem-DDCC-ICD11-CodeSystem.html#DDCC-ICD11-CodeSystem-XM9FQ7">XM9FQ7</a></td><td>Hayat-Vax</td></tr><tr><td><a href="CodeSystem-DDCC-ICD11-CodeSystem.html#DDCC-ICD11-CodeSystem-XM97N6">XM97N6</a></td><td>QazVac</td></tr><tr><td><a href="CodeSystem-DDCC-ICD11-CodeSystem.html#DDCC-ICD11-CodeSystem-XM2YG8">XM2YG8</a></td><td>COVIran Barakat</td></tr><tr><td><a href="CodeSystem-DDCC-ICD11-CodeSystem.html#DDCC-ICD11-CodeSystem-XM3U61">XM3U61</a></td><td>Inactivated SARS-CoV-2 vaccine</td></tr><tr><td><a href="CodeSystem-DDCC-ICD11-CodeSystem.html#DDCC-ICD11-CodeSystem-XM5DF6">XM5DF6</a></td><td>COVID-19 vaccine, live attenuated virus</td></tr><tr><td><a href="CodeSystem-DDCC-ICD11-CodeSystem.html#DDCC-ICD11-CodeSystem-XM9QW8">XM9QW8</a></td><td>COVID-19 vaccine, non-replicating viral vector</td></tr><tr><td><a href="CodeSystem-DDCC-ICD11-CodeSystem.html#DDCC-ICD11-CodeSystem-XM4YL8">XM4YL8</a></td><td>COVID-19 Vaccine AstraZeneca</td></tr><tr><td><a href="CodeSystem-DDCC-ICD11-CodeSystem.html#DDCC-ICD11-CodeSystem-XM97T2">XM97T2</a></td><td>Covishield®</td></tr><tr><td><a href="CodeSystem-DDCC-ICD11-CodeSystem.html#DDCC-ICD11-CodeSystem-XM6QV1">XM6QV1</a></td><td>COVID-19 Vaccine Janssen</td></tr><tr><td><a href="CodeSystem-DDCC-ICD11-CodeSystem.html#DDCC-ICD11-CodeSystem-XM1AG7">XM1AG7</a></td><td>Convidecia</td></tr><tr><td><a href="CodeSystem-DDCC-ICD11-CodeSystem.html#DDCC-ICD11-CodeSystem-XM5ZJ4">XM5ZJ4</a></td><td>Gam-Covid-Vac</td></tr><tr><td><a href="CodeSystem-DDCC-ICD11-CodeSystem.html#DDCC-ICD11-CodeSystem-XM5QM6">XM5QM6</a></td><td>Sputnik-Light</td></tr><tr><td><a href="CodeSystem-DDCC-ICD11-CodeSystem.html#DDCC-ICD11-CodeSystem-XM0CX4">XM0CX4</a></td><td>COVID-19 vaccine, replicating viral vector</td></tr><tr><td><a href="CodeSystem-DDCC-ICD11-CodeSystem.html#DDCC-ICD11-CodeSystem-XM5JC5">XM5JC5</a></td><td>COVID-19 vaccine, virus protein subunit</td></tr><tr><td><a href="CodeSystem-DDCC-ICD11-CodeSystem.html#DDCC-ICD11-CodeSystem-XM3CT4">XM3CT4</a></td><td>Recombinant SARS-CoV-2 vaccine</td></tr><tr><td><a href="CodeSystem-DDCC-ICD11-CodeSystem.html#DDCC-ICD11-CodeSystem-XM3PG0">XM3PG0</a></td><td>Soberana-02</td></tr><tr><td><a href="CodeSystem-DDCC-ICD11-CodeSystem.html#DDCC-ICD11-CodeSystem-XM4EC8">XM4EC8</a></td><td>MVC-COV1901</td></tr><tr><td><a href="CodeSystem-DDCC-ICD11-CodeSystem.html#DDCC-ICD11-CodeSystem-XM6SZ8">XM6SZ8</a></td><td>EpiVacCorona</td></tr><tr><td><a href="CodeSystem-DDCC-ICD11-CodeSystem.html#DDCC-ICD11-CodeSystem-XM1J92">XM1J92</a></td><td>COVID-19 vaccine, virus like particle (VLP)</td></tr><tr><td><a href="CodeSystem-DDCC-ICD11-CodeSystem.html#DDCC-ICD11-CodeSystem-XM6AT1">XM6AT1</a></td><td>COVID-19 vaccine, DNA based</td></tr><tr><td><a href="CodeSystem-DDCC-ICD11-CodeSystem.html#DDCC-ICD11-CodeSystem-XM52P3">XM52P3</a></td><td>ZyCov-D</td></tr><tr><td><a href="CodeSystem-DDCC-ICD11-CodeSystem.html#DDCC-ICD11-CodeSystem-XM0GQ8">XM0GQ8</a></td><td>COVID-19 vaccine, RNA based</td></tr><tr><td><a href="CodeSystem-DDCC-ICD11-CodeSystem.html#DDCC-ICD11-CodeSystem-XM8NQ0">XM8NQ0</a></td><td>Comirnaty®</td></tr><tr><td><a href="CodeSystem-DDCC-ICD11-CodeSystem.html#DDCC-ICD11-CodeSystem-XM3DT5">XM3DT5</a></td><td>COVID-19 Vaccine Moderna</td></tr></table></li></ul></div></text><url value="http://worldhealthorganization.github.io/ddcc/ValueSet/who-ddcc-vaccines-covid-19"/><version value="1.0.0"/><name value="WHO_DDCC_Vaccines_COVID_19"/><title value="WHO Vaccine List (COVID-19)"/><status value="draft"/><date value="2022-11-23T11:20:15+00:00"/><publisher value="WHO"/><contact><name value="WHO"/><telecom><system value="url"/><value value="http://who.int"/></telecom></contact><description value="WHO Vaccine List (COVID-19) from [ICD 11](https://icd.who.int/browse11)"/><jurisdiction><coding><system value="http://unstats.un.org/unsd/methods/m49/m49.htm"/><code value="001"/></coding></jurisdiction><compose><include><system value="http://id.who.int/icd11/mms"/><concept><code value="XM68M6"/><display value="COVID-19 vaccine"/></concept><concept><code value="XM1NL1"/><display value="COVID-19 vaccine, inactivated virus"/></concept><concept><code value="XM7HT3"/><display value="CoronaVac®"/></concept><concept><code value="XM8866"/><display value="BBIBP-CorV"/></concept><concept><code value="XM9TQ1"/><display value="KCONVAC"/></concept><concept><code value="XM1G90"/><display value="Covaxin"/></concept><concept><code value="XM85P5"/><display value="Covi-Vac"/></concept><concept><code value="XM9FQ7"/><display value="Hayat-Vax"/></concept><concept><code value="XM97N6"/><display value="QazVac"/></concept><concept><code value="XM2YG8"/><display value="COVIran Barakat"/></concept><concept><code value="XM3U61"/><display value="Inactivated SARS-CoV-2 vaccine"/></concept><concept><code value="XM5DF6"/><display value="COVID-19 vaccine, live attenuated virus"/></concept><concept><code value="XM9QW8"/><display value="COVID-19 vaccine, non-replicating viral vector"/></concept><concept><code value="XM4YL8"/><display value="COVID-19 Vaccine AstraZeneca"/></concept><concept><code value="XM97T2"/><display value="Covishield®"/></concept><concept><code value="XM6QV1"/><display value="COVID-19 Vaccine Janssen"/></concept><concept><code value="XM1AG7"/><display value="Convidecia"/></concept><concept><code value="XM5ZJ4"/><display value="Gam-Covid-Vac"/></concept><concept><code value="XM5QM6"/><display value="Sputnik-Light"/></concept><concept><code value="XM0CX4"/><display value="COVID-19 vaccine, replicating viral vector"/></concept><concept><code value="XM5JC5"/><display value="COVID-19 vaccine, virus protein subunit"/></concept><concept><code value="XM3CT4"/><display value="Recombinant SARS-CoV-2 vaccine"/></concept><concept><code value="XM3PG0"/><display value="Soberana-02"/></concept><concept><code value="XM4EC8"/><display value="MVC-COV1901"/></concept><concept><code value="XM6SZ8"/><display value="EpiVacCorona"/></concept><concept><code value="XM1J92"/><display value="COVID-19 vaccine, virus like particle (VLP)"/></concept><concept><code value="XM6AT1"/><display value="COVID-19 vaccine, DNA based"/></concept><concept><code value="XM52P3"/><display value="ZyCov-D"/></concept><concept><code value="XM0GQ8"/><display value="COVID-19 vaccine, RNA based"/></concept><concept><code value="XM8NQ0"/><display value="Comirnaty®"/></concept><concept><code value="XM3DT5"/><display value="COVID-19 Vaccine Moderna"/></concept></include></compose></ValueSet>