{
  "resourceType": "ConceptMap",
  "id": "who-ddcc-map-icd11-sct-vaccines",
  "text": {
    "status": "extensions",
    "div": "<div xmlns=\"http://www.w3.org/1999/xhtml\"><h2>ICD11_SNOMED_CT_COVID19_vaccines (http://worldhealthorganization.github.io/ddcc/ConceptMap/WHO_DDCC_Map_ICD11_to_SCT_Vaccines)</h2><p>Mapping from <a href=\"CodeSystem-DDCC-ICD11-CodeSystem.html\">http://id.who.int/icd11/mms</a> to <a href=\"http://hl7.org/fhir/R4/codesystem-snomedct.html\">http://snomed.info/sct</a></p><p>DRAFT (not intended for production usage). Published on 2021-04-23 by WHO (WHO: <a href=\"http://who.int\">http://who.int</a>). </p><div><p>Rule-based mappings between ICD-11 and SNOMED CT for COVID-19 Vaccines</p>\n</div><br/><p><b>Group 1</b>Mapping from <a href=\"CodeSystem-DDCC-ICD11-CodeSystem.html\">DDCC Codes for ICD11</a> to <a href=\"http://hl7.org/fhir/R4/codesystem-snomedct.html\">SNOMED CT (all versions)</a></p><table class=\"grid\"><tr><td><b>Source Code</b></td><td><b>Relationship</b></td><td><b>Target Code</b></td></tr><tr><td>XM68M6 (COVID-19 vaccine)</td><td><a href=\"http://hl7.org/fhir/R4/codesystem-concept-map-equivalence.html#equivalent\" title=\"equivalent\">is equivalent to</a></td><td>28531000087107 (COVID-19 vaccine)</td></tr><tr><td>XM0GQ8 (COVID-19 vaccine, RNA based)</td><td><a href=\"http://hl7.org/fhir/R4/codesystem-concept-map-equivalence.html#equivalent\" title=\"equivalent\">is equivalent to</a></td><td>1119349007 (Severe acute respiratory syndrome coronavirus 2 mRNA only vaccine product)</td></tr><tr><td>XM1NL1 (COVID-19 vaccine, inactivated virus)</td><td><a href=\"http://hl7.org/fhir/R4/codesystem-concept-map-equivalence.html#equivalent\" title=\"equivalent\">is equivalent to</a></td><td>1157024006 (Inactivated whole SARS-CoV-2 antigen vaccine)</td></tr><tr><td>XM9QW8 (COVID-19 vaccine, non-replicating viral vector)</td><td><a href=\"http://hl7.org/fhir/R4/codesystem-concept-map-equivalence.html#equivalent\" title=\"equivalent\">is equivalent to</a></td><td>29061000087103 (COVID-19 non-replicating viral vector vaccine)</td></tr></table></div>"
  },
  "url": "http://worldhealthorganization.github.io/ddcc/ConceptMap/WHO_DDCC_Map_ICD11_to_SCT_Vaccines",
  "version": "1.0.0",
  "name": "ICD11_SNOMED_CT_COVID19_vaccines",
  "title": "ConceptMap from ICD-11 to SNOMED CT for Vaccines",
  "status": "draft",
  "experimental": true,
  "date": "2021-04-23",
  "publisher": "WHO",
  "contact": [
    {
      "name": "WHO",
      "telecom": [
        {
          "system": "url",
          "value": "http://who.int"
        }
      ]
    }
  ],
  "description": "Rule-based mappings between ICD-11 and SNOMED CT for COVID-19 Vaccines",
  "jurisdiction": [
    {
      "coding": [
        {
          "system": "http://unstats.un.org/unsd/methods/m49/m49.htm",
          "code": "001"
        }
      ]
    }
  ],
  "sourceCanonical": "http://id.who.int/icd11/mms",
  "targetCanonical": "http://snomed.info/sct",
  "group": [
    {
      "source": "http://id.who.int/icd11/mms",
      "target": "http://snomed.info/sct",
      "element": [
        {
          "code": "XM68M6",
          "target": [
            {
              "code": "28531000087107",
              "equivalence": "equivalent"
            }
          ]
        },
        {
          "code": "XM0GQ8",
          "target": [
            {
              "code": "1119349007",
              "equivalence": "equivalent"
            }
          ]
        },
        {
          "code": "XM1NL1",
          "target": [
            {
              "code": "1157024006",
              "equivalence": "equivalent"
            }
          ]
        },
        {
          "code": "XM9QW8",
          "target": [
            {
              "code": "29061000087103",
              "equivalence": "equivalent"
            }
          ]
        }
      ]
    }
  ]
}