<?xml version="1.0" encoding="UTF-8"?>

<Immunization xmlns="http://hl7.org/fhir">
  <id value="DDCC-Immunization-Spanish"/>
  <meta>
    <profile value="http://worldhealthorganization.github.io/ddcc/StructureDefinition/DDCCImmunization"/>
  </meta>
  <text>
    <status value="extensions"/><div xmlns="http://www.w3.org/1999/xhtml"><p><b>Generated Narrative: Immunization</b><a name="DDCC-Immunization-Spanish"> </a></p><div style="display: inline-block; background-color: #d9e0e7; padding: 6px; margin: 4px; border: 1px solid #8da1b4; border-radius: 5px; line-height: 60%"><p style="margin-bottom: 0px">Resource Immunization &quot;DDCC-Immunization-Spanish&quot; </p><p style="margin-bottom: 0px">Profile: <a href="StructureDefinition-DDCCImmunization.html">DDCC Immunization</a></p></div><p><b>DDCC Event Brand for Immunization</b>: COVID-19 Vaccine AstraZeneca (Details: http://id.who.int/icd11/mms code XM4YL8 = 'COVID-19 Vaccine AstraZeneca', stated as 'null')</p><p><b>DDCC Country Of Event for Immunization</b>: ESP</p><p><b>DDCC Vaccine Market Authorization for Immunization</b>: Test (Details: http://worldhealthorganization.github.io/ddcc/CodeSystem/DDCC-Example-Test-CodeSystem code TEST = 'Test', stated as 'null')</p><p><b>DDCC Vaccine Valid From</b>: 2021-05-30</p><p><b>status</b>: completed</p><p><b>vaccineCode</b>: COVID-19 vaccine, non-replicating viral vector <span style="background: LightGoldenRodYellow; margin: 4px; border: 1px solid khaki"> (<a href="CodeSystem-DDCC-ICD11-CodeSystem.html">DDCC Codes for ICD11</a>#XM9QW8)</span></p><p><b>patient</b>: <a href="Patient-DDCC-Patient-Spanish.html">Patient/DDCC-Patient-Spanish</a> &quot;&quot;</p><p><b>occurrence</b>: 2021-05-06</p><p><b>location</b>: <span>: Sitio de vacunación</span></p><p><b>lotNumber</b>: 123</p><p><b>expirationDate</b>: 2021-06-30</p><h3>Performers</h3><table class="grid"><tr><td>-</td><td><b>Actor</b></td></tr><tr><td>*</td><td><a href="Organization-DDCC-Organization-Spanish.html">Organization/DDCC-Organization-Spanish</a> &quot;Hospital del Gobierno&quot;</td></tr></table><h3>ProtocolApplieds</h3><table class="grid"><tr><td>-</td><td><b>Authority</b></td><td><b>TargetDisease</b></td><td><b>DoseNumber[x]</b></td><td><b>SeriesDoses[x]</b></td></tr><tr><td>*</td><td><a href="Organization-DDCC-Organization-Spanish.html">Organization/DDCC-Organization-Spanish</a> &quot;Hospital del Gobierno&quot;</td><td>COVID-19 Disease <span style="background: LightGoldenRodYellow; margin: 4px; border: 1px solid khaki"> (<a href="CodeSystem-DDCC-ICD11-CodeSystem.html">DDCC Codes for ICD11</a>#RA01)</span></td><td>1</td><td>2</td></tr></table></div>
  </text>
  <extension url="http://worldhealthorganization.github.io/ddcc/StructureDefinition/DDCCEventBrand">
    <valueCoding>
      <system value="http://id.who.int/icd11/mms"/>
      <code value="XM4YL8"/>
    </valueCoding>
  </extension>
  <extension url="http://worldhealthorganization.github.io/ddcc/StructureDefinition/DDCCCountryOfEvent">
    <valueCode value="ESP"/>
  </extension>
  <extension url="http://worldhealthorganization.github.io/ddcc/StructureDefinition/DDCCVaccineMarketAuthorization">
    <valueCoding>
      <system value="http://worldhealthorganization.github.io/ddcc/CodeSystem/DDCC-Example-Test-CodeSystem"/>
      <code value="TEST"/>
    </valueCoding>
  </extension>
  <extension url="http://worldhealthorganization.github.io/ddcc/StructureDefinition/DDCCVaccineValidFrom">
    <valueDate value="2021-05-30"/>
  </extension>
  <status value="completed"/>
  <vaccineCode>
    <coding>
      <system value="http://id.who.int/icd11/mms"/>
      <code value="XM9QW8"/>
    </coding>
  </vaccineCode>
  <patient>
    <reference value="Patient/DDCC-Patient-Spanish"/>
  </patient>
  <occurrenceDateTime value="2021-05-06"/>
  <location>
    <display value="Sitio de vacunación"/>
  </location>
  <lotNumber value="123"/>
  <expirationDate value="2021-06-30"/>
  <performer>
    <actor>
      <reference value="Organization/DDCC-Organization-Spanish"/>
    </actor>
  </performer>
  <protocolApplied>
    <authority>
      <reference value="Organization/DDCC-Organization-Spanish"/>
    </authority>
    <targetDisease>
      <coding>
        <system value="http://id.who.int/icd11/mms"/>
        <code value="RA01"/>
      </coding>
    </targetDisease>
    <doseNumberPositiveInt value="1"/>
    <seriesDosesPositiveInt value="2"/>
  </protocolApplied>
</Immunization>