{
  "resourceType" : "Patient",
  "id" : "DDCC-Patient-Arabic",
  "meta" : {
    "profile" : ["http://worldhealthorganization.github.io/ddcc/StructureDefinition/DDCCPatient"]
  },
  "text" : {
    "status" : "generated",
    "div" : "<div xmlns=\"http://www.w3.org/1999/xhtml\"><p style=\"border: 1px #661aff solid; background-color: #e6e6ff; padding: 10px;\"><b>أولوس أجيريوس(OFFICIAL)</b> (no stated gender), DoB: 2003-03-03</p><hr/></div>"
  },
  "name" : [{
    "use" : "official",
    "text" : "أولوس أجيريوس"
  }],
  "birthDate" : "2003-03-03"
}