{
  "resourceType" : "ValueSet",
  "id" : "DDCC-Device-Property-ValueSet",
  "text" : {
    "status" : "generated",
    "div" : "<div xmlns=\"http://www.w3.org/1999/xhtml\"><ul><li>Include all codes defined in <a href=\"CodeSystem-DDCC-Device-Property-CodeSystem.html\"><code>http://worldhealthorganization.github.io/ddcc/CodeSystem/DDCC-Device-Property-CodeSystem</code></a></li></ul></div>"
  },
  "url" : "http://worldhealthorganization.github.io/ddcc/ValueSet/DDCC-Device-Property-ValueSet",
  "version" : "1.0.0",
  "name" : "DDCC_Device_Property_ValueSet",
  "title" : "DDCC Device Property Codes",
  "status" : "active",
  "date" : "2023-01-11T14:19:24+00:00",
  "publisher" : "WHO",
  "contact" : [{
    "name" : "WHO",
    "telecom" : [{
      "system" : "url",
      "value" : "http://who.int"
    }]
  }],
  "description" : "Properties of DDCC devices",
  "jurisdiction" : [{
    "coding" : [{
      "system" : "http://unstats.un.org/unsd/methods/m49/m49.htm",
      "code" : "001"
    }]
  }],
  "compose" : {
    "include" : [{
      "system" : "http://worldhealthorganization.github.io/ddcc/CodeSystem/DDCC-Device-Property-CodeSystem"
    }]
  }
}