<?xml version="1.0" encoding="UTF-8"?>

<QuestionnaireResponse xmlns="http://hl7.org/fhir">
  <id value="DDCC-VS-QuestionnaireResponse-Arabic"/>
  <meta>
    <profile value="http://worldhealthorganization.github.io/ddcc/StructureDefinition/DDCCQuestionnaireResponse"/>
  </meta>
  <text>
    <status value="generated"/><div xmlns="http://www.w3.org/1999/xhtml"><p><b>Generated Narrative</b></p><div style="display: inline-block; background-color: #d9e0e7; padding: 6px; margin: 4px; border: 1px solid #8da1b4; border-radius: 5px; line-height: 60%"><p style="margin-bottom: 0px">Resource "DDCC-VS-QuestionnaireResponse-Arabic" </p><p style="margin-bottom: 0px">Profile: <a href="StructureDefinition-DDCCQuestionnaireResponse.html">DDCC Questionnaire Response</a></p></div><p><b>questionnaire</b>: <a href="http://worldhealthorganization.github.io/ddcc/DDCCVSCoreDataSetQuestionnaire">http://worldhealthorganization.github.io/ddcc/DDCCVSCoreDataSetQuestionnaire</a></p><p><b>status</b>: completed</p><p><b>subject</b>: <a href="Patient-DDCC-Patient-Arabic.html">Patient/DDCC-Patient-Arabic</a> ""</p><p><b>authored</b>: 2021-04-01</p><blockquote><p><b>item</b></p><p><b>linkId</b>: name</p><h3>Answers</h3><table class="grid"><tr><td>-</td><td><b>Value[x]</b></td></tr><tr><td>*</td><td>أولوس أجيريوس</td></tr></table></blockquote><blockquote><p><b>item</b></p><p><b>linkId</b>: birthDate</p><h3>Answers</h3><table class="grid"><tr><td>-</td><td><b>Value[x]</b></td></tr><tr><td>*</td><td>2003-03-03</td></tr></table></blockquote><blockquote><p><b>item</b></p><p><b>linkId</b>: identifier</p><h3>Answers</h3><table class="grid"><tr><td>-</td><td><b>Value[x]</b></td></tr><tr><td>*</td><td>12345678905</td></tr></table></blockquote><blockquote><p><b>item</b></p><p><b>linkId</b>: sex</p><h3>Answers</h3><table class="grid"><tr><td>-</td><td><b>Value[x]</b></td></tr><tr><td>*</td><td>Male (Details: http://hl7.org/fhir/administrative-gender code male = 'Male', stated as 'null')</td></tr></table></blockquote><blockquote><p><b>item</b></p><p><b>linkId</b>: vaccine</p><h3>Answers</h3><table class="grid"><tr><td>-</td><td><b>Value[x]</b></td></tr><tr><td>*</td><td>XM1NL1 (Details: http://id.who.int/icd11/mms code XM1NL1 = 'XM1NL1', stated as 'null')</td></tr></table></blockquote><blockquote><p><b>item</b></p><p><b>linkId</b>: brand</p><h3>Answers</h3><table class="grid"><tr><td>-</td><td><b>Value[x]</b></td></tr><tr><td>*</td><td>Test (Details: http://worldhealthorganization.github.io/ddcc/CodeSystem/DDCC-Example-Test-CodeSystem code TEST = 'Test', stated as 'null')</td></tr></table></blockquote><blockquote><p><b>item</b></p><p><b>linkId</b>: manufacturer</p><h3>Answers</h3><table class="grid"><tr><td>-</td><td><b>Value[x]</b></td></tr><tr><td>*</td><td>Test (Details: http://worldhealthorganization.github.io/ddcc/CodeSystem/DDCC-Example-Test-CodeSystem code TEST = 'Test', stated as 'null')</td></tr></table></blockquote><blockquote><p><b>item</b></p><p><b>linkId</b>: ma_holder</p><h3>Answers</h3><table class="grid"><tr><td>-</td><td><b>Value[x]</b></td></tr><tr><td>*</td><td>Test (Details: http://worldhealthorganization.github.io/ddcc/CodeSystem/DDCC-Example-Test-CodeSystem code TEST = 'Test', stated as 'null')</td></tr></table></blockquote><blockquote><p><b>item</b></p><p><b>linkId</b>: lot</p><h3>Answers</h3><table class="grid"><tr><td>-</td><td><b>Value[x]</b></td></tr><tr><td>*</td><td>ER8732</td></tr></table></blockquote><blockquote><p><b>item</b></p><p><b>linkId</b>: date</p><h3>Answers</h3><table class="grid"><tr><td>-</td><td><b>Value[x]</b></td></tr><tr><td>*</td><td>2021-04-05</td></tr></table></blockquote><blockquote><p><b>item</b></p><p><b>linkId</b>: vaccine_valid</p><h3>Answers</h3><table class="grid"><tr><td>-</td><td><b>Value[x]</b></td></tr><tr><td>*</td><td>2021-04-19</td></tr></table></blockquote><blockquote><p><b>item</b></p><p><b>linkId</b>: dose</p><h3>Answers</h3><table class="grid"><tr><td>-</td><td><b>Value[x]</b></td></tr><tr><td>*</td><td>1</td></tr></table></blockquote><blockquote><p><b>item</b></p><p><b>linkId</b>: total_doses</p><h3>Answers</h3><table class="grid"><tr><td>-</td><td><b>Value[x]</b></td></tr><tr><td>*</td><td>2</td></tr></table></blockquote><blockquote><p><b>item</b></p><p><b>linkId</b>: country</p><h3>Answers</h3><table class="grid"><tr><td>-</td><td><b>Value[x]</b></td></tr><tr><td>*</td><td>Saudi Arabia (Details: urn:iso:std:iso:3166 code SAU = 'Saudi Arabia', stated as 'null')</td></tr></table></blockquote><blockquote><p><b>item</b></p><p><b>linkId</b>: centre</p><h3>Answers</h3><table class="grid"><tr><td>-</td><td><b>Value[x]</b></td></tr><tr><td>*</td><td>موقع التطعيم</td></tr></table></blockquote><blockquote><p><b>item</b></p><p><b>linkId</b>: hw</p><h3>Answers</h3><table class="grid"><tr><td>-</td><td><b>Value[x]</b></td></tr><tr><td>*</td><td>lAH8TnzqAInqwkslHzOlSA</td></tr></table></blockquote><blockquote><p><b>item</b></p><p><b>linkId</b>: disease</p><h3>Answers</h3><table class="grid"><tr><td>-</td><td><b>Value[x]</b></td></tr><tr><td>*</td><td>RA01 (Details: http://id.who.int/icd11/mms code RA01 = 'RA01', stated as 'null')</td></tr></table></blockquote><blockquote><p><b>item</b></p><p><b>linkId</b>: due_date</p><h3>Answers</h3><table class="grid"><tr><td>-</td><td><b>Value[x]</b></td></tr><tr><td>*</td><td>2021-04-28</td></tr></table></blockquote><blockquote><p><b>item</b></p><p><b>linkId</b>: pha</p><h3>Answers</h3><table class="grid"><tr><td>-</td><td><b>Value[x]</b></td></tr><tr><td>*</td><td>dPD2PfwzBQyphcjeUiAdRP</td></tr></table></blockquote><blockquote><p><b>item</b></p><p><b>linkId</b>: hcid</p><h3>Answers</h3><table class="grid"><tr><td>-</td><td><b>Value[x]</b></td></tr><tr><td>*</td><td>bMlJkAt0V92RYhhG3fNt5</td></tr></table></blockquote><blockquote><p><b>item</b></p><p><b>linkId</b>: valid_from</p><h3>Answers</h3><table class="grid"><tr><td>-</td><td><b>Value[x]</b></td></tr><tr><td>*</td><td>2021-04-05</td></tr></table></blockquote><blockquote><p><b>item</b></p><p><b>linkId</b>: valid_until</p><h3>Answers</h3><table class="grid"><tr><td>-</td><td><b>Value[x]</b></td></tr><tr><td>*</td><td>2022-04-05</td></tr></table></blockquote></div>
  </text>
  <questionnaire value="http://worldhealthorganization.github.io/ddcc/DDCCVSCoreDataSetQuestionnaire"/>
  <status value="completed"/>
  <subject>
    <reference value="Patient/DDCC-Patient-Arabic"/>
  </subject>
  <authored value="2021-04-01"/>
  <item>
    <linkId value="name"/>
    <answer>
      <valueString value="أولوس أجيريوس"/>
    </answer>
  </item>
  <item>
    <linkId value="birthDate"/>
    <answer>
      <valueDate value="2003-03-03"/>
    </answer>
  </item>
  <item>
    <linkId value="identifier"/>
    <answer>
      <valueString value="12345678905"/>
    </answer>
  </item>
  <item>
    <linkId value="sex"/>
    <answer>
      <valueCoding>
        <system value="http://hl7.org/fhir/administrative-gender"/>
        <code value="male"/>
      </valueCoding>
    </answer>
  </item>
  <item>
    <linkId value="vaccine"/>
    <answer>
      <valueCoding>
        <system value="http://id.who.int/icd11/mms"/>
        <code value="XM1NL1"/>
      </valueCoding>
    </answer>
  </item>
  <item>
    <linkId value="brand"/>
    <answer>
      <valueCoding>
        <system value="http://worldhealthorganization.github.io/ddcc/CodeSystem/DDCC-Example-Test-CodeSystem"/>
        <code value="TEST"/>
      </valueCoding>
    </answer>
  </item>
  <item>
    <linkId value="manufacturer"/>
    <answer>
      <valueCoding>
        <system value="http://worldhealthorganization.github.io/ddcc/CodeSystem/DDCC-Example-Test-CodeSystem"/>
        <code value="TEST"/>
      </valueCoding>
    </answer>
  </item>
  <item>
    <linkId value="ma_holder"/>
    <answer>
      <valueCoding>
        <system value="http://worldhealthorganization.github.io/ddcc/CodeSystem/DDCC-Example-Test-CodeSystem"/>
        <code value="TEST"/>
      </valueCoding>
    </answer>
  </item>
  <item>
    <linkId value="lot"/>
    <answer>
      <valueString value="ER8732"/>
    </answer>
  </item>
  <item>
    <linkId value="date"/>
    <answer>
      <valueDate value="2021-04-05"/>
    </answer>
  </item>
  <item>
    <linkId value="vaccine_valid"/>
    <answer>
      <valueDate value="2021-04-19"/>
    </answer>
  </item>
  <item>
    <linkId value="dose"/>
    <answer>
      <valueInteger value="1"/>
    </answer>
  </item>
  <item>
    <linkId value="total_doses"/>
    <answer>
      <valueInteger value="2"/>
    </answer>
  </item>
  <item>
    <linkId value="country"/>
    <answer>
      <valueCoding>
        <system value="urn:iso:std:iso:3166"/>
        <code value="SAU"/>
      </valueCoding>
    </answer>
  </item>
  <item>
    <linkId value="centre"/>
    <answer>
      <valueString value="موقع التطعيم"/>
    </answer>
  </item>
  <item>
    <linkId value="hw"/>
    <answer>
      <valueString value="lAH8TnzqAInqwkslHzOlSA"/>
    </answer>
  </item>
  <item>
    <linkId value="disease"/>
    <answer>
      <valueCoding>
        <system value="http://id.who.int/icd11/mms"/>
        <code value="RA01"/>
      </valueCoding>
    </answer>
  </item>
  <item>
    <linkId value="due_date"/>
    <answer>
      <valueDate value="2021-04-28"/>
    </answer>
  </item>
  <item>
    <linkId value="pha"/>
    <answer>
      <valueString value="dPD2PfwzBQyphcjeUiAdRP"/>
    </answer>
  </item>
  <item>
    <linkId value="hcid"/>
    <answer>
      <valueString value="bMlJkAt0V92RYhhG3fNt5"/>
    </answer>
  </item>
  <item>
    <linkId value="valid_from"/>
    <answer>
      <valueDate value="2021-04-05"/>
    </answer>
  </item>
  <item>
    <linkId value="valid_until"/>
    <answer>
      <valueDate value="2022-04-05"/>
    </answer>
  </item>
</QuestionnaireResponse>