{"resourceType":"ConceptMap","id":"who-ddcc-map-icd11-icd10-disease-targeted","text":{"status":"extensions","div":"<div xmlns=\"http://www.w3.org/1999/xhtml\"><h2>ICD_11_ICD_10_COVID19_Disease (http://worldhealthorganization.github.io/ddcc/ConceptMap/WHO_DDCC_Map_ICD11_to_ICD10_Disease_Targeted)</h2><p>Mapping from http://id.who.int/icd11/mms to <a href=\"http://terminology.hl7.org/3.1.0/CodeSystem-icd10.html\">http://hl7.org/fhir/sid/icd-10</a></p><p>DRAFT (not intended for production usage). Published on 2021-04-23 by WHO (WHO: <a href=\"http://who.int\">http://who.int</a>). </p><div><p>Rule-based mappings between ICD-11 and ICD-10 for COVID-19 Disease or Agent Targeted</p>\n</div><br/><table class=\"grid\"><tr><td><b>Source Code</b></td><td><b>Relationship</b></td><td><b>Destination Code</b></td></tr><tr><td colspan=\"3\">Mapping from <code>http://id.who.int/icd11/mms</code> to <a href=\"http://terminology.hl7.org/3.1.0/CodeSystem-icd10.html\">ICD-10</a></td></tr><tr><td>RA01</td><td><a href=\"http://hl7.org/fhir/R4/codesystem-concept-map-equivalence.html#equivalent\">is equivalent to</a></td><td>U07.1 (COVID-19, virus identified)</td></tr></table></div>"},"url":"http://worldhealthorganization.github.io/ddcc/ConceptMap/WHO_DDCC_Map_ICD11_to_ICD10_Disease_Targeted","version":"0.3.1","name":"ICD_11_ICD_10_COVID19_Disease","title":"ConceptMap from ICD-10 to SNOMED CT for Disease or Agent Targeted","status":"draft","experimental":true,"date":"2021-04-23","publisher":"WHO","contact":[{"name":"WHO","telecom":[{"system":"url","value":"http://who.int"}]}],"description":"Rule-based mappings between ICD-11 and ICD-10 for COVID-19 Disease or Agent Targeted","jurisdiction":[{"coding":[{"system":"http://unstats.un.org/unsd/methods/m49/m49.htm","code":"001"}]}],"sourceCanonical":"http://id.who.int/icd11/mms","targetCanonical":"http://hl7.org/fhir/sid/icd-10","group":[{"source":"http://id.who.int/icd11/mms","target":"http://hl7.org/fhir/sid/icd-10","element":[{"code":"RA01","target":[{"code":"U07.1","equivalence":"equivalent"}]}]}]}