{"resourceType":"ValueSet","id":"who-ddcc-vaccines-covid-19","text":{"status":"generated","div":"<div xmlns=\"http://www.w3.org/1999/xhtml\"><ul><li>Include these codes as defined in <a href=\"CodeSystem-DDCC-ICD11-CodeSystem.html\"><code>http://id.who.int/icd11/mms</code></a><table class=\"none\"><tr><td style=\"white-space:nowrap\"><b>Code</b></td><td><b>Display</b></td></tr><tr><td><a href=\"CodeSystem-DDCC-ICD11-CodeSystem.html#DDCC-ICD11-CodeSystem-XM68M6\">XM68M6</a></td><td>COVID-19 vaccine</td></tr><tr><td><a href=\"CodeSystem-DDCC-ICD11-CodeSystem.html#DDCC-ICD11-CodeSystem-XM1NL1\">XM1NL1</a></td><td>COVID-19 vaccine, inactivated virus</td></tr><tr><td><a href=\"CodeSystem-DDCC-ICD11-CodeSystem.html#DDCC-ICD11-CodeSystem-XM7HT3\">XM7HT3</a></td><td>CoronaVac®</td></tr><tr><td><a href=\"CodeSystem-DDCC-ICD11-CodeSystem.html#DDCC-ICD11-CodeSystem-XM8866\">XM8866</a></td><td>BBIBP-CorV</td></tr><tr><td><a href=\"CodeSystem-DDCC-ICD11-CodeSystem.html#DDCC-ICD11-CodeSystem-XM9TQ1\">XM9TQ1</a></td><td>KCONVAC</td></tr><tr><td><a href=\"CodeSystem-DDCC-ICD11-CodeSystem.html#DDCC-ICD11-CodeSystem-XM1G90\">XM1G90</a></td><td>Covaxin</td></tr><tr><td><a href=\"CodeSystem-DDCC-ICD11-CodeSystem.html#DDCC-ICD11-CodeSystem-XM85P5\">XM85P5</a></td><td>Covi-Vac</td></tr><tr><td><a href=\"CodeSystem-DDCC-ICD11-CodeSystem.html#DDCC-ICD11-CodeSystem-XM9FQ7\">XM9FQ7</a></td><td>Hayat-Vax</td></tr><tr><td><a href=\"CodeSystem-DDCC-ICD11-CodeSystem.html#DDCC-ICD11-CodeSystem-XM97N6\">XM97N6</a></td><td>QazVac</td></tr><tr><td><a href=\"CodeSystem-DDCC-ICD11-CodeSystem.html#DDCC-ICD11-CodeSystem-XM2YG8\">XM2YG8</a></td><td>COVIran Barakat</td></tr><tr><td><a href=\"CodeSystem-DDCC-ICD11-CodeSystem.html#DDCC-ICD11-CodeSystem-XM3U61\">XM3U61</a></td><td>Inactivated SARS-CoV-2 vaccine</td></tr><tr><td><a href=\"CodeSystem-DDCC-ICD11-CodeSystem.html#DDCC-ICD11-CodeSystem-XM5DF6\">XM5DF6</a></td><td>COVID-19 vaccine, live attenuated virus</td></tr><tr><td><a href=\"CodeSystem-DDCC-ICD11-CodeSystem.html#DDCC-ICD11-CodeSystem-XM9QW8\">XM9QW8</a></td><td>COVID-19 vaccine, non-replicating viral vector</td></tr><tr><td><a href=\"CodeSystem-DDCC-ICD11-CodeSystem.html#DDCC-ICD11-CodeSystem-XM4YL8\">XM4YL8</a></td><td>COVID-19 Vaccine AstraZeneca</td></tr><tr><td><a href=\"CodeSystem-DDCC-ICD11-CodeSystem.html#DDCC-ICD11-CodeSystem-XM97T2\">XM97T2</a></td><td>Covishield®</td></tr><tr><td><a href=\"CodeSystem-DDCC-ICD11-CodeSystem.html#DDCC-ICD11-CodeSystem-XM6QV1\">XM6QV1</a></td><td>COVID-19 Vaccine Janssen</td></tr><tr><td><a href=\"CodeSystem-DDCC-ICD11-CodeSystem.html#DDCC-ICD11-CodeSystem-XM1AG7\">XM1AG7</a></td><td>Convidecia</td></tr><tr><td><a href=\"CodeSystem-DDCC-ICD11-CodeSystem.html#DDCC-ICD11-CodeSystem-XM5ZJ4\">XM5ZJ4</a></td><td>Gam-Covid-Vac</td></tr><tr><td><a href=\"CodeSystem-DDCC-ICD11-CodeSystem.html#DDCC-ICD11-CodeSystem-XM5QM6\">XM5QM6</a></td><td>Sputnik-Light</td></tr><tr><td><a href=\"CodeSystem-DDCC-ICD11-CodeSystem.html#DDCC-ICD11-CodeSystem-XM0CX4\">XM0CX4</a></td><td>COVID-19 vaccine, replicating viral vector</td></tr><tr><td><a href=\"CodeSystem-DDCC-ICD11-CodeSystem.html#DDCC-ICD11-CodeSystem-XM5JC5\">XM5JC5</a></td><td>COVID-19 vaccine, virus protein subunit</td></tr><tr><td><a href=\"CodeSystem-DDCC-ICD11-CodeSystem.html#DDCC-ICD11-CodeSystem-XM3CT4\">XM3CT4</a></td><td>Recombinant SARS-CoV-2 vaccine</td></tr><tr><td><a href=\"CodeSystem-DDCC-ICD11-CodeSystem.html#DDCC-ICD11-CodeSystem-XM3PG0\">XM3PG0</a></td><td>Soberana-02</td></tr><tr><td><a href=\"CodeSystem-DDCC-ICD11-CodeSystem.html#DDCC-ICD11-CodeSystem-XM4EC8\">XM4EC8</a></td><td>MVC-COV1901</td></tr><tr><td><a href=\"CodeSystem-DDCC-ICD11-CodeSystem.html#DDCC-ICD11-CodeSystem-XM6SZ8\">XM6SZ8</a></td><td>EpiVacCorona</td></tr><tr><td><a href=\"CodeSystem-DDCC-ICD11-CodeSystem.html#DDCC-ICD11-CodeSystem-XM1J92\">XM1J92</a></td><td>COVID-19 vaccine, virus like particle (VLP)</td></tr><tr><td><a href=\"CodeSystem-DDCC-ICD11-CodeSystem.html#DDCC-ICD11-CodeSystem-XM6AT1\">XM6AT1</a></td><td>COVID-19 vaccine, DNA based</td></tr><tr><td><a href=\"CodeSystem-DDCC-ICD11-CodeSystem.html#DDCC-ICD11-CodeSystem-XM52P3\">XM52P3</a></td><td>ZyCov-D</td></tr><tr><td><a href=\"CodeSystem-DDCC-ICD11-CodeSystem.html#DDCC-ICD11-CodeSystem-XM0GQ8\">XM0GQ8</a></td><td>COVID-19 vaccine, RNA based</td></tr><tr><td><a href=\"CodeSystem-DDCC-ICD11-CodeSystem.html#DDCC-ICD11-CodeSystem-XM8NQ0\">XM8NQ0</a></td><td>Comirnaty®</td></tr><tr><td><a href=\"CodeSystem-DDCC-ICD11-CodeSystem.html#DDCC-ICD11-CodeSystem-XM3DT5\">XM3DT5</a></td><td>COVID-19 Vaccine Moderna</td></tr></table></li></ul></div>"},"url":"http://worldhealthorganization.github.io/ddcc/ValueSet/who-ddcc-vaccines-covid-19","version":"1.0.0","name":"WHO_DDCC_Vaccines_COVID_19","title":"WHO Vaccine List (COVID-19)","status":"draft","date":"2022-11-28T23:56:31+00:00","publisher":"WHO","contact":[{"name":"WHO","telecom":[{"system":"url","value":"http://who.int"}]}],"description":"WHO Vaccine List (COVID-19) from [ICD 11](https://icd.who.int/browse11)","jurisdiction":[{"coding":[{"system":"http://unstats.un.org/unsd/methods/m49/m49.htm","code":"001"}]}],"compose":{"include":[{"system":"http://id.who.int/icd11/mms","concept":[{"code":"XM68M6","display":"COVID-19 vaccine"},{"code":"XM1NL1","display":"COVID-19 vaccine, inactivated virus"},{"code":"XM7HT3","display":"CoronaVac®"},{"code":"XM8866","display":"BBIBP-CorV"},{"code":"XM9TQ1","display":"KCONVAC"},{"code":"XM1G90","display":"Covaxin"},{"code":"XM85P5","display":"Covi-Vac"},{"code":"XM9FQ7","display":"Hayat-Vax"},{"code":"XM97N6","display":"QazVac"},{"code":"XM2YG8","display":"COVIran Barakat"},{"code":"XM3U61","display":"Inactivated SARS-CoV-2 vaccine"},{"code":"XM5DF6","display":"COVID-19 vaccine, live attenuated virus"},{"code":"XM9QW8","display":"COVID-19 vaccine, non-replicating viral vector"},{"code":"XM4YL8","display":"COVID-19 Vaccine AstraZeneca"},{"code":"XM97T2","display":"Covishield®"},{"code":"XM6QV1","display":"COVID-19 Vaccine Janssen"},{"code":"XM1AG7","display":"Convidecia"},{"code":"XM5ZJ4","display":"Gam-Covid-Vac"},{"code":"XM5QM6","display":"Sputnik-Light"},{"code":"XM0CX4","display":"COVID-19 vaccine, replicating viral vector"},{"code":"XM5JC5","display":"COVID-19 vaccine, virus protein subunit"},{"code":"XM3CT4","display":"Recombinant SARS-CoV-2 vaccine"},{"code":"XM3PG0","display":"Soberana-02"},{"code":"XM4EC8","display":"MVC-COV1901"},{"code":"XM6SZ8","display":"EpiVacCorona"},{"code":"XM1J92","display":"COVID-19 vaccine, virus like particle (VLP)"},{"code":"XM6AT1","display":"COVID-19 vaccine, DNA based"},{"code":"XM52P3","display":"ZyCov-D"},{"code":"XM0GQ8","display":"COVID-19 vaccine, RNA based"},{"code":"XM8NQ0","display":"Comirnaty®"},{"code":"XM3DT5","display":"COVID-19 Vaccine Moderna"}]}]}}