{
  "resourceType" : "CodeSystem",
  "id" : "DDCC-Folder-DesignationType",
  "text" : {
    "status" : "generated",
    "div" : "<div xmlns=\"http://www.w3.org/1999/xhtml\"><p>This code system <code>http://worldhealthorganization.github.io/ddcc/CodeSystem/DDCC-Folder-DesignationType</code> defines the following codes:</p><table class=\"codes\"><tr><td style=\"white-space:nowrap\"><b>Code</b></td><td><b>Display</b></td></tr><tr><td style=\"white-space:nowrap\">ddcc<a name=\"DDCC-Folder-DesignationType-ddcc\"> </a></td><td>DDCC</td></tr></table></div>"
  },
  "url" : "http://worldhealthorganization.github.io/ddcc/CodeSystem/DDCC-Folder-DesignationType",
  "version" : "1.0.0",
  "name" : "DDCC_Folder_DesignationType_Codesystem",
  "title" : "DDCC Designation Types for Folder",
  "status" : "active",
  "experimental" : false,
  "date" : "2023-01-08T23:46:44+00:00",
  "publisher" : "WHO",
  "contact" : [{
    "name" : "WHO",
    "telecom" : [{
      "system" : "url",
      "value" : "http://who.int"
    }]
  }],
  "description" : "DDCC Designation Types to use for DDCC Folders.",
  "jurisdiction" : [{
    "coding" : [{
      "system" : "http://unstats.un.org/unsd/methods/m49/m49.htm",
      "code" : "001"
    }]
  }],
  "caseSensitive" : true,
  "content" : "complete",
  "count" : 1,
  "concept" : [{
    "code" : "ddcc",
    "display" : "DDCC"
  }]
}