{
  "resourceType": "Patient",
  "id": "DDCC-Patient-Chinese",
  "meta": {
    "profile": [
      "http://worldhealthorganization.github.io/ddcc/StructureDefinition/DDCCPatient"
    ]
  },
  "text": {
    "status": "generated",
    "div": "<div xmlns=\"http://www.w3.org/1999/xhtml\"><p><b>奥卢斯·阿杰里乌斯(OFFICIAL)</b> (no stated gender) 2003-03-03</p></div>"
  },
  "name": [
    {
      "use": "official",
      "text": "奥卢斯·阿杰里乌斯"
    }
  ],
  "birthDate": "2003-03-03"
}