{
  "resourceType": "StructureDefinition",
  "id": "DDCCCoreDataSet.TR",
  "text": {
    "status": "extensions",
    "div": "<div xmlns=\"http://www.w3.org/1999/xhtml\"><table border=\"0\" cellpadding=\"0\" cellspacing=\"0\" style=\"border: 0px #F0F0F0 solid; font-size: 11px; font-family: verdana; vertical-align: top;\"><tr style=\"border: 1px #F0F0F0 solid; font-size: 11px; font-family: verdana; vertical-align: top\"><th style=\"vertical-align: top; text-align : left; background-color: white; border: 0px #F0F0F0 solid; padding:0px 4px 0px 4px\" class=\"hierarchy\"><a href=\"http://hl7.org/fhir/R4/formats.html#table\" title=\"The logical name of the element\">Name</a></th><th style=\"vertical-align: top; text-align : left; background-color: white; border: 0px #F0F0F0 solid; padding:0px 4px 0px 4px\" class=\"hierarchy\"><a href=\"http://hl7.org/fhir/R4/formats.html#table\" title=\"Information about the use of the element\">Flags</a></th><th style=\"vertical-align: top; text-align : left; background-color: white; border: 0px #F0F0F0 solid; padding:0px 4px 0px 4px\" class=\"hierarchy\"><a href=\"http://hl7.org/fhir/R4/formats.html#table\" title=\"Minimum and Maximum # of times the the element can appear in the instance\">Card.</a></th><th style=\"width: 100px\" class=\"hierarchy\"><a href=\"http://hl7.org/fhir/R4/formats.html#table\" title=\"Reference to the type of the element\">Type</a></th><th style=\"vertical-align: top; text-align : left; background-color: white; border: 0px #F0F0F0 solid; padding:0px 4px 0px 4px\" class=\"hierarchy\"><a href=\"http://hl7.org/fhir/R4/formats.html#table\" title=\"Additional information about the element\">Description &amp; Constraints</a><span style=\"float: right\"><a href=\"http://hl7.org/fhir/R4/formats.html#table\" title=\"Legend for this format\"><img src=\"http://hl7.org/fhir/R4/help16.png\" alt=\"doco\" style=\"background-color: inherit\"/></a></span></th></tr><tr style=\"border: 0px #F0F0F0 solid; padding:0px; vertical-align: top; background-color: white\"><td style=\"vertical-align: top; text-align : left; background-color: white; border: 0px #F0F0F0 solid; padding:0px 4px 0px 4px; white-space: nowrap; background-image: url(tbl_bck1.png)\" class=\"hierarchy\"><img src=\"tbl_spacer.png\" alt=\".\" style=\"background-color: inherit\" class=\"hierarchy\"/><img src=\"icon_element.gif\" alt=\".\" style=\"background-color: white; background-color: inherit\" title=\"Element\" class=\"hierarchy\"/> <a href=\"StructureDefinition-DDCCCoreDataSet.TR-definitions.html#DDCCCoreDataSet\" title=\"Data elements for the DDCC Core Data Set for Test Result.\">DDCCCoreDataSet</a><a name=\"DDCCCoreDataSet\"> </a></td><td style=\"vertical-align: top; text-align : left; background-color: white; border: 0px #F0F0F0 solid; padding:0px 4px 0px 4px\" class=\"hierarchy\"/><td style=\"vertical-align: top; text-align : left; background-color: white; border: 0px #F0F0F0 solid; padding:0px 4px 0px 4px\" class=\"hierarchy\"><span style=\"opacity: 0.5\">0</span><span style=\"opacity: 0.5\">..</span><span style=\"opacity: 0.5\">*</span></td><td style=\"vertical-align: top; text-align : left; background-color: white; border: 0px #F0F0F0 solid; padding:0px 4px 0px 4px\" class=\"hierarchy\"><a href=\"StructureDefinition-DDCCCoreDataSet.html\">DDCCCoreDataSet</a></td><td style=\"vertical-align: top; text-align : left; background-color: white; border: 0px #F0F0F0 solid; padding:0px 4px 0px 4px\" class=\"hierarchy\">This is an abstract profile<br/>DDCC Core Data Set Logical Model for Test Result</td></tr>\r\n<tr style=\"border: 0px #F0F0F0 solid; padding:0px; vertical-align: top; background-color: #F7F7F7\"><td style=\"vertical-align: top; text-align : left; background-color: #F7F7F7; border: 0px #F0F0F0 solid; padding:0px 4px 0px 4px; white-space: nowrap; background-image: url(tbl_bck01.png)\" class=\"hierarchy\"><img src=\"tbl_spacer.png\" alt=\".\" style=\"background-color: inherit\" class=\"hierarchy\"/><img src=\"tbl_vjoin_end.png\" alt=\".\" style=\"background-color: inherit\" class=\"hierarchy\"/><img src=\"icon_datatype.gif\" alt=\".\" style=\"background-color: #F7F7F7; background-color: inherit\" title=\"Data Type\" class=\"hierarchy\"/> <a href=\"StructureDefinition-DDCCCoreDataSet.TR-definitions.html#DDCCCoreDataSet.test\" title=\"A test event.\">test</a><a name=\"DDCCCoreDataSet.test\"> </a></td><td style=\"vertical-align: top; text-align : left; background-color: #F7F7F7; border: 0px #F0F0F0 solid; padding:0px 4px 0px 4px\" class=\"hierarchy\"><span style=\"padding-left: 3px; padding-right: 3px; color: black; null\" title=\"This element is included in summaries\">Σ</span></td><td style=\"vertical-align: top; text-align : left; background-color: #F7F7F7; border: 0px #F0F0F0 solid; padding:0px 4px 0px 4px\" class=\"hierarchy\">1..1</td><td style=\"vertical-align: top; text-align : left; background-color: #F7F7F7; border: 0px #F0F0F0 solid; padding:0px 4px 0px 4px\" class=\"hierarchy\"><a href=\"http://hl7.org/fhir/R4/datatypes.html#BackboneElement\">BackboneElement</a></td><td style=\"vertical-align: top; text-align : left; background-color: #F7F7F7; border: 0px #F0F0F0 solid; padding:0px 4px 0px 4px\" class=\"hierarchy\">Test Event</td></tr>\r\n<tr style=\"border: 0px #F0F0F0 solid; padding:0px; vertical-align: top; background-color: white\"><td style=\"vertical-align: top; text-align : left; background-color: white; border: 0px #F0F0F0 solid; padding:0px 4px 0px 4px; white-space: nowrap; background-image: url(tbl_bck010.png)\" class=\"hierarchy\"><img src=\"tbl_spacer.png\" alt=\".\" style=\"background-color: inherit\" class=\"hierarchy\"/><img src=\"tbl_blank.png\" alt=\".\" style=\"background-color: inherit\" class=\"hierarchy\"/><img src=\"tbl_vjoin.png\" alt=\".\" style=\"background-color: inherit\" class=\"hierarchy\"/><img src=\"icon_datatype.gif\" alt=\".\" style=\"background-color: white; background-color: inherit\" title=\"Data Type\" class=\"hierarchy\"/> <a href=\"StructureDefinition-DDCCCoreDataSet.TR-definitions.html#DDCCCoreDataSet.test.pathogen\" title=\"Name of the pathogen being tested for (such as SARS-CoV-2). \">pathogen</a><a name=\"DDCCCoreDataSet.test.pathogen\"> </a></td><td style=\"vertical-align: top; text-align : left; background-color: white; border: 0px #F0F0F0 solid; padding:0px 4px 0px 4px\" class=\"hierarchy\"><span style=\"padding-left: 3px; padding-right: 3px; color: black; null\" title=\"This element is included in summaries\">Σ</span></td><td style=\"vertical-align: top; text-align : left; background-color: white; border: 0px #F0F0F0 solid; padding:0px 4px 0px 4px\" class=\"hierarchy\">1..1</td><td style=\"vertical-align: top; text-align : left; background-color: white; border: 0px #F0F0F0 solid; padding:0px 4px 0px 4px\" class=\"hierarchy\"><a href=\"http://hl7.org/fhir/R4/datatypes.html#Coding\">Coding</a></td><td style=\"vertical-align: top; text-align : left; background-color: white; border: 0px #F0F0F0 solid; padding:0px 4px 0px 4px\" class=\"hierarchy\">Pathogen targeted<br/><span style=\"font-weight:bold\">Binding: </span><a href=\"ValueSet-who-ddcc-agent-targeted-covid-19.html\">WHO Agent Targeted (COVID-19)</a> (<a href=\"http://hl7.org/fhir/R4/terminologies.html#preferred\" title=\"Instances are encouraged to draw from the specified codes for interoperability purposes but are not required to do so to be considered conformant.\">preferred</a>)</td></tr>\r\n<tr style=\"border: 0px #F0F0F0 solid; padding:0px; vertical-align: top; background-color: #F7F7F7\"><td style=\"vertical-align: top; text-align : left; background-color: #F7F7F7; border: 0px #F0F0F0 solid; padding:0px 4px 0px 4px; white-space: nowrap; background-image: url(tbl_bck010.png)\" class=\"hierarchy\"><img src=\"tbl_spacer.png\" alt=\".\" style=\"background-color: inherit\" class=\"hierarchy\"/><img src=\"tbl_blank.png\" alt=\".\" style=\"background-color: inherit\" class=\"hierarchy\"/><img src=\"tbl_vjoin.png\" alt=\".\" style=\"background-color: inherit\" class=\"hierarchy\"/><img src=\"icon_datatype.gif\" alt=\".\" style=\"background-color: #F7F7F7; background-color: inherit\" title=\"Data Type\" class=\"hierarchy\"/> <a href=\"StructureDefinition-DDCCCoreDataSet.TR-definitions.html#DDCCCoreDataSet.test.type\" title=\"Name of the type of test that was conducted e.g. NAAT.\">type</a><a name=\"DDCCCoreDataSet.test.type\"> </a></td><td style=\"vertical-align: top; text-align : left; background-color: #F7F7F7; border: 0px #F0F0F0 solid; padding:0px 4px 0px 4px\" class=\"hierarchy\"><span style=\"padding-left: 3px; padding-right: 3px; color: black; null\" title=\"This element is included in summaries\">Σ</span></td><td style=\"vertical-align: top; text-align : left; background-color: #F7F7F7; border: 0px #F0F0F0 solid; padding:0px 4px 0px 4px\" class=\"hierarchy\">1..1</td><td style=\"vertical-align: top; text-align : left; background-color: #F7F7F7; border: 0px #F0F0F0 solid; padding:0px 4px 0px 4px\" class=\"hierarchy\"><a href=\"http://hl7.org/fhir/R4/datatypes.html#Coding\">Coding</a></td><td style=\"vertical-align: top; text-align : left; background-color: #F7F7F7; border: 0px #F0F0F0 solid; padding:0px 4px 0px 4px\" class=\"hierarchy\">Type of test<br/><span style=\"font-weight:bold\">Binding: </span><a href=\"ValueSet-who-ddcc-type-of-test-covid-19.html\">WHO Type of Covid-19 Test</a> (<a href=\"http://hl7.org/fhir/R4/terminologies.html#preferred\" title=\"Instances are encouraged to draw from the specified codes for interoperability purposes but are not required to do so to be considered conformant.\">preferred</a>)</td></tr>\r\n<tr style=\"border: 0px #F0F0F0 solid; padding:0px; vertical-align: top; background-color: white\"><td style=\"vertical-align: top; text-align : left; background-color: white; border: 0px #F0F0F0 solid; padding:0px 4px 0px 4px; white-space: nowrap; background-image: url(tbl_bck010.png)\" class=\"hierarchy\"><img src=\"tbl_spacer.png\" alt=\".\" style=\"background-color: inherit\" class=\"hierarchy\"/><img src=\"tbl_blank.png\" alt=\".\" style=\"background-color: inherit\" class=\"hierarchy\"/><img src=\"tbl_vjoin.png\" alt=\".\" style=\"background-color: inherit\" class=\"hierarchy\"/><img src=\"icon_datatype.gif\" alt=\".\" style=\"background-color: white; background-color: inherit\" title=\"Data Type\" class=\"hierarchy\"/> <a href=\"StructureDefinition-DDCCCoreDataSet.TR-definitions.html#DDCCCoreDataSet.test.brand\" title=\"The brand or trade name used to refer to the test conducted.\">brand</a><a name=\"DDCCCoreDataSet.test.brand\"> </a></td><td style=\"vertical-align: top; text-align : left; background-color: white; border: 0px #F0F0F0 solid; padding:0px 4px 0px 4px\" class=\"hierarchy\"><span style=\"padding-left: 3px; padding-right: 3px; color: black; null\" title=\"This element is included in summaries\">Σ</span></td><td style=\"vertical-align: top; text-align : left; background-color: white; border: 0px #F0F0F0 solid; padding:0px 4px 0px 4px\" class=\"hierarchy\">0..1</td><td style=\"vertical-align: top; text-align : left; background-color: white; border: 0px #F0F0F0 solid; padding:0px 4px 0px 4px\" class=\"hierarchy\"><a href=\"http://hl7.org/fhir/R4/datatypes.html#Coding\">Coding</a></td><td style=\"vertical-align: top; text-align : left; background-color: white; border: 0px #F0F0F0 solid; padding:0px 4px 0px 4px\" class=\"hierarchy\">Test brand</td></tr>\r\n<tr style=\"border: 0px #F0F0F0 solid; padding:0px; vertical-align: top; background-color: #F7F7F7\"><td style=\"vertical-align: top; text-align : left; background-color: #F7F7F7; border: 0px #F0F0F0 solid; padding:0px 4px 0px 4px; white-space: nowrap; background-image: url(tbl_bck010.png)\" class=\"hierarchy\"><img src=\"tbl_spacer.png\" alt=\".\" style=\"background-color: inherit\" class=\"hierarchy\"/><img src=\"tbl_blank.png\" alt=\".\" style=\"background-color: inherit\" class=\"hierarchy\"/><img src=\"tbl_vjoin.png\" alt=\".\" style=\"background-color: inherit\" class=\"hierarchy\"/><img src=\"icon_datatype.gif\" alt=\".\" style=\"background-color: #F7F7F7; background-color: inherit\" title=\"Data Type\" class=\"hierarchy\"/> <a href=\"StructureDefinition-DDCCCoreDataSet.TR-definitions.html#DDCCCoreDataSet.test.manufacturer\" title=\"Name of the manufacturer of the test conducted.\">manufacturer</a><a name=\"DDCCCoreDataSet.test.manufacturer\"> </a></td><td style=\"vertical-align: top; text-align : left; background-color: #F7F7F7; border: 0px #F0F0F0 solid; padding:0px 4px 0px 4px\" class=\"hierarchy\"><span style=\"padding-left: 3px; padding-right: 3px; color: black; null\" title=\"This element is included in summaries\">Σ</span></td><td style=\"vertical-align: top; text-align : left; background-color: #F7F7F7; border: 0px #F0F0F0 solid; padding:0px 4px 0px 4px\" class=\"hierarchy\">0..1</td><td style=\"vertical-align: top; text-align : left; background-color: #F7F7F7; border: 0px #F0F0F0 solid; padding:0px 4px 0px 4px\" class=\"hierarchy\"><a href=\"http://hl7.org/fhir/R4/datatypes.html#Coding\">Coding</a></td><td style=\"vertical-align: top; text-align : left; background-color: #F7F7F7; border: 0px #F0F0F0 solid; padding:0px 4px 0px 4px\" class=\"hierarchy\">Test manufacturer</td></tr>\r\n<tr style=\"border: 0px #F0F0F0 solid; padding:0px; vertical-align: top; background-color: white\"><td style=\"vertical-align: top; text-align : left; background-color: white; border: 0px #F0F0F0 solid; padding:0px 4px 0px 4px; white-space: nowrap; background-image: url(tbl_bck010.png)\" class=\"hierarchy\"><img src=\"tbl_spacer.png\" alt=\".\" style=\"background-color: inherit\" class=\"hierarchy\"/><img src=\"tbl_blank.png\" alt=\".\" style=\"background-color: inherit\" class=\"hierarchy\"/><img src=\"tbl_vjoin.png\" alt=\".\" style=\"background-color: inherit\" class=\"hierarchy\"/><img src=\"icon_datatype.gif\" alt=\".\" style=\"background-color: white; background-color: inherit\" title=\"Data Type\" class=\"hierarchy\"/> <a href=\"StructureDefinition-DDCCCoreDataSet.TR-definitions.html#DDCCCoreDataSet.test.origin\" title=\"The type of sample that was taken  e.g. Nasopharyngeal swab or Saliva specimen.\">origin</a><a name=\"DDCCCoreDataSet.test.origin\"> </a></td><td style=\"vertical-align: top; text-align : left; background-color: white; border: 0px #F0F0F0 solid; padding:0px 4px 0px 4px\" class=\"hierarchy\"><span style=\"padding-left: 3px; padding-right: 3px; color: black; null\" title=\"This element is included in summaries\">Σ</span></td><td style=\"vertical-align: top; text-align : left; background-color: white; border: 0px #F0F0F0 solid; padding:0px 4px 0px 4px\" class=\"hierarchy\">0..1</td><td style=\"vertical-align: top; text-align : left; background-color: white; border: 0px #F0F0F0 solid; padding:0px 4px 0px 4px\" class=\"hierarchy\"><a href=\"http://hl7.org/fhir/R4/datatypes.html#Coding\">Coding</a></td><td style=\"vertical-align: top; text-align : left; background-color: white; border: 0px #F0F0F0 solid; padding:0px 4px 0px 4px\" class=\"hierarchy\">Specimen Sample Origin<br/><span style=\"font-weight:bold\">Binding: </span><a href=\"ValueSet-who-ddcc-sample-origin-covid-19.html\">WHO Speciman Sample Origin (COVID-19)</a> (<a href=\"http://hl7.org/fhir/R4/terminologies.html#preferred\" title=\"Instances are encouraged to draw from the specified codes for interoperability purposes but are not required to do so to be considered conformant.\">preferred</a>)</td></tr>\r\n<tr style=\"border: 0px #F0F0F0 solid; padding:0px; vertical-align: top; background-color: #F7F7F7\"><td style=\"vertical-align: top; text-align : left; background-color: #F7F7F7; border: 0px #F0F0F0 solid; padding:0px 4px 0px 4px; white-space: nowrap; background-image: url(tbl_bck010.png)\" class=\"hierarchy\"><img src=\"tbl_spacer.png\" alt=\".\" style=\"background-color: inherit\" class=\"hierarchy\"/><img src=\"tbl_blank.png\" alt=\".\" style=\"background-color: inherit\" class=\"hierarchy\"/><img src=\"tbl_vjoin.png\" alt=\".\" style=\"background-color: inherit\" class=\"hierarchy\"/><img src=\"icon_primitive.png\" alt=\".\" style=\"background-color: #F7F7F7; background-color: inherit\" title=\"Primitive Data Type\" class=\"hierarchy\"/> <a href=\"StructureDefinition-DDCCCoreDataSet.TR-definitions.html#DDCCCoreDataSet.test.date\" title=\"Date and time when sample was collected.\">date</a><a name=\"DDCCCoreDataSet.test.date\"> </a></td><td style=\"vertical-align: top; text-align : left; background-color: #F7F7F7; border: 0px #F0F0F0 solid; padding:0px 4px 0px 4px\" class=\"hierarchy\"><span style=\"padding-left: 3px; padding-right: 3px; color: black; null\" title=\"This element is included in summaries\">Σ</span></td><td style=\"vertical-align: top; text-align : left; background-color: #F7F7F7; border: 0px #F0F0F0 solid; padding:0px 4px 0px 4px\" class=\"hierarchy\">1..1</td><td style=\"vertical-align: top; text-align : left; background-color: #F7F7F7; border: 0px #F0F0F0 solid; padding:0px 4px 0px 4px\" class=\"hierarchy\"><a href=\"http://hl7.org/fhir/R4/datatypes.html#dateTime\">dateTime</a></td><td style=\"vertical-align: top; text-align : left; background-color: #F7F7F7; border: 0px #F0F0F0 solid; padding:0px 4px 0px 4px\" class=\"hierarchy\">Date and time of sample collection</td></tr>\r\n<tr style=\"border: 0px #F0F0F0 solid; padding:0px; vertical-align: top; background-color: white\"><td style=\"vertical-align: top; text-align : left; background-color: white; border: 0px #F0F0F0 solid; padding:0px 4px 0px 4px; white-space: nowrap; background-image: url(tbl_bck010.png)\" class=\"hierarchy\"><img src=\"tbl_spacer.png\" alt=\".\" style=\"background-color: inherit\" class=\"hierarchy\"/><img src=\"tbl_blank.png\" alt=\".\" style=\"background-color: inherit\" class=\"hierarchy\"/><img src=\"tbl_vjoin.png\" alt=\".\" style=\"background-color: inherit\" class=\"hierarchy\"/><img src=\"icon_datatype.gif\" alt=\".\" style=\"background-color: white; background-color: inherit\" title=\"Data Type\" class=\"hierarchy\"/> <a href=\"StructureDefinition-DDCCCoreDataSet.TR-definitions.html#DDCCCoreDataSet.test.result\" title=\"Detected or Not detected presence of SARS-CoV-2 infection.\">result</a><a name=\"DDCCCoreDataSet.test.result\"> </a></td><td style=\"vertical-align: top; text-align : left; background-color: white; border: 0px #F0F0F0 solid; padding:0px 4px 0px 4px\" class=\"hierarchy\"/><td style=\"vertical-align: top; text-align : left; background-color: white; border: 0px #F0F0F0 solid; padding:0px 4px 0px 4px\" class=\"hierarchy\">0..1</td><td style=\"vertical-align: top; text-align : left; background-color: white; border: 0px #F0F0F0 solid; padding:0px 4px 0px 4px\" class=\"hierarchy\"><a href=\"http://hl7.org/fhir/R4/datatypes.html#Coding\">Coding</a></td><td style=\"vertical-align: top; text-align : left; background-color: white; border: 0px #F0F0F0 solid; padding:0px 4px 0px 4px\" class=\"hierarchy\">Test result<br/><span style=\"font-weight:bold\">Binding: </span><a href=\"ValueSet-who-ddcc-test-result-covid-19.html\">WHO Test Result (COVID-19)</a> (<a href=\"http://hl7.org/fhir/R4/terminologies.html#preferred\" title=\"Instances are encouraged to draw from the specified codes for interoperability purposes but are not required to do so to be considered conformant.\">preferred</a>)</td></tr>\r\n<tr style=\"border: 0px #F0F0F0 solid; padding:0px; vertical-align: top; background-color: #F7F7F7\"><td style=\"vertical-align: top; text-align : left; background-color: #F7F7F7; border: 0px #F0F0F0 solid; padding:0px 4px 0px 4px; white-space: nowrap; background-image: url(tbl_bck010.png)\" class=\"hierarchy\"><img src=\"tbl_spacer.png\" alt=\".\" style=\"background-color: inherit\" class=\"hierarchy\"/><img src=\"tbl_blank.png\" alt=\".\" style=\"background-color: inherit\" class=\"hierarchy\"/><img src=\"tbl_vjoin.png\" alt=\".\" style=\"background-color: inherit\" class=\"hierarchy\"/><img src=\"icon_datatype.gif\" alt=\".\" style=\"background-color: #F7F7F7; background-color: inherit\" title=\"Data Type\" class=\"hierarchy\"/> <a href=\"StructureDefinition-DDCCCoreDataSet.TR-definitions.html#DDCCCoreDataSet.test.centre\" title=\"A codable name or identifier of the facility responsible for conducting the test.\">centre</a><a name=\"DDCCCoreDataSet.test.centre\"> </a></td><td style=\"vertical-align: top; text-align : left; background-color: #F7F7F7; border: 0px #F0F0F0 solid; padding:0px 4px 0px 4px\" class=\"hierarchy\"/><td style=\"vertical-align: top; text-align : left; background-color: #F7F7F7; border: 0px #F0F0F0 solid; padding:0px 4px 0px 4px\" class=\"hierarchy\">0..1</td><td style=\"vertical-align: top; text-align : left; background-color: #F7F7F7; border: 0px #F0F0F0 solid; padding:0px 4px 0px 4px\" class=\"hierarchy\"><a href=\"http://hl7.org/fhir/R4/datatypes.html#Coding\">Coding</a></td><td style=\"vertical-align: top; text-align : left; background-color: #F7F7F7; border: 0px #F0F0F0 solid; padding:0px 4px 0px 4px\" class=\"hierarchy\">Test centre or facility name</td></tr>\r\n<tr style=\"border: 0px #F0F0F0 solid; padding:0px; vertical-align: top; background-color: white\"><td style=\"vertical-align: top; text-align : left; background-color: white; border: 0px #F0F0F0 solid; padding:0px 4px 0px 4px; white-space: nowrap; background-image: url(tbl_bck000.png)\" class=\"hierarchy\"><img src=\"tbl_spacer.png\" alt=\".\" style=\"background-color: inherit\" class=\"hierarchy\"/><img src=\"tbl_blank.png\" alt=\".\" style=\"background-color: inherit\" class=\"hierarchy\"/><img src=\"tbl_vjoin_end.png\" alt=\".\" style=\"background-color: inherit\" class=\"hierarchy\"/><img src=\"icon_datatype.gif\" alt=\".\" style=\"background-color: white; background-color: inherit\" title=\"Data Type\" class=\"hierarchy\"/> <a href=\"StructureDefinition-DDCCCoreDataSet.TR-definitions.html#DDCCCoreDataSet.test.country\" title=\"The country in which the individual has been tested.\">country</a><a name=\"DDCCCoreDataSet.test.country\"> </a></td><td style=\"vertical-align: top; text-align : left; background-color: white; border: 0px #F0F0F0 solid; padding:0px 4px 0px 4px\" class=\"hierarchy\"><span style=\"padding-left: 3px; padding-right: 3px; color: black; null\" title=\"This element is included in summaries\">Σ</span></td><td style=\"vertical-align: top; text-align : left; background-color: white; border: 0px #F0F0F0 solid; padding:0px 4px 0px 4px\" class=\"hierarchy\">1..1</td><td style=\"vertical-align: top; text-align : left; background-color: white; border: 0px #F0F0F0 solid; padding:0px 4px 0px 4px\" class=\"hierarchy\"><a href=\"http://hl7.org/fhir/R4/datatypes.html#Coding\">Coding</a></td><td style=\"vertical-align: top; text-align : left; background-color: white; border: 0px #F0F0F0 solid; padding:0px 4px 0px 4px\" class=\"hierarchy\">Test centre country<br/><span style=\"font-weight:bold\">Binding: </span><a href=\"http://hl7.org/fhir/R4/valueset-iso3166-1-3.html\">Iso3166-1-3</a> (<a href=\"http://hl7.org/fhir/R4/terminologies.html#preferred\" title=\"Instances are encouraged to draw from the specified codes for interoperability purposes but are not required to do so to be considered conformant.\">preferred</a>)</td></tr>\r\n<tr><td colspan=\"5\" class=\"hierarchy\"><br/><a href=\"http://hl7.org/fhir/R4/formats.html#table\" title=\"Legend for this format\"><img src=\"http://hl7.org/fhir/R4/help16.png\" alt=\"doco\" style=\"background-color: inherit\"/> Documentation for this format</a></td></tr></table></div>"
  },
  "url": "http://worldhealthorganization.github.io/ddcc/StructureDefinition/DDCCCoreDataSet.TR",
  "version": "1.0.0",
  "name": "DDCCCoreDataSet_TR",
  "title": "DDCC Core Data Set Logical Model for Test Result",
  "status": "draft",
  "date": "2022-03-30T05:07:06+00:00",
  "publisher": "WHO",
  "contact": [
    {
      "name": "WHO",
      "telecom": [
        {
          "system": "url",
          "value": "http://who.int"
        }
      ]
    }
  ],
  "description": "Data elements for the DDCC Core Data Set for Test Result.",
  "jurisdiction": [
    {
      "coding": [
        {
          "system": "http://unstats.un.org/unsd/methods/m49/m49.htm",
          "code": "001"
        }
      ]
    }
  ],
  "fhirVersion": "4.0.1",
  "mapping": [
    {
      "identity": "rim",
      "uri": "http://hl7.org/v3",
      "name": "RIM Mapping"
    },
    {
      "identity": "ddcc-observation",
      "uri": "http://worldhealthorganization.github.io/ddcc/StructureDefinition/DDCCObservation",
      "name": "WHO Digital Documentation of COVID Certificates"
    },
    {
      "identity": "ddcc-specimen",
      "uri": "http://worldhealthorganization.github.io/ddcc/StructureDefinition/DDCCSpecimen",
      "name": "WHO Digital Documentation of COVID Certificates"
    },
    {
      "identity": "ddcc-test",
      "uri": "http://worldhealthorganization.github.io/ddcc/StructureDefinition/DDCCTest",
      "name": "WHO Digital Documentation of COVID Certificates"
    },
    {
      "identity": "ddcc-diagnostic-report",
      "uri": "http://worldhealthorganization.github.io/ddcc/StructureDefinition/DDCCDiagnosticReport",
      "name": "WHO Digital Documentation of COVID Certificates"
    },
    {
      "identity": "ddcc-procedure",
      "uri": "http://worldhealthorganization.github.io/ddcc/StructureDefinition/DDCCProcedure",
      "name": "WHO Digital Documentation of COVID Certificates"
    },
    {
      "identity": "ddcc-composition",
      "uri": "http://worldhealthorganization.github.io/ddcc/StructureDefinition/DDCCComposition",
      "name": "WHO Digital Documentation of COVID Certificates"
    },
    {
      "identity": "ddcc-patient",
      "uri": "http://worldhealthorganization.github.io/ddcc/StructureDefinition/DDCCPatient",
      "name": "WHO Digital Documentation of COVID Certificates"
    }
  ],
  "kind": "logical",
  "abstract": true,
  "type": "DDCCCoreDataSet",
  "baseDefinition": "http://worldhealthorganization.github.io/ddcc/StructureDefinition/DDCCCoreDataSet",
  "derivation": "specialization",
  "snapshot": {
    "element": [
      {
        "id": "DDCCCoreDataSet",
        "path": "DDCCCoreDataSet",
        "short": "DDCC Core Data Set Logical Model for Test Result",
        "definition": "Data elements for the DDCC Core Data Set for Test Result.",
        "min": 0,
        "max": "*",
        "base": {
          "path": "Base",
          "min": 0,
          "max": "*"
        },
        "isModifier": false
      },
      {
        "id": "DDCCCoreDataSet.name",
        "path": "DDCCCoreDataSet.name",
        "short": "Name",
        "definition": "The full name of the person.",
        "min": 1,
        "max": "1",
        "base": {
          "path": "DDCCCoreDataSet.name",
          "min": 1,
          "max": "1"
        },
        "type": [
          {
            "code": "string"
          }
        ],
        "isSummary": true,
        "mapping": [
          {
            "identity": "ddcc-patient",
            "map": "Patient.name.text"
          }
        ]
      },
      {
        "id": "DDCCCoreDataSet.birthDate",
        "path": "DDCCCoreDataSet.birthDate",
        "short": "Date of birth",
        "definition": "The person's date of birth (DOB) if known. If unknown, use given DOB for administrative purposes",
        "min": 0,
        "max": "1",
        "base": {
          "path": "DDCCCoreDataSet.birthDate",
          "min": 0,
          "max": "1"
        },
        "type": [
          {
            "code": "date"
          }
        ],
        "isSummary": true,
        "mapping": [
          {
            "identity": "ddcc-patient",
            "map": "Patient.birthDate"
          }
        ]
      },
      {
        "id": "DDCCCoreDataSet.identifier",
        "path": "DDCCCoreDataSet.identifier",
        "short": "Unique identifier",
        "definition": "Unique identifier for the person, according to the policies applicable to each country. There can be more than one unique identifier used to link records. (e.g. national ID, health ID, immunization information system ID, medical record ID).",
        "min": 0,
        "max": "1",
        "base": {
          "path": "DDCCCoreDataSet.identifier",
          "min": 0,
          "max": "1"
        },
        "type": [
          {
            "code": "Identifier"
          }
        ],
        "isSummary": true,
        "mapping": [
          {
            "identity": "ddcc-patient",
            "map": "Patient.identifier"
          }
        ]
      },
      {
        "id": "DDCCCoreDataSet.certificate",
        "path": "DDCCCoreDataSet.certificate",
        "short": "Certificate Metadata",
        "definition": "Metadata associated with the certificate",
        "min": 0,
        "max": "1",
        "base": {
          "path": "DDCCCoreDataSet.certificate",
          "min": 0,
          "max": "1"
        },
        "type": [
          {
            "code": "BackboneElement"
          }
        ],
        "isSummary": true
      },
      {
        "id": "DDCCCoreDataSet.certificate.issuer",
        "path": "DDCCCoreDataSet.certificate.issuer",
        "short": "Certificate issuer",
        "definition": "Certificate issuer.",
        "min": 1,
        "max": "1",
        "base": {
          "path": "DDCCCoreDataSet.certificate.issuer",
          "min": 1,
          "max": "1"
        },
        "type": [
          {
            "code": "Reference",
            "targetProfile": [
              "http://worldhealthorganization.github.io/ddcc/StructureDefinition/DDCCOrganization"
            ]
          }
        ],
        "isSummary": true,
        "mapping": [
          {
            "identity": "ddcc-composition",
            "map": "Composition.author.identifier"
          }
        ]
      },
      {
        "id": "DDCCCoreDataSet.certificate.hcid",
        "path": "DDCCCoreDataSet.certificate.hcid",
        "short": "Health certificate identifier (HCID)",
        "definition": "Health certificate identifier (HCID).",
        "min": 1,
        "max": "1",
        "base": {
          "path": "DDCCCoreDataSet.certificate.hcid",
          "min": 1,
          "max": "1"
        },
        "type": [
          {
            "code": "Identifier"
          }
        ],
        "isSummary": true
      },
      {
        "id": "DDCCCoreDataSet.certificate.ddccid",
        "path": "DDCCCoreDataSet.certificate.ddccid",
        "short": "DDCC Identifier",
        "definition": "DDCC Identifier",
        "min": 0,
        "max": "1",
        "base": {
          "path": "DDCCCoreDataSet.certificate.ddccid",
          "min": 0,
          "max": "1"
        },
        "type": [
          {
            "code": "Identifier"
          }
        ],
        "isSummary": true
      },
      {
        "id": "DDCCCoreDataSet.certificate.version",
        "path": "DDCCCoreDataSet.certificate.version",
        "short": "Certificate schema version",
        "definition": "Certificate schema version",
        "min": 1,
        "max": "1",
        "base": {
          "path": "DDCCCoreDataSet.certificate.version",
          "min": 1,
          "max": "1"
        },
        "type": [
          {
            "code": "string"
          }
        ],
        "isSummary": true
      },
      {
        "id": "DDCCCoreDataSet.certificate.period",
        "path": "DDCCCoreDataSet.certificate.period",
        "short": "Certificate Validity Period",
        "definition": "Certificate validity period.",
        "min": 0,
        "max": "1",
        "base": {
          "path": "DDCCCoreDataSet.certificate.period",
          "min": 0,
          "max": "1"
        },
        "type": [
          {
            "code": "Period"
          }
        ],
        "mapping": [
          {
            "identity": "ddcc-composition",
            "map": "Composition.event.period"
          }
        ]
      },
      {
        "id": "DDCCCoreDataSet.certificate.period.start",
        "path": "DDCCCoreDataSet.certificate.period.start",
        "short": "Certificate valid from",
        "definition": "Start date of certificate validity.",
        "min": 0,
        "max": "1",
        "base": {
          "path": "DDCCCoreDataSet.certificate.period.start",
          "min": 0,
          "max": "1"
        },
        "type": [
          {
            "code": "date"
          }
        ]
      },
      {
        "id": "DDCCCoreDataSet.certificate.period.end",
        "path": "DDCCCoreDataSet.certificate.period.end",
        "short": "Certificate valid until",
        "definition": "End date of certificate validity.",
        "min": 0,
        "max": "1",
        "base": {
          "path": "DDCCCoreDataSet.certificate.period.end",
          "min": 0,
          "max": "1"
        },
        "type": [
          {
            "code": "date"
          }
        ]
      },
      {
        "id": "DDCCCoreDataSet.test",
        "path": "DDCCCoreDataSet.test",
        "short": "Test Event",
        "definition": "A test event.",
        "min": 1,
        "max": "1",
        "base": {
          "path": "DDCCCoreDataSet.test",
          "min": 1,
          "max": "1"
        },
        "type": [
          {
            "code": "BackboneElement"
          }
        ],
        "isSummary": true
      },
      {
        "id": "DDCCCoreDataSet.test.pathogen",
        "path": "DDCCCoreDataSet.test.pathogen",
        "short": "Pathogen targeted",
        "definition": "Name of the pathogen being tested for (such as SARS-CoV-2). ",
        "min": 1,
        "max": "1",
        "base": {
          "path": "DDCCCoreDataSet.test.pathogen",
          "min": 1,
          "max": "1"
        },
        "type": [
          {
            "code": "Coding"
          }
        ],
        "isSummary": true,
        "binding": {
          "strength": "preferred",
          "valueSet": "http://worldhealthorganization.github.io/ddcc/ValueSet/who-ddcc-agent-targeted-covid-19"
        },
        "mapping": [
          {
            "identity": "ddcc-test",
            "map": "Device.property.valueCode"
          }
        ]
      },
      {
        "id": "DDCCCoreDataSet.test.type",
        "path": "DDCCCoreDataSet.test.type",
        "short": "Type of test",
        "definition": "Name of the type of test that was conducted e.g. NAAT.",
        "min": 1,
        "max": "1",
        "base": {
          "path": "DDCCCoreDataSet.test.type",
          "min": 1,
          "max": "1"
        },
        "type": [
          {
            "code": "Coding"
          }
        ],
        "isSummary": true,
        "binding": {
          "strength": "preferred",
          "valueSet": "http://worldhealthorganization.github.io/ddcc/ValueSet/who-ddcc-type-of-test-covid-19"
        },
        "mapping": [
          {
            "identity": "ddcc-observation",
            "map": "Observation.code"
          },
          {
            "identity": "ddcc-test",
            "map": "Device.type"
          },
          {
            "identity": "ddcc-diagnostic-report",
            "map": "DiagnosticReport.code"
          }
        ]
      },
      {
        "id": "DDCCCoreDataSet.test.brand",
        "path": "DDCCCoreDataSet.test.brand",
        "short": "Test brand",
        "definition": "The brand or trade name used to refer to the test conducted.",
        "min": 0,
        "max": "1",
        "base": {
          "path": "DDCCCoreDataSet.test.brand",
          "min": 0,
          "max": "1"
        },
        "type": [
          {
            "code": "Coding"
          }
        ],
        "isSummary": true,
        "mapping": [
          {
            "identity": "ddcc-test",
            "map": "Device.property.valueCode"
          }
        ]
      },
      {
        "id": "DDCCCoreDataSet.test.manufacturer",
        "path": "DDCCCoreDataSet.test.manufacturer",
        "short": "Test manufacturer",
        "definition": "Name of the manufacturer of the test conducted.",
        "min": 0,
        "max": "1",
        "base": {
          "path": "DDCCCoreDataSet.test.manufacturer",
          "min": 0,
          "max": "1"
        },
        "type": [
          {
            "code": "Coding"
          }
        ],
        "isSummary": true,
        "mapping": [
          {
            "identity": "ddcc-test",
            "map": "Device.manufacturer"
          }
        ]
      },
      {
        "id": "DDCCCoreDataSet.test.origin",
        "path": "DDCCCoreDataSet.test.origin",
        "short": "Specimen Sample Origin",
        "definition": "The type of sample that was taken  e.g. Nasopharyngeal swab or Saliva specimen.",
        "min": 0,
        "max": "1",
        "base": {
          "path": "DDCCCoreDataSet.test.origin",
          "min": 0,
          "max": "1"
        },
        "type": [
          {
            "code": "Coding"
          }
        ],
        "isSummary": true,
        "binding": {
          "strength": "preferred",
          "valueSet": "http://worldhealthorganization.github.io/ddcc/ValueSet/who-ddcc-sample-origin-covid-19"
        },
        "mapping": [
          {
            "identity": "ddcc-observation",
            "map": "Observation.method"
          },
          {
            "identity": "ddcc-specimen",
            "map": "Specimen.code"
          }
        ]
      },
      {
        "id": "DDCCCoreDataSet.test.date",
        "path": "DDCCCoreDataSet.test.date",
        "short": "Date and time of sample collection",
        "definition": "Date and time when sample was collected.",
        "min": 1,
        "max": "1",
        "base": {
          "path": "DDCCCoreDataSet.test.date",
          "min": 1,
          "max": "1"
        },
        "type": [
          {
            "code": "dateTime"
          }
        ],
        "isSummary": true,
        "mapping": [
          {
            "identity": "ddcc-observation",
            "map": "Observation.effective"
          },
          {
            "identity": "ddcc-specimen",
            "map": "Specimen.collection.collected"
          },
          {
            "identity": "ddcc-diagnostic-report",
            "map": "DiagnosticReport.effective"
          },
          {
            "identity": "ddcc-procedure",
            "map": "Procedure.performed"
          }
        ]
      },
      {
        "id": "DDCCCoreDataSet.test.result",
        "path": "DDCCCoreDataSet.test.result",
        "short": "Test result",
        "definition": "Detected or Not detected presence of SARS-CoV-2 infection.",
        "min": 0,
        "max": "1",
        "base": {
          "path": "DDCCCoreDataSet.test.result",
          "min": 0,
          "max": "1"
        },
        "type": [
          {
            "code": "Coding"
          }
        ],
        "binding": {
          "strength": "preferred",
          "valueSet": "http://worldhealthorganization.github.io/ddcc/ValueSet/who-ddcc-test-result-covid-19"
        },
        "mapping": [
          {
            "identity": "ddcc-observation",
            "map": "Observation.value"
          }
        ]
      },
      {
        "id": "DDCCCoreDataSet.test.centre",
        "path": "DDCCCoreDataSet.test.centre",
        "short": "Test centre or facility name",
        "definition": "A codable name or identifier of the facility responsible for conducting the test.",
        "min": 0,
        "max": "1",
        "base": {
          "path": "DDCCCoreDataSet.test.centre",
          "min": 0,
          "max": "1"
        },
        "type": [
          {
            "code": "Coding"
          }
        ],
        "mapping": [
          {
            "identity": "ddcc-procedure",
            "map": "Procedure.location"
          }
        ]
      },
      {
        "id": "DDCCCoreDataSet.test.country",
        "path": "DDCCCoreDataSet.test.country",
        "short": "Test centre country",
        "definition": "The country in which the individual has been tested.",
        "min": 1,
        "max": "1",
        "base": {
          "path": "DDCCCoreDataSet.test.country",
          "min": 1,
          "max": "1"
        },
        "type": [
          {
            "code": "Coding"
          }
        ],
        "isSummary": true,
        "binding": {
          "strength": "preferred",
          "valueSet": "http://hl7.org/fhir/ValueSet/iso3166-1-3"
        },
        "mapping": [
          {
            "identity": "ddcc-procedure",
            "map": "Procedure.extension[https://worldhealthorganization.github.io/ddcc/StructureDefinition/DDCCCountryOfEvent]"
          }
        ]
      }
    ]
  },
  "differential": {
    "element": [
      {
        "id": "DDCCCoreDataSet",
        "path": "DDCCCoreDataSet",
        "short": "DDCC Core Data Set Logical Model for Test Result",
        "definition": "Data elements for the DDCC Core Data Set for Test Result."
      },
      {
        "id": "DDCCCoreDataSet.test",
        "path": "DDCCCoreDataSet.test",
        "short": "Test Event",
        "definition": "A test event.",
        "min": 1,
        "max": "1",
        "type": [
          {
            "code": "BackboneElement"
          }
        ],
        "isSummary": true
      },
      {
        "id": "DDCCCoreDataSet.test.pathogen",
        "path": "DDCCCoreDataSet.test.pathogen",
        "short": "Pathogen targeted",
        "definition": "Name of the pathogen being tested for (such as SARS-CoV-2). ",
        "min": 1,
        "max": "1",
        "type": [
          {
            "code": "Coding"
          }
        ],
        "isSummary": true,
        "binding": {
          "strength": "preferred",
          "valueSet": "http://worldhealthorganization.github.io/ddcc/ValueSet/who-ddcc-agent-targeted-covid-19"
        },
        "mapping": [
          {
            "identity": "ddcc-test",
            "map": "Device.property.valueCode"
          }
        ]
      },
      {
        "id": "DDCCCoreDataSet.test.type",
        "path": "DDCCCoreDataSet.test.type",
        "short": "Type of test",
        "definition": "Name of the type of test that was conducted e.g. NAAT.",
        "min": 1,
        "max": "1",
        "type": [
          {
            "code": "Coding"
          }
        ],
        "isSummary": true,
        "binding": {
          "strength": "preferred",
          "valueSet": "http://worldhealthorganization.github.io/ddcc/ValueSet/who-ddcc-type-of-test-covid-19"
        },
        "mapping": [
          {
            "identity": "ddcc-observation",
            "map": "Observation.code"
          },
          {
            "identity": "ddcc-test",
            "map": "Device.type"
          },
          {
            "identity": "ddcc-diagnostic-report",
            "map": "DiagnosticReport.code"
          }
        ]
      },
      {
        "id": "DDCCCoreDataSet.test.brand",
        "path": "DDCCCoreDataSet.test.brand",
        "short": "Test brand",
        "definition": "The brand or trade name used to refer to the test conducted.",
        "min": 0,
        "max": "1",
        "type": [
          {
            "code": "Coding"
          }
        ],
        "isSummary": true,
        "mapping": [
          {
            "identity": "ddcc-test",
            "map": "Device.property.valueCode"
          }
        ]
      },
      {
        "id": "DDCCCoreDataSet.test.manufacturer",
        "path": "DDCCCoreDataSet.test.manufacturer",
        "short": "Test manufacturer",
        "definition": "Name of the manufacturer of the test conducted.",
        "min": 0,
        "max": "1",
        "type": [
          {
            "code": "Coding"
          }
        ],
        "isSummary": true,
        "mapping": [
          {
            "identity": "ddcc-test",
            "map": "Device.manufacturer"
          }
        ]
      },
      {
        "id": "DDCCCoreDataSet.test.origin",
        "path": "DDCCCoreDataSet.test.origin",
        "short": "Specimen Sample Origin",
        "definition": "The type of sample that was taken  e.g. Nasopharyngeal swab or Saliva specimen.",
        "min": 0,
        "max": "1",
        "type": [
          {
            "code": "Coding"
          }
        ],
        "isSummary": true,
        "binding": {
          "strength": "preferred",
          "valueSet": "http://worldhealthorganization.github.io/ddcc/ValueSet/who-ddcc-sample-origin-covid-19"
        },
        "mapping": [
          {
            "identity": "ddcc-observation",
            "map": "Observation.method"
          },
          {
            "identity": "ddcc-specimen",
            "map": "Specimen.code"
          }
        ]
      },
      {
        "id": "DDCCCoreDataSet.test.date",
        "path": "DDCCCoreDataSet.test.date",
        "short": "Date and time of sample collection",
        "definition": "Date and time when sample was collected.",
        "min": 1,
        "max": "1",
        "type": [
          {
            "code": "dateTime"
          }
        ],
        "isSummary": true,
        "mapping": [
          {
            "identity": "ddcc-observation",
            "map": "Observation.effective"
          },
          {
            "identity": "ddcc-specimen",
            "map": "Specimen.collection.collected"
          },
          {
            "identity": "ddcc-diagnostic-report",
            "map": "DiagnosticReport.effective"
          },
          {
            "identity": "ddcc-procedure",
            "map": "Procedure.performed"
          }
        ]
      },
      {
        "id": "DDCCCoreDataSet.test.result",
        "path": "DDCCCoreDataSet.test.result",
        "short": "Test result",
        "definition": "Detected or Not detected presence of SARS-CoV-2 infection.",
        "min": 0,
        "max": "1",
        "type": [
          {
            "code": "Coding"
          }
        ],
        "binding": {
          "strength": "preferred",
          "valueSet": "http://worldhealthorganization.github.io/ddcc/ValueSet/who-ddcc-test-result-covid-19"
        },
        "mapping": [
          {
            "identity": "ddcc-observation",
            "map": "Observation.value"
          }
        ]
      },
      {
        "id": "DDCCCoreDataSet.test.centre",
        "path": "DDCCCoreDataSet.test.centre",
        "short": "Test centre or facility name",
        "definition": "A codable name or identifier of the facility responsible for conducting the test.",
        "min": 0,
        "max": "1",
        "type": [
          {
            "code": "Coding"
          }
        ],
        "mapping": [
          {
            "identity": "ddcc-procedure",
            "map": "Procedure.location"
          }
        ]
      },
      {
        "id": "DDCCCoreDataSet.test.country",
        "path": "DDCCCoreDataSet.test.country",
        "short": "Test centre country",
        "definition": "The country in which the individual has been tested.",
        "min": 1,
        "max": "1",
        "type": [
          {
            "code": "Coding"
          }
        ],
        "isSummary": true,
        "binding": {
          "strength": "preferred",
          "valueSet": "http://hl7.org/fhir/ValueSet/iso3166-1-3"
        },
        "mapping": [
          {
            "identity": "ddcc-procedure",
            "map": "Procedure.extension[https://worldhealthorganization.github.io/ddcc/StructureDefinition/DDCCCountryOfEvent]"
          }
        ]
      }
    ]
  }
}