{
  "resourceType": "ValueSet",
  "id": "DDCC-Folder-DesignationType",
  "text": {
    "status": "generated",
    "div": "<div xmlns=\"http://www.w3.org/1999/xhtml\"><ul><li>Include all codes defined in <a href=\"CodeSystem-DDCC-Folder-DesignationType.html\"><code>http://worldhealthorganization.github.io/ddcc/CodeSystem/DDCC-Folder-DesignationType</code></a></li></ul></div>"
  },
  "url": "http://worldhealthorganization.github.io/ddcc/ValueSet/DDCC-Folder-DesignationType",
  "version": "0.3.1",
  "name": "DDCC_Folder_DesignationType_ValueSet",
  "title": "DDCC DesignationTypes for Folder",
  "status": "active",
  "date": "2022-01-31T16:29:45+00:00",
  "publisher": "WHO",
  "contact": [
    {
      "name": "WHO",
      "telecom": [
        {
          "system": "url",
          "value": "http://who.int"
        }
      ]
    }
  ],
  "description": "DDCC Designation Types ValueSet for DDCC Folders.",
  "jurisdiction": [
    {
      "coding": [
        {
          "system": "http://unstats.un.org/unsd/methods/m49/m49.htm",
          "code": "001"
        }
      ]
    }
  ],
  "compose": {
    "include": [
      {
        "system": "http://worldhealthorganization.github.io/ddcc/CodeSystem/DDCC-Folder-DesignationType"
      }
    ]
  }
}