"Id","Path","Slice Name","Alias(s)","Label","Min","Max","Must Support?","Is Modifier?","Is Summary?","Type(s)","Short","Definition","Comments","Requirements","Default Value","Meaning When Missing","Fixed Value","Pattern","Example","Minimum Value","Maximum Value","Maximum Length","Binding Strength","Binding Description","Binding Value Set","Code","Slicing Discriminator","Slicing Description","Slicing Ordered","Slicing Rules","Base Path","Base Min","Base Max","Condition(s)","Constraint(s)","Mapping: RIM Mapping"
"CertICAOVDS","CertICAOVDS","","","",0,*,"","","","null {[]} {[]}
","Certificate - ICAO Visible Digital Seal Logical Model","Data elements for the ICAO Visible Digital Seal Core Data Set.","","","","","","","","","",,,,,"",,,,"Base",0,*,"",""
"CertICAOVDS.data","CertICAOVDS.data","","","",0,1,"","","","BackboneElement {[]} {[]}
","Data","Data","","","","","","","","","",,,,,"",,,,"CertICAOVDS.data",0,1,"","ele-1:All FHIR elements must have a @value or children {hasValue() or (children().count() > id.count())}
"
"CertICAOVDS.data.id","CertICAOVDS.data.id","","","",0,1,"","","","string {[]} {[]}
","Unique id for inter-element referencing","Unique id for the element within a resource (for internal references). This may be any string value that does not contain spaces.","","","","","","","","","",,,,,"",,,,"Element.id",0,1,"","","n/a"
"CertICAOVDS.data.extension","CertICAOVDS.data.extension","","extensions
user content","",0,*,"","","","Extension {[]} {[]}
","Additional content defined by implementations","May be used to represent additional information that is not part of the basic definition of the element. To make the use of extensions safe and manageable, there is a strict set of governance  applied to the definition and use of extensions. Though any implementer can define an extension, there is a set of requirements that SHALL be met as part of the definition of the extension.","There can be no stigma associated with the use of extensions by any application, project, or standard - regardless of the institution or jurisdiction that uses or defines the extensions.  The use of extensions is what allows the FHIR specification to retain a core level of simplicity for everyone.","","","","","","","","",,,,,"","value:url}
","Extensions are always sliced by (at least) url",,"open","Element.extension",0,*,"","ele-1:All FHIR elements must have a @value or children {hasValue() or (children().count() > id.count())}
ext-1:Must have either extensions or value[x], not both {extension.exists() != value.exists()}","n/a"
"CertICAOVDS.data.modifierExtension","CertICAOVDS.data.modifierExtension","","extensions
user contentmodifiers","",0,*,"","Y","Y","Extension {[]} {[]}
","Extensions that cannot be ignored even if unrecognized","May be used to represent additional information that is not part of the basic definition of the element and that modifies the understanding of the element in which it is contained and/or the understanding of the containing element's descendants. Usually modifier elements provide negation or qualification. To make the use of extensions safe and manageable, there is a strict set of governance applied to the definition and use of extensions. Though any implementer can define an extension, there is a set of requirements that SHALL be met as part of the definition of the extension. Applications processing a resource are required to check for modifier extensions.

Modifier extensions SHALL NOT change the meaning of any elements on Resource or DomainResource (including cannot change the meaning of modifierExtension itself).","There can be no stigma associated with the use of extensions by any application, project, or standard - regardless of the institution or jurisdiction that uses or defines the extensions.  The use of extensions is what allows the FHIR specification to retain a core level of simplicity for everyone.","Modifier extensions allow for extensions that *cannot* be safely ignored to be clearly distinguished from the vast majority of extensions which can be safely ignored.  This promotes interoperability by eliminating the need for implementers to prohibit the presence of extensions. For further information, see the [definition of modifier extensions](http://hl7.org/fhir/R4/extensibility.html#modifierExtension).","","","","","","","",,,,,"",,,,"BackboneElement.modifierExtension",0,*,"","ele-1:All FHIR elements must have a @value or children {hasValue() or (children().count() > id.count())}
ext-1:Must have either extensions or value[x], not both {extension.exists() != value.exists()}","N/A"
"CertICAOVDS.data.hdr","CertICAOVDS.data.hdr","","","",0,1,"","","","BackboneElement {[]} {[]}
","Header","Header","","","","","","","","","",,,,,"",,,,"CertICAOVDS.data.hdr",0,1,"","ele-1:All FHIR elements must have a @value or children {hasValue() or (children().count() > id.count())}
"
"CertICAOVDS.data.hdr.id","CertICAOVDS.data.hdr.id","","","",0,1,"","","","string {[]} {[]}
","Unique id for inter-element referencing","Unique id for the element within a resource (for internal references). This may be any string value that does not contain spaces.","","","","","","","","","",,,,,"",,,,"Element.id",0,1,"","","n/a"
"CertICAOVDS.data.hdr.extension","CertICAOVDS.data.hdr.extension","","extensions
user content","",0,*,"","","","Extension {[]} {[]}
","Additional content defined by implementations","May be used to represent additional information that is not part of the basic definition of the element. To make the use of extensions safe and manageable, there is a strict set of governance  applied to the definition and use of extensions. Though any implementer can define an extension, there is a set of requirements that SHALL be met as part of the definition of the extension.","There can be no stigma associated with the use of extensions by any application, project, or standard - regardless of the institution or jurisdiction that uses or defines the extensions.  The use of extensions is what allows the FHIR specification to retain a core level of simplicity for everyone.","","","","","","","","",,,,,"","value:url}
","Extensions are always sliced by (at least) url",,"open","Element.extension",0,*,"","ele-1:All FHIR elements must have a @value or children {hasValue() or (children().count() > id.count())}
ext-1:Must have either extensions or value[x], not both {extension.exists() != value.exists()}","n/a"
"CertICAOVDS.data.hdr.modifierExtension","CertICAOVDS.data.hdr.modifierExtension","","extensions
user contentmodifiers","",0,*,"","Y","Y","Extension {[]} {[]}
","Extensions that cannot be ignored even if unrecognized","May be used to represent additional information that is not part of the basic definition of the element and that modifies the understanding of the element in which it is contained and/or the understanding of the containing element's descendants. Usually modifier elements provide negation or qualification. To make the use of extensions safe and manageable, there is a strict set of governance applied to the definition and use of extensions. Though any implementer can define an extension, there is a set of requirements that SHALL be met as part of the definition of the extension. Applications processing a resource are required to check for modifier extensions.

Modifier extensions SHALL NOT change the meaning of any elements on Resource or DomainResource (including cannot change the meaning of modifierExtension itself).","There can be no stigma associated with the use of extensions by any application, project, or standard - regardless of the institution or jurisdiction that uses or defines the extensions.  The use of extensions is what allows the FHIR specification to retain a core level of simplicity for everyone.","Modifier extensions allow for extensions that *cannot* be safely ignored to be clearly distinguished from the vast majority of extensions which can be safely ignored.  This promotes interoperability by eliminating the need for implementers to prohibit the presence of extensions. For further information, see the [definition of modifier extensions](http://hl7.org/fhir/R4/extensibility.html#modifierExtension).","","","","","","","",,,,,"",,,,"BackboneElement.modifierExtension",0,*,"","ele-1:All FHIR elements must have a @value or children {hasValue() or (children().count() > id.count())}
ext-1:Must have either extensions or value[x], not both {extension.exists() != value.exists()}","N/A"
"CertICAOVDS.data.hdr.iss","CertICAOVDS.data.hdr.iss","","","",0,1,"","","","string {[]} {[]}
","Issuer","Issuer","","","","","","","","","",,,,,"",,,,"CertICAOVDS.data.hdr.iss",0,1,"",""
"CertICAOVDS.data.hdr.t","CertICAOVDS.data.hdr.t","","","",0,1,"","","","string {[]} {[]}
","Type: icao.test icao.vacc","Type: icao.test icao.vacc","","","","","","","","","",,,,,"",,,,"CertICAOVDS.data.hdr.t",0,1,"",""
"CertICAOVDS.data.hdr.v","CertICAOVDS.data.hdr.v","","","",0,1,"","","","integer {[]} {[]}
","Version","Version","","","","","","","","","",,,,,"",,,,"CertICAOVDS.data.hdr.v",0,1,"",""
"CertICAOVDS.data.msg","CertICAOVDS.data.msg","","","",0,1,"","","","BackboneElement {[]} {[]}
","Message","Message","","","","","","","","","",,,,,"",,,,"CertICAOVDS.data.msg",0,1,"","ele-1:All FHIR elements must have a @value or children {hasValue() or (children().count() > id.count())}
"
"CertICAOVDS.data.msg.id","CertICAOVDS.data.msg.id","","","",0,1,"","","","string {[]} {[]}
","Unique id for inter-element referencing","Unique id for the element within a resource (for internal references). This may be any string value that does not contain spaces.","","","","","","","","","",,,,,"",,,,"Element.id",0,1,"","","n/a"
"CertICAOVDS.data.msg.extension","CertICAOVDS.data.msg.extension","","extensions
user content","",0,*,"","","","Extension {[]} {[]}
","Additional content defined by implementations","May be used to represent additional information that is not part of the basic definition of the element. To make the use of extensions safe and manageable, there is a strict set of governance  applied to the definition and use of extensions. Though any implementer can define an extension, there is a set of requirements that SHALL be met as part of the definition of the extension.","There can be no stigma associated with the use of extensions by any application, project, or standard - regardless of the institution or jurisdiction that uses or defines the extensions.  The use of extensions is what allows the FHIR specification to retain a core level of simplicity for everyone.","","","","","","","","",,,,,"","value:url}
","Extensions are always sliced by (at least) url",,"open","Element.extension",0,*,"","ele-1:All FHIR elements must have a @value or children {hasValue() or (children().count() > id.count())}
ext-1:Must have either extensions or value[x], not both {extension.exists() != value.exists()}","n/a"
"CertICAOVDS.data.msg.modifierExtension","CertICAOVDS.data.msg.modifierExtension","","extensions
user contentmodifiers","",0,*,"","Y","Y","Extension {[]} {[]}
","Extensions that cannot be ignored even if unrecognized","May be used to represent additional information that is not part of the basic definition of the element and that modifies the understanding of the element in which it is contained and/or the understanding of the containing element's descendants. Usually modifier elements provide negation or qualification. To make the use of extensions safe and manageable, there is a strict set of governance applied to the definition and use of extensions. Though any implementer can define an extension, there is a set of requirements that SHALL be met as part of the definition of the extension. Applications processing a resource are required to check for modifier extensions.

Modifier extensions SHALL NOT change the meaning of any elements on Resource or DomainResource (including cannot change the meaning of modifierExtension itself).","There can be no stigma associated with the use of extensions by any application, project, or standard - regardless of the institution or jurisdiction that uses or defines the extensions.  The use of extensions is what allows the FHIR specification to retain a core level of simplicity for everyone.","Modifier extensions allow for extensions that *cannot* be safely ignored to be clearly distinguished from the vast majority of extensions which can be safely ignored.  This promotes interoperability by eliminating the need for implementers to prohibit the presence of extensions. For further information, see the [definition of modifier extensions](http://hl7.org/fhir/R4/extensibility.html#modifierExtension).","","","","","","","",,,,,"",,,,"BackboneElement.modifierExtension",0,*,"","ele-1:All FHIR elements must have a @value or children {hasValue() or (children().count() > id.count())}
ext-1:Must have either extensions or value[x], not both {extension.exists() != value.exists()}","N/A"
"CertICAOVDS.data.msg.pid","CertICAOVDS.data.msg.pid","","","",0,1,"","","","BackboneElement {[]} {[]}
","Patient","Patient","","","","","","","","","",,,,,"",,,,"CertICAOVDS.data.msg.pid",0,1,"","ele-1:All FHIR elements must have a @value or children {hasValue() or (children().count() > id.count())}
"
"CertICAOVDS.data.msg.pid.id","CertICAOVDS.data.msg.pid.id","","","",0,1,"","","","string {[]} {[]}
","Unique id for inter-element referencing","Unique id for the element within a resource (for internal references). This may be any string value that does not contain spaces.","","","","","","","","","",,,,,"",,,,"Element.id",0,1,"","","n/a"
"CertICAOVDS.data.msg.pid.extension","CertICAOVDS.data.msg.pid.extension","","extensions
user content","",0,*,"","","","Extension {[]} {[]}
","Additional content defined by implementations","May be used to represent additional information that is not part of the basic definition of the element. To make the use of extensions safe and manageable, there is a strict set of governance  applied to the definition and use of extensions. Though any implementer can define an extension, there is a set of requirements that SHALL be met as part of the definition of the extension.","There can be no stigma associated with the use of extensions by any application, project, or standard - regardless of the institution or jurisdiction that uses or defines the extensions.  The use of extensions is what allows the FHIR specification to retain a core level of simplicity for everyone.","","","","","","","","",,,,,"","value:url}
","Extensions are always sliced by (at least) url",,"open","Element.extension",0,*,"","ele-1:All FHIR elements must have a @value or children {hasValue() or (children().count() > id.count())}
ext-1:Must have either extensions or value[x], not both {extension.exists() != value.exists()}","n/a"
"CertICAOVDS.data.msg.pid.modifierExtension","CertICAOVDS.data.msg.pid.modifierExtension","","extensions
user contentmodifiers","",0,*,"","Y","Y","Extension {[]} {[]}
","Extensions that cannot be ignored even if unrecognized","May be used to represent additional information that is not part of the basic definition of the element and that modifies the understanding of the element in which it is contained and/or the understanding of the containing element's descendants. Usually modifier elements provide negation or qualification. To make the use of extensions safe and manageable, there is a strict set of governance applied to the definition and use of extensions. Though any implementer can define an extension, there is a set of requirements that SHALL be met as part of the definition of the extension. Applications processing a resource are required to check for modifier extensions.

Modifier extensions SHALL NOT change the meaning of any elements on Resource or DomainResource (including cannot change the meaning of modifierExtension itself).","There can be no stigma associated with the use of extensions by any application, project, or standard - regardless of the institution or jurisdiction that uses or defines the extensions.  The use of extensions is what allows the FHIR specification to retain a core level of simplicity for everyone.","Modifier extensions allow for extensions that *cannot* be safely ignored to be clearly distinguished from the vast majority of extensions which can be safely ignored.  This promotes interoperability by eliminating the need for implementers to prohibit the presence of extensions. For further information, see the [definition of modifier extensions](http://hl7.org/fhir/R4/extensibility.html#modifierExtension).","","","","","","","",,,,,"",,,,"BackboneElement.modifierExtension",0,*,"","ele-1:All FHIR elements must have a @value or children {hasValue() or (children().count() > id.count())}
ext-1:Must have either extensions or value[x], not both {extension.exists() != value.exists()}","N/A"
"CertICAOVDS.data.msg.pid.dob","CertICAOVDS.data.msg.pid.dob","","","",0,1,"","","","dateTime {[]} {[]}
","Date of Birth","Date of Birth","","","","","","","","","",,,,,"",,,,"CertICAOVDS.data.msg.pid.dob",0,1,"",""
"CertICAOVDS.data.msg.pid.i","CertICAOVDS.data.msg.pid.i","","","",0,1,"","","","string {[]} {[]}
","Identifier (Passport Number, etc)","Identifier (Passport Number, etc)","","","","","","","","","",,,,,"",,,,"CertICAOVDS.data.msg.pid.i",0,1,"",""
"CertICAOVDS.data.msg.pid.n","CertICAOVDS.data.msg.pid.n","","","",0,1,"","","","string {[]} {[]}
","Name","Name","","","","","","","","","",,,,,"",,,,"CertICAOVDS.data.msg.pid.n",0,1,"",""
"CertICAOVDS.data.msg.pid.sex","CertICAOVDS.data.msg.pid.sex","","","",0,1,"","","","string {[]} {[]}
","Sex Doc 9303-4 Section 4.1.1.1 – Visual Inspection Zone M or F)","Sex Doc 9303-4 Section 4.1.1.1 – Visual Inspection Zone M or F)","","","","","","","","","",,,,,"",,,,"CertICAOVDS.data.msg.pid.sex",0,1,"",""
"CertICAOVDS.data.msg.pid.dt","CertICAOVDS.data.msg.pid.dt","","","",0,1,"","","","string {[]} {[]}
","Document Type","Used types: P – Passport (Doc 9303-4) A – ID Card (Doc 9303-5) C – ID Card (Doc 9303-5) I – ID Card Doc 9303-5) AC - Crew Member Certificate (Doc 9303-5) V – Visa (Doc 9303-7) D – Driving License (ISO18013-1)","","","","","","","","","",,,,,"",,,,"CertICAOVDS.data.msg.pid.dt",0,1,"",""
"CertICAOVDS.data.msg.pid.dn","CertICAOVDS.data.msg.pid.dn","","","",0,1,"","","","string {[]} {[]}
","Document Number","Document Number","","","","","","","","","",,,,,"",,,,"CertICAOVDS.data.msg.pid.dn",0,1,"",""
"CertICAOVDS.data.msg.pid.ai","CertICAOVDS.data.msg.pid.ai","","","",0,1,"","","","string {[]} {[]}
","Additional Identifier","Additional Identifier","","","","","","","","","",,,,,"",,,,"CertICAOVDS.data.msg.pid.ai",0,1,"",""
"CertICAOVDS.data.msg.uvci","CertICAOVDS.data.msg.uvci","","","",0,1,"","","","string {[]} {[]}
","EU's UVCI identifier","EU's UVCI identifier","","","","","","","","","",,,,,"",,,,"CertICAOVDS.data.msg.uvci",0,1,"",""
"CertICAOVDS.data.msg.ve","CertICAOVDS.data.msg.ve","","","",0,*,"","","","BackboneElement {[]} {[]}
","VaccinationEvent","VaccinationEvent","","","","","","","","","",,,,,"",,,,"CertICAOVDS.data.msg.ve",0,*,"","ele-1:All FHIR elements must have a @value or children {hasValue() or (children().count() > id.count())}
"
"CertICAOVDS.data.msg.ve.id","CertICAOVDS.data.msg.ve.id","","","",0,1,"","","","string {[]} {[]}
","Unique id for inter-element referencing","Unique id for the element within a resource (for internal references). This may be any string value that does not contain spaces.","","","","","","","","","",,,,,"",,,,"Element.id",0,1,"","","n/a"
"CertICAOVDS.data.msg.ve.extension","CertICAOVDS.data.msg.ve.extension","","extensions
user content","",0,*,"","","","Extension {[]} {[]}
","Additional content defined by implementations","May be used to represent additional information that is not part of the basic definition of the element. To make the use of extensions safe and manageable, there is a strict set of governance  applied to the definition and use of extensions. Though any implementer can define an extension, there is a set of requirements that SHALL be met as part of the definition of the extension.","There can be no stigma associated with the use of extensions by any application, project, or standard - regardless of the institution or jurisdiction that uses or defines the extensions.  The use of extensions is what allows the FHIR specification to retain a core level of simplicity for everyone.","","","","","","","","",,,,,"","value:url}
","Extensions are always sliced by (at least) url",,"open","Element.extension",0,*,"","ele-1:All FHIR elements must have a @value or children {hasValue() or (children().count() > id.count())}
ext-1:Must have either extensions or value[x], not both {extension.exists() != value.exists()}","n/a"
"CertICAOVDS.data.msg.ve.modifierExtension","CertICAOVDS.data.msg.ve.modifierExtension","","extensions
user contentmodifiers","",0,*,"","Y","Y","Extension {[]} {[]}
","Extensions that cannot be ignored even if unrecognized","May be used to represent additional information that is not part of the basic definition of the element and that modifies the understanding of the element in which it is contained and/or the understanding of the containing element's descendants. Usually modifier elements provide negation or qualification. To make the use of extensions safe and manageable, there is a strict set of governance applied to the definition and use of extensions. Though any implementer can define an extension, there is a set of requirements that SHALL be met as part of the definition of the extension. Applications processing a resource are required to check for modifier extensions.

Modifier extensions SHALL NOT change the meaning of any elements on Resource or DomainResource (including cannot change the meaning of modifierExtension itself).","There can be no stigma associated with the use of extensions by any application, project, or standard - regardless of the institution or jurisdiction that uses or defines the extensions.  The use of extensions is what allows the FHIR specification to retain a core level of simplicity for everyone.","Modifier extensions allow for extensions that *cannot* be safely ignored to be clearly distinguished from the vast majority of extensions which can be safely ignored.  This promotes interoperability by eliminating the need for implementers to prohibit the presence of extensions. For further information, see the [definition of modifier extensions](http://hl7.org/fhir/R4/extensibility.html#modifierExtension).","","","","","","","",,,,,"",,,,"BackboneElement.modifierExtension",0,*,"","ele-1:All FHIR elements must have a @value or children {hasValue() or (children().count() > id.count())}
ext-1:Must have either extensions or value[x], not both {extension.exists() != value.exists()}","N/A"
"CertICAOVDS.data.msg.ve.des","CertICAOVDS.data.msg.ve.des","","","",0,1,"","","","string {[]} {[]}
","Prophilaxis // (http://id.who.int/icd/entity/164949870)","Prophilaxis // (http://id.who.int/icd/entity/164949870)","","","","","","","","","",,,,,"",,,,"CertICAOVDS.data.msg.ve.des",0,1,"",""
"CertICAOVDS.data.msg.ve.dis","CertICAOVDS.data.msg.ve.dis","","","",0,1,"","","","string {[]} {[]}
","Diesease or Agent Targeted (ICD-11)","Diesease or Agent Targeted (ICD-11)","","","","","","","","","",,,,,"",,,,"CertICAOVDS.data.msg.ve.dis",0,1,"",""
"CertICAOVDS.data.msg.ve.nam","CertICAOVDS.data.msg.ve.nam","","","",0,1,"","","","string {[]} {[]}
","Vaccine Brand","Vaccine Brand","","","","","","","","","",,,,,"",,,,"CertICAOVDS.data.msg.ve.nam",0,1,"",""
"CertICAOVDS.data.msg.ve.vd","CertICAOVDS.data.msg.ve.vd","","","",0,*,"","","","BackboneElement {[]} {[]}
","VaccinationDetails","VaccinationDetails","","","","","","","","","",,,,,"",,,,"CertICAOVDS.data.msg.ve.vd",0,*,"","ele-1:All FHIR elements must have a @value or children {hasValue() or (children().count() > id.count())}
"
"CertICAOVDS.data.msg.ve.vd.id","CertICAOVDS.data.msg.ve.vd.id","","","",0,1,"","","","string {[]} {[]}
","Unique id for inter-element referencing","Unique id for the element within a resource (for internal references). This may be any string value that does not contain spaces.","","","","","","","","","",,,,,"",,,,"Element.id",0,1,"","","n/a"
"CertICAOVDS.data.msg.ve.vd.extension","CertICAOVDS.data.msg.ve.vd.extension","","extensions
user content","",0,*,"","","","Extension {[]} {[]}
","Additional content defined by implementations","May be used to represent additional information that is not part of the basic definition of the element. To make the use of extensions safe and manageable, there is a strict set of governance  applied to the definition and use of extensions. Though any implementer can define an extension, there is a set of requirements that SHALL be met as part of the definition of the extension.","There can be no stigma associated with the use of extensions by any application, project, or standard - regardless of the institution or jurisdiction that uses or defines the extensions.  The use of extensions is what allows the FHIR specification to retain a core level of simplicity for everyone.","","","","","","","","",,,,,"","value:url}
","Extensions are always sliced by (at least) url",,"open","Element.extension",0,*,"","ele-1:All FHIR elements must have a @value or children {hasValue() or (children().count() > id.count())}
ext-1:Must have either extensions or value[x], not both {extension.exists() != value.exists()}","n/a"
"CertICAOVDS.data.msg.ve.vd.modifierExtension","CertICAOVDS.data.msg.ve.vd.modifierExtension","","extensions
user contentmodifiers","",0,*,"","Y","Y","Extension {[]} {[]}
","Extensions that cannot be ignored even if unrecognized","May be used to represent additional information that is not part of the basic definition of the element and that modifies the understanding of the element in which it is contained and/or the understanding of the containing element's descendants. Usually modifier elements provide negation or qualification. To make the use of extensions safe and manageable, there is a strict set of governance applied to the definition and use of extensions. Though any implementer can define an extension, there is a set of requirements that SHALL be met as part of the definition of the extension. Applications processing a resource are required to check for modifier extensions.

Modifier extensions SHALL NOT change the meaning of any elements on Resource or DomainResource (including cannot change the meaning of modifierExtension itself).","There can be no stigma associated with the use of extensions by any application, project, or standard - regardless of the institution or jurisdiction that uses or defines the extensions.  The use of extensions is what allows the FHIR specification to retain a core level of simplicity for everyone.","Modifier extensions allow for extensions that *cannot* be safely ignored to be clearly distinguished from the vast majority of extensions which can be safely ignored.  This promotes interoperability by eliminating the need for implementers to prohibit the presence of extensions. For further information, see the [definition of modifier extensions](http://hl7.org/fhir/R4/extensibility.html#modifierExtension).","","","","","","","",,,,,"",,,,"BackboneElement.modifierExtension",0,*,"","ele-1:All FHIR elements must have a @value or children {hasValue() or (children().count() > id.count())}
ext-1:Must have either extensions or value[x], not both {extension.exists() != value.exists()}","N/A"
"CertICAOVDS.data.msg.ve.vd.adm","CertICAOVDS.data.msg.ve.vd.adm","","","",0,1,"","","","string {[]} {[]}
","Administering Center","Administering Center","","","","","","","","","",,,,,"",,,,"CertICAOVDS.data.msg.ve.vd.adm",0,1,"",""
"CertICAOVDS.data.msg.ve.vd.ctr","CertICAOVDS.data.msg.ve.vd.ctr","","","",0,1,"","","","string {[]} {[]}
","Country AUS","Country AUS","","","","","","","","","",,,,,"",,,,"CertICAOVDS.data.msg.ve.vd.ctr",0,1,"",""
"CertICAOVDS.data.msg.ve.vd.dvc","CertICAOVDS.data.msg.ve.vd.dvc","","","",0,1,"","","","dateTime {[]} {[]}
","Date of Vaccination","Date of Vaccination","","","","","","","","","",,,,,"",,,,"CertICAOVDS.data.msg.ve.vd.dvc",0,1,"",""
"CertICAOVDS.data.msg.ve.vd.lot","CertICAOVDS.data.msg.ve.vd.lot","","","",0,1,"","","","string {[]} {[]}
","Lot #","Lot #","","","","","","","","","",,,,,"",,,,"CertICAOVDS.data.msg.ve.vd.lot",0,1,"",""
"CertICAOVDS.data.msg.ve.vd.seq","CertICAOVDS.data.msg.ve.vd.seq","","","",0,1,"","","","positiveInt {[]} {[]}
","Dose Sequence","Dose Sequence","","","","","","","","","",,,,,"",,,,"CertICAOVDS.data.msg.ve.vd.seq",0,1,"",""
"CertICAOVDS.data.msg.ucti","CertICAOVDS.data.msg.ucti","","","",0,1,"","","","string {[]} {[]}
","EU's UCTI identifier","EU's UCTI identifier","","","","","","","","","",,,,,"",,,,"CertICAOVDS.data.msg.ucti",0,1,"",""
"CertICAOVDS.data.msg.sp","CertICAOVDS.data.msg.sp","","","",0,1,"","","","BackboneElement {[]} {[]}
","ServiceProvider","ServiceProvider","","","","","","","","","",,,,,"",,,,"CertICAOVDS.data.msg.sp",0,1,"","ele-1:All FHIR elements must have a @value or children {hasValue() or (children().count() > id.count())}
"
"CertICAOVDS.data.msg.sp.id","CertICAOVDS.data.msg.sp.id","","","",0,1,"","","","string {[]} {[]}
","Unique id for inter-element referencing","Unique id for the element within a resource (for internal references). This may be any string value that does not contain spaces.","","","","","","","","","",,,,,"",,,,"Element.id",0,1,"","","n/a"
"CertICAOVDS.data.msg.sp.extension","CertICAOVDS.data.msg.sp.extension","","extensions
user content","",0,*,"","","","Extension {[]} {[]}
","Additional content defined by implementations","May be used to represent additional information that is not part of the basic definition of the element. To make the use of extensions safe and manageable, there is a strict set of governance  applied to the definition and use of extensions. Though any implementer can define an extension, there is a set of requirements that SHALL be met as part of the definition of the extension.","There can be no stigma associated with the use of extensions by any application, project, or standard - regardless of the institution or jurisdiction that uses or defines the extensions.  The use of extensions is what allows the FHIR specification to retain a core level of simplicity for everyone.","","","","","","","","",,,,,"","value:url}
","Extensions are always sliced by (at least) url",,"open","Element.extension",0,*,"","ele-1:All FHIR elements must have a @value or children {hasValue() or (children().count() > id.count())}
ext-1:Must have either extensions or value[x], not both {extension.exists() != value.exists()}","n/a"
"CertICAOVDS.data.msg.sp.modifierExtension","CertICAOVDS.data.msg.sp.modifierExtension","","extensions
user contentmodifiers","",0,*,"","Y","Y","Extension {[]} {[]}
","Extensions that cannot be ignored even if unrecognized","May be used to represent additional information that is not part of the basic definition of the element and that modifies the understanding of the element in which it is contained and/or the understanding of the containing element's descendants. Usually modifier elements provide negation or qualification. To make the use of extensions safe and manageable, there is a strict set of governance applied to the definition and use of extensions. Though any implementer can define an extension, there is a set of requirements that SHALL be met as part of the definition of the extension. Applications processing a resource are required to check for modifier extensions.

Modifier extensions SHALL NOT change the meaning of any elements on Resource or DomainResource (including cannot change the meaning of modifierExtension itself).","There can be no stigma associated with the use of extensions by any application, project, or standard - regardless of the institution or jurisdiction that uses or defines the extensions.  The use of extensions is what allows the FHIR specification to retain a core level of simplicity for everyone.","Modifier extensions allow for extensions that *cannot* be safely ignored to be clearly distinguished from the vast majority of extensions which can be safely ignored.  This promotes interoperability by eliminating the need for implementers to prohibit the presence of extensions. For further information, see the [definition of modifier extensions](http://hl7.org/fhir/R4/extensibility.html#modifierExtension).","","","","","","","",,,,,"",,,,"BackboneElement.modifierExtension",0,*,"","ele-1:All FHIR elements must have a @value or children {hasValue() or (children().count() > id.count())}
ext-1:Must have either extensions or value[x], not both {extension.exists() != value.exists()}","N/A"
"CertICAOVDS.data.msg.sp.spn","CertICAOVDS.data.msg.sp.spn","","","",0,1,"","","","string {[]} {[]}
","Name of the Service Provider","Name of the Service Provider","","","","","","","","","",,,,,"",,,,"CertICAOVDS.data.msg.sp.spn",0,1,"",""
"CertICAOVDS.data.msg.sp.ctr","CertICAOVDS.data.msg.sp.ctr","","","",0,1,"","","","string {[]} {[]}
","Country of the Test","Country of the Test","","","","","","","","","",,,,,"",,,,"CertICAOVDS.data.msg.sp.ctr",0,1,"",""
"CertICAOVDS.data.msg.sp.cd","CertICAOVDS.data.msg.sp.cd","","","",0,1,"","","","BackboneElement {[]} {[]}
","Contact","Contact Info","","","","","","","","","",,,,,"",,,,"CertICAOVDS.data.msg.sp.cd",0,1,"","ele-1:All FHIR elements must have a @value or children {hasValue() or (children().count() > id.count())}
"
"CertICAOVDS.data.msg.sp.cd.id","CertICAOVDS.data.msg.sp.cd.id","","","",0,1,"","","","string {[]} {[]}
","Unique id for inter-element referencing","Unique id for the element within a resource (for internal references). This may be any string value that does not contain spaces.","","","","","","","","","",,,,,"",,,,"Element.id",0,1,"","","n/a"
"CertICAOVDS.data.msg.sp.cd.extension","CertICAOVDS.data.msg.sp.cd.extension","","extensions
user content","",0,*,"","","","Extension {[]} {[]}
","Additional content defined by implementations","May be used to represent additional information that is not part of the basic definition of the element. To make the use of extensions safe and manageable, there is a strict set of governance  applied to the definition and use of extensions. Though any implementer can define an extension, there is a set of requirements that SHALL be met as part of the definition of the extension.","There can be no stigma associated with the use of extensions by any application, project, or standard - regardless of the institution or jurisdiction that uses or defines the extensions.  The use of extensions is what allows the FHIR specification to retain a core level of simplicity for everyone.","","","","","","","","",,,,,"","value:url}
","Extensions are always sliced by (at least) url",,"open","Element.extension",0,*,"","ele-1:All FHIR elements must have a @value or children {hasValue() or (children().count() > id.count())}
ext-1:Must have either extensions or value[x], not both {extension.exists() != value.exists()}","n/a"
"CertICAOVDS.data.msg.sp.cd.modifierExtension","CertICAOVDS.data.msg.sp.cd.modifierExtension","","extensions
user contentmodifiers","",0,*,"","Y","Y","Extension {[]} {[]}
","Extensions that cannot be ignored even if unrecognized","May be used to represent additional information that is not part of the basic definition of the element and that modifies the understanding of the element in which it is contained and/or the understanding of the containing element's descendants. Usually modifier elements provide negation or qualification. To make the use of extensions safe and manageable, there is a strict set of governance applied to the definition and use of extensions. Though any implementer can define an extension, there is a set of requirements that SHALL be met as part of the definition of the extension. Applications processing a resource are required to check for modifier extensions.

Modifier extensions SHALL NOT change the meaning of any elements on Resource or DomainResource (including cannot change the meaning of modifierExtension itself).","There can be no stigma associated with the use of extensions by any application, project, or standard - regardless of the institution or jurisdiction that uses or defines the extensions.  The use of extensions is what allows the FHIR specification to retain a core level of simplicity for everyone.","Modifier extensions allow for extensions that *cannot* be safely ignored to be clearly distinguished from the vast majority of extensions which can be safely ignored.  This promotes interoperability by eliminating the need for implementers to prohibit the presence of extensions. For further information, see the [definition of modifier extensions](http://hl7.org/fhir/R4/extensibility.html#modifierExtension).","","","","","","","",,,,,"",,,,"BackboneElement.modifierExtension",0,*,"","ele-1:All FHIR elements must have a @value or children {hasValue() or (children().count() > id.count())}
ext-1:Must have either extensions or value[x], not both {extension.exists() != value.exists()}","N/A"
"CertICAOVDS.data.msg.sp.cd.p","CertICAOVDS.data.msg.sp.cd.p","","","",0,1,"","","","string {[]} {[]}
","phone","phone","","","","","","","","","",,,,,"",,,,"CertICAOVDS.data.msg.sp.cd.p",0,1,"",""
"CertICAOVDS.data.msg.sp.cd.e","CertICAOVDS.data.msg.sp.cd.e","","","",0,1,"","","","string {[]} {[]}
","email","email","","","","","","","","","",,,,,"",,,,"CertICAOVDS.data.msg.sp.cd.e",0,1,"",""
"CertICAOVDS.data.msg.sp.cd.a","CertICAOVDS.data.msg.sp.cd.a","","","",0,1,"","","","string {[]} {[]}
","address","address","","","","","","","","","",,,,,"",,,,"CertICAOVDS.data.msg.sp.cd.a",0,1,"",""
"CertICAOVDS.data.msg.dat","CertICAOVDS.data.msg.dat","","","",0,1,"","","","BackboneElement {[]} {[]}
","DateTimeTestReport","DateTimeTestReport","","","","","","","","","",,,,,"",,,,"CertICAOVDS.data.msg.dat",0,1,"","ele-1:All FHIR elements must have a @value or children {hasValue() or (children().count() > id.count())}
"
"CertICAOVDS.data.msg.dat.id","CertICAOVDS.data.msg.dat.id","","","",0,1,"","","","string {[]} {[]}
","Unique id for inter-element referencing","Unique id for the element within a resource (for internal references). This may be any string value that does not contain spaces.","","","","","","","","","",,,,,"",,,,"Element.id",0,1,"","","n/a"
"CertICAOVDS.data.msg.dat.extension","CertICAOVDS.data.msg.dat.extension","","extensions
user content","",0,*,"","","","Extension {[]} {[]}
","Additional content defined by implementations","May be used to represent additional information that is not part of the basic definition of the element. To make the use of extensions safe and manageable, there is a strict set of governance  applied to the definition and use of extensions. Though any implementer can define an extension, there is a set of requirements that SHALL be met as part of the definition of the extension.","There can be no stigma associated with the use of extensions by any application, project, or standard - regardless of the institution or jurisdiction that uses or defines the extensions.  The use of extensions is what allows the FHIR specification to retain a core level of simplicity for everyone.","","","","","","","","",,,,,"","value:url}
","Extensions are always sliced by (at least) url",,"open","Element.extension",0,*,"","ele-1:All FHIR elements must have a @value or children {hasValue() or (children().count() > id.count())}
ext-1:Must have either extensions or value[x], not both {extension.exists() != value.exists()}","n/a"
"CertICAOVDS.data.msg.dat.modifierExtension","CertICAOVDS.data.msg.dat.modifierExtension","","extensions
user contentmodifiers","",0,*,"","Y","Y","Extension {[]} {[]}
","Extensions that cannot be ignored even if unrecognized","May be used to represent additional information that is not part of the basic definition of the element and that modifies the understanding of the element in which it is contained and/or the understanding of the containing element's descendants. Usually modifier elements provide negation or qualification. To make the use of extensions safe and manageable, there is a strict set of governance applied to the definition and use of extensions. Though any implementer can define an extension, there is a set of requirements that SHALL be met as part of the definition of the extension. Applications processing a resource are required to check for modifier extensions.

Modifier extensions SHALL NOT change the meaning of any elements on Resource or DomainResource (including cannot change the meaning of modifierExtension itself).","There can be no stigma associated with the use of extensions by any application, project, or standard - regardless of the institution or jurisdiction that uses or defines the extensions.  The use of extensions is what allows the FHIR specification to retain a core level of simplicity for everyone.","Modifier extensions allow for extensions that *cannot* be safely ignored to be clearly distinguished from the vast majority of extensions which can be safely ignored.  This promotes interoperability by eliminating the need for implementers to prohibit the presence of extensions. For further information, see the [definition of modifier extensions](http://hl7.org/fhir/R4/extensibility.html#modifierExtension).","","","","","","","",,,,,"",,,,"BackboneElement.modifierExtension",0,*,"","ele-1:All FHIR elements must have a @value or children {hasValue() or (children().count() > id.count())}
ext-1:Must have either extensions or value[x], not both {extension.exists() != value.exists()}","N/A"
"CertICAOVDS.data.msg.dat.sc","CertICAOVDS.data.msg.dat.sc","","","",0,1,"","","","string {[]} {[]}
","Specimen Collection Time","Specimen Collection Time","","","","","","","","","",,,,,"",,,,"CertICAOVDS.data.msg.dat.sc",0,1,"",""
"CertICAOVDS.data.msg.dat.ri","CertICAOVDS.data.msg.dat.ri","","","",0,1,"","","","string {[]} {[]}
","Report Issuance Time","Report Issuance Time","","","","","","","","","",,,,,"",,,,"CertICAOVDS.data.msg.dat.ri",0,1,"",""
"CertICAOVDS.data.msg.tr","CertICAOVDS.data.msg.tr","","","",0,1,"","","","BackboneElement {[]} {[]}
","TestResult","TestResult","","","","","","","","","",,,,,"",,,,"CertICAOVDS.data.msg.tr",0,1,"","ele-1:All FHIR elements must have a @value or children {hasValue() or (children().count() > id.count())}
"
"CertICAOVDS.data.msg.tr.id","CertICAOVDS.data.msg.tr.id","","","",0,1,"","","","string {[]} {[]}
","Unique id for inter-element referencing","Unique id for the element within a resource (for internal references). This may be any string value that does not contain spaces.","","","","","","","","","",,,,,"",,,,"Element.id",0,1,"","","n/a"
"CertICAOVDS.data.msg.tr.extension","CertICAOVDS.data.msg.tr.extension","","extensions
user content","",0,*,"","","","Extension {[]} {[]}
","Additional content defined by implementations","May be used to represent additional information that is not part of the basic definition of the element. To make the use of extensions safe and manageable, there is a strict set of governance  applied to the definition and use of extensions. Though any implementer can define an extension, there is a set of requirements that SHALL be met as part of the definition of the extension.","There can be no stigma associated with the use of extensions by any application, project, or standard - regardless of the institution or jurisdiction that uses or defines the extensions.  The use of extensions is what allows the FHIR specification to retain a core level of simplicity for everyone.","","","","","","","","",,,,,"","value:url}
","Extensions are always sliced by (at least) url",,"open","Element.extension",0,*,"","ele-1:All FHIR elements must have a @value or children {hasValue() or (children().count() > id.count())}
ext-1:Must have either extensions or value[x], not both {extension.exists() != value.exists()}","n/a"
"CertICAOVDS.data.msg.tr.modifierExtension","CertICAOVDS.data.msg.tr.modifierExtension","","extensions
user contentmodifiers","",0,*,"","Y","Y","Extension {[]} {[]}
","Extensions that cannot be ignored even if unrecognized","May be used to represent additional information that is not part of the basic definition of the element and that modifies the understanding of the element in which it is contained and/or the understanding of the containing element's descendants. Usually modifier elements provide negation or qualification. To make the use of extensions safe and manageable, there is a strict set of governance applied to the definition and use of extensions. Though any implementer can define an extension, there is a set of requirements that SHALL be met as part of the definition of the extension. Applications processing a resource are required to check for modifier extensions.

Modifier extensions SHALL NOT change the meaning of any elements on Resource or DomainResource (including cannot change the meaning of modifierExtension itself).","There can be no stigma associated with the use of extensions by any application, project, or standard - regardless of the institution or jurisdiction that uses or defines the extensions.  The use of extensions is what allows the FHIR specification to retain a core level of simplicity for everyone.","Modifier extensions allow for extensions that *cannot* be safely ignored to be clearly distinguished from the vast majority of extensions which can be safely ignored.  This promotes interoperability by eliminating the need for implementers to prohibit the presence of extensions. For further information, see the [definition of modifier extensions](http://hl7.org/fhir/R4/extensibility.html#modifierExtension).","","","","","","","",,,,,"",,,,"BackboneElement.modifierExtension",0,*,"","ele-1:All FHIR elements must have a @value or children {hasValue() or (children().count() > id.count())}
ext-1:Must have either extensions or value[x], not both {extension.exists() != value.exists()}","N/A"
"CertICAOVDS.data.msg.tr.tc","CertICAOVDS.data.msg.tr.tc","","","",0,1,"","","","string {[]} {[]}
","Test Type (molecular(PCR) molecular(other) antigen antibody)","Test Type (molecular(PCR) molecular(other) antigen antibody)","","","","","","","","","",,,,,"",,,,"CertICAOVDS.data.msg.tr.tc",0,1,"",""
"CertICAOVDS.data.msg.tr.r","CertICAOVDS.data.msg.tr.r","","","",0,1,"","","","string {[]} {[]}
","Results (positive negative normal abnormal","Results (positive negative normal abnormal","","","","","","","","","",,,,,"",,,,"CertICAOVDS.data.msg.tr.r",0,1,"",""
"CertICAOVDS.data.msg.tr.m","CertICAOVDS.data.msg.tr.m","","","",0,1,"","","","string {[]} {[]}
","Sampling Method nasopharyngeal oropharyngeal saliva blood other","Sampling Method nasopharyngeal oropharyngeal saliva blood other","","","","","","","","","",,,,,"",,,,"CertICAOVDS.data.msg.tr.m",0,1,"",""
"CertICAOVDS.data.msg.opt","CertICAOVDS.data.msg.opt","","","",0,1,"","","","string {[]} {[]}
","Optional DataField","Optional DataField","","","","","","","","","",,,,,"",,,,"CertICAOVDS.data.msg.opt",0,1,"",""
"CertICAOVDS.sig","CertICAOVDS.sig","","","",0,1,"","","","BackboneElement {[]} {[]}
","Signature","Signature","","","","","","","","","",,,,,"",,,,"CertICAOVDS.sig",0,1,"","ele-1:All FHIR elements must have a @value or children {hasValue() or (children().count() > id.count())}
"
"CertICAOVDS.sig.id","CertICAOVDS.sig.id","","","",0,1,"","","","string {[]} {[]}
","Unique id for inter-element referencing","Unique id for the element within a resource (for internal references). This may be any string value that does not contain spaces.","","","","","","","","","",,,,,"",,,,"Element.id",0,1,"","","n/a"
"CertICAOVDS.sig.extension","CertICAOVDS.sig.extension","","extensions
user content","",0,*,"","","","Extension {[]} {[]}
","Additional content defined by implementations","May be used to represent additional information that is not part of the basic definition of the element. To make the use of extensions safe and manageable, there is a strict set of governance  applied to the definition and use of extensions. Though any implementer can define an extension, there is a set of requirements that SHALL be met as part of the definition of the extension.","There can be no stigma associated with the use of extensions by any application, project, or standard - regardless of the institution or jurisdiction that uses or defines the extensions.  The use of extensions is what allows the FHIR specification to retain a core level of simplicity for everyone.","","","","","","","","",,,,,"","value:url}
","Extensions are always sliced by (at least) url",,"open","Element.extension",0,*,"","ele-1:All FHIR elements must have a @value or children {hasValue() or (children().count() > id.count())}
ext-1:Must have either extensions or value[x], not both {extension.exists() != value.exists()}","n/a"
"CertICAOVDS.sig.modifierExtension","CertICAOVDS.sig.modifierExtension","","extensions
user contentmodifiers","",0,*,"","Y","Y","Extension {[]} {[]}
","Extensions that cannot be ignored even if unrecognized","May be used to represent additional information that is not part of the basic definition of the element and that modifies the understanding of the element in which it is contained and/or the understanding of the containing element's descendants. Usually modifier elements provide negation or qualification. To make the use of extensions safe and manageable, there is a strict set of governance applied to the definition and use of extensions. Though any implementer can define an extension, there is a set of requirements that SHALL be met as part of the definition of the extension. Applications processing a resource are required to check for modifier extensions.

Modifier extensions SHALL NOT change the meaning of any elements on Resource or DomainResource (including cannot change the meaning of modifierExtension itself).","There can be no stigma associated with the use of extensions by any application, project, or standard - regardless of the institution or jurisdiction that uses or defines the extensions.  The use of extensions is what allows the FHIR specification to retain a core level of simplicity for everyone.","Modifier extensions allow for extensions that *cannot* be safely ignored to be clearly distinguished from the vast majority of extensions which can be safely ignored.  This promotes interoperability by eliminating the need for implementers to prohibit the presence of extensions. For further information, see the [definition of modifier extensions](http://hl7.org/fhir/R4/extensibility.html#modifierExtension).","","","","","","","",,,,,"",,,,"BackboneElement.modifierExtension",0,*,"","ele-1:All FHIR elements must have a @value or children {hasValue() or (children().count() > id.count())}
ext-1:Must have either extensions or value[x], not both {extension.exists() != value.exists()}","N/A"
"CertICAOVDS.sig.alg","CertICAOVDS.sig.alg","","","",0,1,"","","","string {[]} {[]}
","Algorithm","Algorithm","","","","","","","","","",,,,,"",,,,"CertICAOVDS.sig.alg",0,1,"",""
"CertICAOVDS.sig.cer","CertICAOVDS.sig.cer","","","",0,1,"","","","string {[]} {[]}
","Certificate in PEM format","Certificate in PEM format","","","","","","","","","",,,,,"",,,,"CertICAOVDS.sig.cer",0,1,"",""
"CertICAOVDS.sig.sigvl","CertICAOVDS.sig.sigvl","","","",0,1,"","","","string {[]} {[]}
","Signature as Base64url","Signature as Base64url","","","","","","","","","",,,,,"",,,,"CertICAOVDS.sig.sigvl",0,1,"",""
